2026/09/22 05:04:29.030, 1844380, GPU-833bd1d4-962a-a2a9-e8ee-3f18887d8a40, 69848 MiB
2026/09/22 05:04:29.030, 1852943, GPU-833bd1d4-962a-a2a9-e8ee-3f18887d8a40, 4728 MiB
2026/09/22 05:04:29.032, 902823, GPU-5014660a-ded1-5f90-339b-0e5f9738f416, 774 MiB
2026/09/22 05:04:29.032, 917655, GPU-5014660a-ded1-5f90-339b-0e5f9738f416, 75012 MiB
2026/09/22 05:04:29.033, 1844382, GPU-d70c11ba-69d2-8984-e060-d1284dbbf2e3, 69848 MiB
2026/09/22 05:04:29.033, 1852943, GPU-d70c11ba-69d2-8984-e060-d1284dbbf2e3, 4728 MiB
2026/09/22 05:04:29.035, 1976855, GPU-eb2cffac-d74f-77dc-0221-1955eae16c6a, 36130 MiB
2026/09/22 05:04:29.035, 1981255, GPU-eb2cffac-d74f-77dc-0221-1955eae16c6a, 26200 MiB
2026/09/22 05:04:29.036, 137936, GPU-ae2bc357-9c9d-ff3d-c235-bf7e8de8e94c, 1278 MiB
2026/09/22 05:04:29.036, 137983, GPU-ae2bc357-9c9d-ff3d-c235-bf7e8de8e94c, 938 MiB
2026/09/22 05:04:29.036, 138213, GPU-ae2bc357-9c9d-ff3d-c235-bf7e8de8e94c, 938 MiB
2026/09/22 05:04:29.036, 138331, GPU-ae2bc357-9c9d-ff3d-c235-bf7e8de8e94c, 938 MiB
2026/09/22 05:04:29.036, 138526, GPU-ae2bc357-9c9d-ff3d-c235-bf7e8de8e94c, 938 MiB
2026/09/22 05:04:29.036, 138832, GPU-ae2bc357-9c9d-ff3d-c235-bf7e8de8e94c, 1306 MiB
2026/09/22 05:04:29.036, 1827563, GPU-ae2bc357-9c9d-ff3d-c235-bf7e8de8e94c, 1306 MiB
2026/09/22 05:04:29.036, 1827662, GPU-ae2bc357-9c9d-ff3d-c235-bf7e8de8e94c, 1306 MiB
2026/09/22 05:04:29.037, 907585, GPU-eeb7d960-135d-5f5e-859f-f7f5efb7136d, 774 MiB
2026/09/22 05:04:29.037, 987850, GPU-eeb7d960-135d-5f5e-859f-f7f5efb7136d, 73700 MiB
2026/09/22 05:04:29.038, 1209359, GPU-d6d9222c-9b57-3843-4d93-d2a40b30ad2b, 49386 MiB
2026/09/22 05:04:29.038, 3484988, GPU-c19b526a-dfb9-68a7-ae04-b68c870482af, 1306 MiB
2026/09/22 05:04:29.038, 3485486, GPU-c19b526a-dfb9-68a7-ae04-b68c870482af, 1306 MiB
2026/09/22 05:04:29.038, 1981187, GPU-c19b526a-dfb9-68a7-ae04-b68c870482af, 1306 MiB
2026/09/22 05:04:29.038, 1981575, GPU-c19b526a-dfb9-68a7-ae04-b68c870482af, 1278 MiB
2026/09/22 05:04:30.039, 1844380, GPU-833bd1d4-962a-a2a9-e8ee-3f18887d8a40, 69848 MiB
2026/09/22 05:04:30.039, 1852943, GPU-833bd1d4-962a-a2a9-e8ee-3f18887d8a40, 4728 MiB
2026/09/22 05:04:30.041, 902823, GPU-5014660a-ded1-5f90-339b-0e5f9738f416, 774 MiB
2026/09/22 05:04:30.041, 917655, GPU-5014660a-ded1-5f90-339b-0e5f9738f416, 75012 MiB
2026/09/22 05:04:30.042, 1844382, GPU-d70c11ba-69d2-8984-e060-d1284dbbf2e3, 69848 MiB
2026/09/22 05:04:30.042, 1852943, GPU-d70c11ba-69d2-8984-e060-d1284dbbf2e3, 4728 MiB
2026/09/22 05:04:30.042, 1976855, GPU-eb2cffac-d74f-77dc-0221-1955eae16c6a, 36130 MiB
2026/09/22 05:04:30.042, 1981255, GPU-eb2cffac-d74f-77dc-0221-1955eae16c6a, 26234 MiB
2026/09/22 05:04:30.043, 137936, GPU-ae2bc357-9c9d-ff3d-c235-bf7e8de8e94c, 1278 MiB
2026/09/22 05:04:30.043, 137983, GPU-ae2bc357-9c9d-ff3d-c235-bf7e8de8e94c, 938 MiB
2026/09/22 05:04:30.043, 138213, GPU-ae2bc357-9c9d-ff3d-c235-bf7e8de8e94c, 938 MiB
2026/09/22 05:04:30.043, 138331, GPU-ae2bc357-9c9d-ff3d-c235-bf7e8de8e94c, 938 MiB
2026/09/22 05:04:30.043, 138526, GPU-ae2bc357-9c9d-ff3d-c235-bf7e8de8e94c, 938 MiB
2026/09/22 05:04:30.043, 138832, GPU-ae2bc357-9c9d-ff3d-c235-bf7e8de8e94c, 1306 MiB
2026/09/22 05:04:30.043, 1827563, GPU-ae2bc357-9c9d-ff3d-c235-bf7e8de8e94c, 1306 MiB
2026/09/22 05:04:30.043, 1827662, GPU-ae2bc357-9c9d-ff3d-c235-bf7e8de8e94c, 1306 MiB
2026/09/22 05:04:30.044, 907585, GPU-eeb7d960-135d-5f5e-859f-f7f5efb7136d, 774 MiB
2026/09/22 05:04:30.044, 987850, GPU-eeb7d960-135d-5f5e-859f-f7f5efb7136d, 73700 MiB
2026/09/22 05:04:30.045, 1209359, GPU-d6d9222c-9b57-3843-4d93-d2a40b30ad2b, 49386 MiB
2026/09/22 05:04:30.045, 3484988, GPU-c19b526a-dfb9-68a7-ae04-b68c870482af, 1306 MiB
2026/09/22 05:04:30.045, 3485486, GPU-c19b526a-dfb9-68a7-ae04-b68c870482af, 1306 MiB
2026/09/22 05:04:30.045, 1981187, GPU-c19b526a-dfb9-68a7-ae04-b68c870482af, 1306 MiB
2026/09/22 05:04:30.045, 1981575, GPU-c19b526a-dfb9-68a7-ae04-b68c870482af, 1278 MiB
2026/09/22 05:04:31.046, 1844380, GPU-833bd1d4-962a-a2a9-e8ee-3f18887d8a40, 69848 MiB
2026/09/22 05:04:31.046, 1852943, GPU-833bd1d4-962a-a2a9-e8ee-3f18887d8a40, 4728 MiB
2026/09/22 05:04:31.048, 902823, GPU-5014660a-ded1-5f90-339b-0e5f9738f416, 774 MiB
2026/09/22 05:04:31.048, 917655, GPU-5014660a-ded1-5f90-339b-0e5f9738f416, 75012 MiB
2026/09/22 05:04:31.049, 1844382, GPU-d70c11ba-69d2-8984-e060-d1284dbbf2e3, 69848 MiB
2026/09/22 05:04:31.049, 1852943, GPU-d70c11ba-69d2-8984-e060-d1284dbbf2e3, 4728 MiB
2026/09/22 05:04:31.049, 1976855, GPU-eb2cffac-d74f-77dc-0221-1955eae16c6a, 36130 MiB
2026/09/22 05:04:31.049, 1981255, GPU-eb2cffac-d74f-77dc-0221-1955eae16c6a, 26320 MiB
2026/09/22 05:04:31.051, 137936, GPU-ae2bc357-9c9d-ff3d-c235-bf7e8de8e94c, 1278 MiB
2026/09/22 05:04:31.051, 137983, GPU-ae2bc357-9c9d-ff3d-c235-bf7e8de8e94c, 938 MiB
2026/09/22 05:04:31.051, 138213, GPU-ae2bc357-9c9d-ff3d-c235-bf7e8de8e94c, 938 MiB
2026/09/22 05:04:31.051, 138331, GPU-ae2bc357-9c9d-ff3d-c235-bf7e8de8e94c, 938 MiB
2026/09/22 05:04:31.051, 138526, GPU-ae2bc357-9c9d-ff3d-c235-bf7e8de8e94c, 938 MiB
2026/09/22 05:04:31.051, 138832, GPU-ae2bc357-9c9d-ff3d-c235-bf7e8de8e94c, 1306 MiB
2026/09/22 05:04:31.051, 1827563, GPU-ae2bc357-9c9d-ff3d-c235-bf7e8de8e94c, 1306 MiB
2026/09/22 05:04:31.051, 1827662, GPU-ae2bc357-9c9d-ff3d-c235-bf7e8de8e94c, 1306 MiB
2026/09/22 05:04:31.052, 907585, GPU-eeb7d960-135d-5f5e-859f-f7f5efb7136d, 774 MiB
2026/09/22 05:04:31.052, 987850, GPU-eeb7d960-135d-5f5e-859f-f7f5efb7136d, 73700 MiB
2026/09/22 05:04:31.052, 1209359, GPU-d6d9222c-9b57-3843-4d93-d2a40b30ad2b, 49386 MiB
2026/09/22 05:04:31.053, 3484988, GPU-c19b526a-dfb9-68a7-ae04-b68c870482af, 1306 MiB
2026/09/22 05:04:31.053, 3485486, GPU-c19b526a-dfb9-68a7-ae04-b68c870482af, 1306 MiB
2026/09/22 05:04:31.053, 1981187, GPU-c19b526a-dfb9-68a7-ae04-b68c870482af, 1306 MiB
2026/09/22 05:04:31.053, 1981575, GPU-c19b526a-dfb9-68a7-ae04-b68c870482af, 1278 MiB
2026/09/22 05:04:32.053, 1844380, GPU-833bd1d4-962a-a2a9-e8ee-3f18887d8a40, 69848 MiB
2026/09/22 05:04:32.053, 1852943, GPU-833bd1d4-962a-a2a9-e8ee-3f18887d8a40, 4728 MiB
2026/09/22 05:04:32.055, 902823, GPU-5014660a-ded1-5f90-339b-0e5f9738f416, 774 MiB
2026/09/22 05:04:32.055, 917655, GPU-5014660a-ded1-5f90-339b-0e5f9738f416, 75012 MiB
2026/09/22 05:04:32.055, 1844382, GPU-d70c11ba-69d2-8984-e060-d1284dbbf2e3, 69848 MiB
2026/09/22 05:04:32.055, 1852943, GPU-d70c11ba-69d2-8984-e060-d1284dbbf2e3, 4728 MiB
2026/09/22 05:04:32.056, 1976855, GPU-eb2cffac-d74f-77dc-0221-1955eae16c6a, 36130 MiB
2026/09/22 05:04:32.056, 1981255, GPU-eb2cffac-d74f-77dc-0221-1955eae16c6a, 26620 MiB
2026/09/22 05:04:32.057, 137936, GPU-ae2bc357-9c9d-ff3d-c235-bf7e8de8e94c, 1278 MiB
2026/09/22 05:04:32.057, 137983, GPU-ae2bc357-9c9d-ff3d-c235-bf7e8de8e94c, 938 MiB
2026/09/22 05:04:32.057, 138213, GPU-ae2bc357-9c9d-ff3d-c235-bf7e8de8e94c, 938 MiB
2026/09/22 05:04:32.057, 138331, GPU-ae2bc357-9c9d-ff3d-c235-bf7e8de8e94c, 938 MiB
2026/09/22 05:04:32.057, 138526, GPU-ae2bc357-9c9d-ff3d-c235-bf7e8de8e94c, 938 MiB
2026/09/22 05:04:32.057, 138832, GPU-ae2bc357-9c9d-ff3d-c235-bf7e8de8e94c, 1306 MiB
2026/09/22 05:04:32.057, 1827563, GPU-ae2bc357-9c9d-ff3d-c235-bf7e8de8e94c, 1306 MiB
2026/09/22 05:04:32.057, 1827662, GPU-ae2bc357-9c9d-ff3d-c235-bf7e8de8e94c, 1306 MiB
2026/09/22 05:04:32.058, 907585, GPU-eeb7d960-135d-5f5e-859f-f7f5efb7136d, 774 MiB
2026/09/22 05:04:32.058, 987850, GPU-eeb7d960-135d-5f5e-859f-f7f5efb7136d, 73700 MiB
2026/09/22 05:04:32.059, 1209359, GPU-d6d9222c-9b57-3843-4d93-d2a40b30ad2b, 49386 MiB
2026/09/22 05:04:32.060, 3484988, GPU-c19b526a-dfb9-68a7-ae04-b68c870482af, 1306 MiB
2026/09/22 05:04:32.060, 3485486, GPU-c19b526a-dfb9-68a7-ae04-b68c870482af, 1306 MiB
2026/09/22 05:04:32.060, 1981187, GPU-c19b526a-dfb9-68a7-ae04-b68c870482af, 1306 MiB
2026/09/22 05:04:32.060, 1981575, GPU-c19b526a-dfb9-68a7-ae04-b68c870482af, 1278 MiB
2026/09/22 05:04:33.060, 1844380, GPU-833bd1d4-962a-a2a9-e8ee-3f18887d8a40, 69848 MiB
2026/09/22 05:04:33.060, 1852943, GPU-833bd1d4-962a-a2a9-e8ee-3f18887d8a40, 4728 MiB
2026/09/22 05:04:33.062, 902823, GPU-5014660a-ded1-5f90-339b-0e5f9738f416, 774 MiB
2026/09/22 05:04:33.062, 917655, GPU-5014660a-ded1-5f90-339b-0e5f9738f416, 75012 MiB
2026/09/22 05:04:33.063, 1844382, GPU-d70c11ba-69d2-8984-e060-d1284dbbf2e3, 69848 MiB
2026/09/22 05:04:33.063, 1852943, GPU-d70c11ba-69d2-8984-e060-d1284dbbf2e3, 4728 MiB
2026/09/22 05:04:33.064, 1976855, GPU-eb2cffac-d74f-77dc-0221-1955eae16c6a, 36130 MiB
2026/09/22 05:04:33.064, 1981255, GPU-eb2cffac-d74f-77dc-0221-1955eae16c6a, 26620 MiB
2026/09/22 05:04:33.065, 137936, GPU-ae2bc357-9c9d-ff3d-c235-bf7e8de8e94c, 1278 MiB
2026/09/22 05:04:33.065, 137983, GPU-ae2bc357-9c9d-ff3d-c235-bf7e8de8e94c, 938 MiB
2026/09/22 05:04:33.065, 138213, GPU-ae2bc357-9c9d-ff3d-c235-bf7e8de8e94c, 938 MiB
2026/09/22 05:04:33.065, 138331, GPU-ae2bc357-9c9d-ff3d-c235-bf7e8de8e94c, 938 MiB
2026/09/22 05:04:33.065, 138526, GPU-ae2bc357-9c9d-ff3d-c235-bf7e8de8e94c, 938 MiB
2026/09/22 05:04:33.065, 138832, GPU-ae2bc357-9c9d-ff3d-c235-bf7e8de8e94c, 1306 MiB
2026/09/22 05:04:33.065, 1827563, GPU-ae2bc357-9c9d-ff3d-c235-bf7e8de8e94c, 1306 MiB
2026/09/22 05:04:33.065, 1827662, GPU-ae2bc357-9c9d-ff3d-c235-bf7e8de8e94c, 1306 MiB
2026/09/22 05:04:33.067, 907585, GPU-eeb7d960-135d-5f5e-859f-f7f5efb7136d, 774 MiB
2026/09/22 05:04:33.067, 987850, GPU-eeb7d960-135d-5f5e-859f-f7f5efb7136d, 73700 MiB
2026/09/22 05:04:33.067, 1209359, GPU-d6d9222c-9b57-3843-4d93-d2a40b30ad2b, 49386 MiB
2026/09/22 05:04:33.068, 3484988, GPU-c19b526a-dfb9-68a7-ae04-b68c870482af, 1306 MiB
2026/09/22 05:04:33.068, 3485486, GPU-c19b526a-dfb9-68a7-ae04-b68c870482af, 1306 MiB
2026/09/22 05:04:33.068, 1981187, GPU-c19b526a-dfb9-68a7-ae04-b68c870482af, 1306 MiB
2026/09/22 05:04:33.068, 1981575, GPU-c19b526a-dfb9-68a7-ae04-b68c870482af, 1278 MiB
2026/09/22 05:04:34.069, 1844380, GPU-833bd1d4-962a-a2a9-e8ee-3f18887d8a40, 69848 MiB
2026/09/22 05:04:34.069, 1852943, GPU-833bd1d4-962a-a2a9-e8ee-3f18887d8a40, 4728 MiB
2026/09/22 05:04:34.071, 902823, GPU-5014660a-ded1-5f90-339b-0e5f9738f416, 774 MiB
2026/09/22 05:04:34.071, 917655, GPU-5014660a-ded1-5f90-339b-0e5f9738f416, 75012 MiB
2026/09/22 05:04:34.072, 1844382, GPU-d70c11ba-69d2-8984-e060-d1284dbbf2e3, 69848 MiB
2026/09/22 05:04:34.072, 1852943, GPU-d70c11ba-69d2-8984-e060-d1284dbbf2e3, 4728 MiB
2026/09/22 05:04:34.073, 1981255, GPU-eb2cffac-d74f-77dc-0221-1955eae16c6a, 26706 MiB
2026/09/22 05:04:34.075, 137936, GPU-ae2bc357-9c9d-ff3d-c235-bf7e8de8e94c, 1278 MiB
2026/09/22 05:04:34.075, 137983, GPU-ae2bc357-9c9d-ff3d-c235-bf7e8de8e94c, 938 MiB
2026/09/22 05:04:34.075, 138213, GPU-ae2bc357-9c9d-ff3d-c235-bf7e8de8e94c, 938 MiB
2026/09/22 05:04:34.075, 138331, GPU-ae2bc357-9c9d-ff3d-c235-bf7e8de8e94c, 938 MiB
2026/09/22 05:04:34.075, 138526, GPU-ae2bc357-9c9d-ff3d-c235-bf7e8de8e94c, 938 MiB
2026/09/22 05:04:34.075, 138832, GPU-ae2bc357-9c9d-ff3d-c235-bf7e8de8e94c, 1306 MiB
2026/09/22 05:04:34.075, 1827563, GPU-ae2bc357-9c9d-ff3d-c235-bf7e8de8e94c, 1306 MiB
2026/09/22 05:04:34.075, 1827662, GPU-ae2bc357-9c9d-ff3d-c235-bf7e8de8e94c, 1306 MiB
2026/09/22 05:04:34.076, 907585, GPU-eeb7d960-135d-5f5e-859f-f7f5efb7136d, 774 MiB
2026/09/22 05:04:34.076, 987850, GPU-eeb7d960-135d-5f5e-859f-f7f5efb7136d, 73700 MiB
2026/09/22 05:04:34.076, 1209359, GPU-d6d9222c-9b57-3843-4d93-d2a40b30ad2b, 49386 MiB
2026/09/22 05:04:34.077, 3484988, GPU-c19b526a-dfb9-68a7-ae04-b68c870482af, 1306 MiB
2026/09/22 05:04:34.077, 3485486, GPU-c19b526a-dfb9-68a7-ae04-b68c870482af, 1306 MiB
2026/09/22 05:04:34.077, 1981187, GPU-c19b526a-dfb9-68a7-ae04-b68c870482af, 1306 MiB
2026/09/22 05:04:34.077, 1981575, GPU-c19b526a-dfb9-68a7-ae04-b68c870482af, 1278 MiB
2026/09/22 05:04:35.078, 1844380, GPU-833bd1d4-962a-a2a9-e8ee-3f18887d8a40, 69848 MiB
2026/09/22 05:04:35.078, 1852943, GPU-833bd1d4-962a-a2a9-e8ee-3f18887d8a40, 4728 MiB
2026/09/22 05:04:35.080, 902823, GPU-5014660a-ded1-5f90-339b-0e5f9738f416, 774 MiB
2026/09/22 05:04:35.080, 917655, GPU-5014660a-ded1-5f90-339b-0e5f9738f416, 75012 MiB
2026/09/22 05:04:35.081, 1844382, GPU-d70c11ba-69d2-8984-e060-d1284dbbf2e3, 69848 MiB
2026/09/22 05:04:35.081, 1852943, GPU-d70c11ba-69d2-8984-e060-d1284dbbf2e3, 4728 MiB
2026/09/22 05:04:35.082, 1981255, GPU-eb2cffac-d74f-77dc-0221-1955eae16c6a, 26706 MiB
2026/09/22 05:04:35.082, 137936, GPU-ae2bc357-9c9d-ff3d-c235-bf7e8de8e94c, 1278 MiB
2026/09/22 05:04:35.082, 137983, GPU-ae2bc357-9c9d-ff3d-c235-bf7e8de8e94c, 938 MiB
2026/09/22 05:04:35.082, 138213, GPU-ae2bc357-9c9d-ff3d-c235-bf7e8de8e94c, 938 MiB
2026/09/22 05:04:35.082, 138331, GPU-ae2bc357-9c9d-ff3d-c235-bf7e8de8e94c, 938 MiB
2026/09/22 05:04:35.082, 138526, GPU-ae2bc357-9c9d-ff3d-c235-bf7e8de8e94c, 938 MiB
2026/09/22 05:04:35.082, 138832, GPU-ae2bc357-9c9d-ff3d-c235-bf7e8de8e94c, 1306 MiB
2026/09/22 05:04:35.082, 1827563, GPU-ae2bc357-9c9d-ff3d-c235-bf7e8de8e94c, 1306 MiB
2026/09/22 05:04:35.082, 1827662, GPU-ae2bc357-9c9d-ff3d-c235-bf7e8de8e94c, 1306 MiB
2026/09/22 05:04:35.084, 907585, GPU-eeb7d960-135d-5f5e-859f-f7f5efb7136d, 774 MiB
2026/09/22 05:04:35.084, 987850, GPU-eeb7d960-135d-5f5e-859f-f7f5efb7136d, 73700 MiB
2026/09/22 05:04:35.084, 1209359, GPU-d6d9222c-9b57-3843-4d93-d2a40b30ad2b, 49386 MiB
2026/09/22 05:04:35.085, 3484988, GPU-c19b526a-dfb9-68a7-ae04-b68c870482af, 1306 MiB
2026/09/22 05:04:35.085, 3485486, GPU-c19b526a-dfb9-68a7-ae04-b68c870482af, 1306 MiB
2026/09/22 05:04:35.085, 1981187, GPU-c19b526a-dfb9-68a7-ae04-b68c870482af, 1306 MiB
2026/09/22 05:04:35.085, 1981575, GPU-c19b526a-dfb9-68a7-ae04-b68c870482af, 1278 MiB
2026/09/22 05:04:36.086, 1844380, GPU-833bd1d4-962a-a2a9-e8ee-3f18887d8a40, 69848 MiB
2026/09/22 05:04:36.086, 1852943, GPU-833bd1d4-962a-a2a9-e8ee-3f18887d8a40, 4728 MiB
2026/09/22 05:04:36.088, 902823, GPU-5014660a-ded1-5f90-339b-0e5f9738f416, 774 MiB
2026/09/22 05:04:36.088, 917655, GPU-5014660a-ded1-5f90-339b-0e5f9738f416, 75012 MiB
2026/09/22 05:04:36.090, 1844382, GPU-d70c11ba-69d2-8984-e060-d1284dbbf2e3, 69848 MiB
2026/09/22 05:04:36.090, 1852943, GPU-d70c11ba-69d2-8984-e060-d1284dbbf2e3, 4728 MiB
2026/09/22 05:04:36.090, 1981255, GPU-eb2cffac-d74f-77dc-0221-1955eae16c6a, 26706 MiB
2026/09/22 05:04:36.091, 137936, GPU-ae2bc357-9c9d-ff3d-c235-bf7e8de8e94c, 1278 MiB
2026/09/22 05:04:36.091, 137983, GPU-ae2bc357-9c9d-ff3d-c235-bf7e8de8e94c, 938 MiB
2026/09/22 05:04:36.091, 138213, GPU-ae2bc357-9c9d-ff3d-c235-bf7e8de8e94c, 938 MiB
2026/09/22 05:04:36.091, 138331, GPU-ae2bc357-9c9d-ff3d-c235-bf7e8de8e94c, 938 MiB
2026/09/22 05:04:36.091, 138526, GPU-ae2bc357-9c9d-ff3d-c235-bf7e8de8e94c, 938 MiB
2026/09/22 05:04:36.091, 138832, GPU-ae2bc357-9c9d-ff3d-c235-bf7e8de8e94c, 1306 MiB
2026/09/22 05:04:36.091, 1827563, GPU-ae2bc357-9c9d-ff3d-c235-bf7e8de8e94c, 1306 MiB
2026/09/22 05:04:36.091, 1827662, GPU-ae2bc357-9c9d-ff3d-c235-bf7e8de8e94c, 1306 MiB
2026/09/22 05:04:36.092, 907585, GPU-eeb7d960-135d-5f5e-859f-f7f5efb7136d, 774 MiB
2026/09/22 05:04:36.092, 987850, GPU-eeb7d960-135d-5f5e-859f-f7f5efb7136d, 73700 MiB
2026/09/22 05:04:36.093, 1209359, GPU-d6d9222c-9b57-3843-4d93-d2a40b30ad2b, 49386 MiB
2026/09/22 05:04:36.093, 3484988, GPU-c19b526a-dfb9-68a7-ae04-b68c870482af, 1306 MiB
2026/09/22 05:04:36.093, 3485486, GPU-c19b526a-dfb9-68a7-ae04-b68c870482af, 1306 MiB
2026/09/22 05:04:36.093, 1981187, GPU-c19b526a-dfb9-68a7-ae04-b68c870482af, 1306 MiB
2026/09/22 05:04:36.093, 1981575, GPU-c19b526a-dfb9-68a7-ae04-b68c870482af, 1278 MiB
2026/09/22 05:04:37.094, 1844380, GPU-833bd1d4-962a-a2a9-e8ee-3f18887d8a40, 69848 MiB
2026/09/22 05:04:37.094, 1852943, GPU-833bd1d4-962a-a2a9-e8ee-3f18887d8a40, 4728 MiB
2026/09/22 05:04:37.100, 902823, GPU-5014660a-ded1-5f90-339b-0e5f9738f416, 774 MiB
2026/09/22 05:04:37.100, 917655, GPU-5014660a-ded1-5f90-339b-0e5f9738f416, 75012 MiB
2026/09/22 05:04:37.105, 1844382, GPU-d70c11ba-69d2-8984-e060-d1284dbbf2e3, 69848 MiB
2026/09/22 05:04:37.105, 1852943, GPU-d70c11ba-69d2-8984-e060-d1284dbbf2e3, 4728 MiB
2026/09/22 05:04:37.110, 1981255, GPU-eb2cffac-d74f-77dc-0221-1955eae16c6a, 27762 MiB
2026/09/22 05:04:37.112, 137936, GPU-ae2bc357-9c9d-ff3d-c235-bf7e8de8e94c, 1278 MiB
2026/09/22 05:04:37.112, 137983, GPU-ae2bc357-9c9d-ff3d-c235-bf7e8de8e94c, 938 MiB
2026/09/22 05:04:37.112, 138213, GPU-ae2bc357-9c9d-ff3d-c235-bf7e8de8e94c, 938 MiB
2026/09/22 05:04:37.112, 138331, GPU-ae2bc357-9c9d-ff3d-c235-bf7e8de8e94c, 938 MiB
2026/09/22 05:04:37.112, 138526, GPU-ae2bc357-9c9d-ff3d-c235-bf7e8de8e94c, 938 MiB
2026/09/22 05:04:37.112, 138832, GPU-ae2bc357-9c9d-ff3d-c235-bf7e8de8e94c, 1306 MiB
2026/09/22 05:04:37.112, 1827563, GPU-ae2bc357-9c9d-ff3d-c235-bf7e8de8e94c, 1306 MiB
2026/09/22 05:04:37.112, 1827662, GPU-ae2bc357-9c9d-ff3d-c235-bf7e8de8e94c, 1306 MiB
2026/09/22 05:04:37.114, 907585, GPU-eeb7d960-135d-5f5e-859f-f7f5efb7136d, 774 MiB
2026/09/22 05:04:37.114, 987850, GPU-eeb7d960-135d-5f5e-859f-f7f5efb7136d, 73700 MiB
2026/09/22 05:04:37.115, 1209359, GPU-d6d9222c-9b57-3843-4d93-d2a40b30ad2b, 49386 MiB
2026/09/22 05:04:37.117, 3484988, GPU-c19b526a-dfb9-68a7-ae04-b68c870482af, 522 MiB
2026/09/22 05:04:37.117, 3485486, GPU-c19b526a-dfb9-68a7-ae04-b68c870482af, 1306 MiB
2026/09/22 05:04:37.117, 1981187, GPU-c19b526a-dfb9-68a7-ae04-b68c870482af, 1306 MiB
2026/09/22 05:04:37.117, 1981575, GPU-c19b526a-dfb9-68a7-ae04-b68c870482af, 1278 MiB
2026/09/22 05:04:38.118, 1844380, GPU-833bd1d4-962a-a2a9-e8ee-3f18887d8a40, 69848 MiB
2026/09/22 05:04:38.118, 1852943, GPU-833bd1d4-962a-a2a9-e8ee-3f18887d8a40, 4728 MiB
2026/09/22 05:04:38.120, 902823, GPU-5014660a-ded1-5f90-339b-0e5f9738f416, 774 MiB
2026/09/22 05:04:38.120, 917655, GPU-5014660a-ded1-5f90-339b-0e5f9738f416, 75012 MiB
2026/09/22 05:04:38.121, 1844382, GPU-d70c11ba-69d2-8984-e060-d1284dbbf2e3, 69848 MiB
2026/09/22 05:04:38.121, 1852943, GPU-d70c11ba-69d2-8984-e060-d1284dbbf2e3, 4728 MiB
2026/09/22 05:04:38.122, 1981255, GPU-eb2cffac-d74f-77dc-0221-1955eae16c6a, 29610 MiB
2026/09/22 05:04:38.123, 137936, GPU-ae2bc357-9c9d-ff3d-c235-bf7e8de8e94c, 1278 MiB
2026/09/22 05:04:38.123, 137983, GPU-ae2bc357-9c9d-ff3d-c235-bf7e8de8e94c, 938 MiB
2026/09/22 05:04:38.123, 138213, GPU-ae2bc357-9c9d-ff3d-c235-bf7e8de8e94c, 938 MiB
2026/09/22 05:04:38.123, 138331, GPU-ae2bc357-9c9d-ff3d-c235-bf7e8de8e94c, 938 MiB
2026/09/22 05:04:38.123, 138526, GPU-ae2bc357-9c9d-ff3d-c235-bf7e8de8e94c, 938 MiB
2026/09/22 05:04:38.123, 138832, GPU-ae2bc357-9c9d-ff3d-c235-bf7e8de8e94c, 1306 MiB
2026/09/22 05:04:38.123, 1827563, GPU-ae2bc357-9c9d-ff3d-c235-bf7e8de8e94c, 1306 MiB
2026/09/22 05:04:38.123, 1827662, GPU-ae2bc357-9c9d-ff3d-c235-bf7e8de8e94c, 1306 MiB
2026/09/22 05:04:38.124, 907585, GPU-eeb7d960-135d-5f5e-859f-f7f5efb7136d, 774 MiB
2026/09/22 05:04:38.124, 987850, GPU-eeb7d960-135d-5f5e-859f-f7f5efb7136d, 73700 MiB
2026/09/22 05:04:38.126, 1209359, GPU-d6d9222c-9b57-3843-4d93-d2a40b30ad2b, 49386 MiB
2026/09/22 05:04:38.127, 3485486, GPU-c19b526a-dfb9-68a7-ae04-b68c870482af, 1306 MiB
2026/09/22 05:04:38.127, 1981187, GPU-c19b526a-dfb9-68a7-ae04-b68c870482af, 1306 MiB
2026/09/22 05:04:38.127, 1981575, GPU-c19b526a-dfb9-68a7-ae04-b68c870482af, 1278 MiB
2026/09/22 05:04:39.129, 1844380, GPU-833bd1d4-962a-a2a9-e8ee-3f18887d8a40, 69848 MiB
2026/09/22 05:04:39.129, 1852943, GPU-833bd1d4-962a-a2a9-e8ee-3f18887d8a40, 4728 MiB
2026/09/22 05:04:39.131, 902823, GPU-5014660a-ded1-5f90-339b-0e5f9738f416, 774 MiB
2026/09/22 05:04:39.131, 917655, GPU-5014660a-ded1-5f90-339b-0e5f9738f416, 75012 MiB
2026/09/22 05:04:39.132, 1844382, GPU-d70c11ba-69d2-8984-e060-d1284dbbf2e3, 69848 MiB
2026/09/22 05:04:39.132, 1852943, GPU-d70c11ba-69d2-8984-e060-d1284dbbf2e3, 4728 MiB
2026/09/22 05:04:39.133, 1981255, GPU-eb2cffac-d74f-77dc-0221-1955eae16c6a, 32042 MiB
2026/09/22 05:04:39.133, 137936, GPU-ae2bc357-9c9d-ff3d-c235-bf7e8de8e94c, 1278 MiB
2026/09/22 05:04:39.133, 137983, GPU-ae2bc357-9c9d-ff3d-c235-bf7e8de8e94c, 938 MiB
2026/09/22 05:04:39.133, 138213, GPU-ae2bc357-9c9d-ff3d-c235-bf7e8de8e94c, 938 MiB
2026/09/22 05:04:39.133, 138331, GPU-ae2bc357-9c9d-ff3d-c235-bf7e8de8e94c, 938 MiB
2026/09/22 05:04:39.133, 138526, GPU-ae2bc357-9c9d-ff3d-c235-bf7e8de8e94c, 938 MiB
2026/09/22 05:04:39.133, 138832, GPU-ae2bc357-9c9d-ff3d-c235-bf7e8de8e94c, 1306 MiB
2026/09/22 05:04:39.133, 1827563, GPU-ae2bc357-9c9d-ff3d-c235-bf7e8de8e94c, 1306 MiB
2026/09/22 05:04:39.133, 1827662, GPU-ae2bc357-9c9d-ff3d-c235-bf7e8de8e94c, 1306 MiB
2026/09/22 05:04:39.134, 907585, GPU-eeb7d960-135d-5f5e-859f-f7f5efb7136d, 774 MiB
2026/09/22 05:04:39.134, 987850, GPU-eeb7d960-135d-5f5e-859f-f7f5efb7136d, 73700 MiB
2026/09/22 05:04:39.134, 1209359, GPU-d6d9222c-9b57-3843-4d93-d2a40b30ad2b, 49386 MiB
2026/09/22 05:04:39.135, 3485486, GPU-c19b526a-dfb9-68a7-ae04-b68c870482af, 1306 MiB
2026/09/22 05:04:39.135, 1981187, GPU-c19b526a-dfb9-68a7-ae04-b68c870482af, 1306 MiB
2026/09/22 05:04:39.135, 1981575, GPU-c19b526a-dfb9-68a7-ae04-b68c870482af, 1278 MiB
2026/09/22 05:04:40.135, 1844380, GPU-833bd1d4-962a-a2a9-e8ee-3f18887d8a40, 69848 MiB
2026/09/22 05:04:40.135, 1852943, GPU-833bd1d4-962a-a2a9-e8ee-3f18887d8a40, 4728 MiB
2026/09/22 05:04:40.228, 902823, GPU-5014660a-ded1-5f90-339b-0e5f9738f416, 774 MiB
2026/09/22 05:04:40.228, 917655, GPU-5014660a-ded1-5f90-339b-0e5f9738f416, 75012 MiB
2026/09/22 05:04:40.228, 1844382, GPU-d70c11ba-69d2-8984-e060-d1284dbbf2e3, 69848 MiB
2026/09/22 05:04:40.228, 1852943, GPU-d70c11ba-69d2-8984-e060-d1284dbbf2e3, 4728 MiB
2026/09/22 05:04:40.230, 137936, GPU-ae2bc357-9c9d-ff3d-c235-bf7e8de8e94c, 1278 MiB
2026/09/22 05:04:40.230, 137983, GPU-ae2bc357-9c9d-ff3d-c235-bf7e8de8e94c, 938 MiB
2026/09/22 05:04:40.230, 138213, GPU-ae2bc357-9c9d-ff3d-c235-bf7e8de8e94c, 938 MiB
2026/09/22 05:04:40.230, 138331, GPU-ae2bc357-9c9d-ff3d-c235-bf7e8de8e94c, 938 MiB
2026/09/22 05:04:40.230, 138526, GPU-ae2bc357-9c9d-ff3d-c235-bf7e8de8e94c, 938 MiB
2026/09/22 05:04:40.230, 138832, GPU-ae2bc357-9c9d-ff3d-c235-bf7e8de8e94c, 1306 MiB
2026/09/22 05:04:40.230, 1827563, GPU-ae2bc357-9c9d-ff3d-c235-bf7e8de8e94c, 1306 MiB
2026/09/22 05:04:40.230, 1827662, GPU-ae2bc357-9c9d-ff3d-c235-bf7e8de8e94c, 1306 MiB
2026/09/22 05:04:40.231, 907585, GPU-eeb7d960-135d-5f5e-859f-f7f5efb7136d, 774 MiB
2026/09/22 05:04:40.231, 987850, GPU-eeb7d960-135d-5f5e-859f-f7f5efb7136d, 73700 MiB
2026/09/22 05:04:40.232, 1209359, GPU-d6d9222c-9b57-3843-4d93-d2a40b30ad2b, 49386 MiB
2026/09/22 05:04:40.233, 3485486, GPU-c19b526a-dfb9-68a7-ae04-b68c870482af, 444 MiB
2026/09/22 05:04:40.233, 1981187, GPU-c19b526a-dfb9-68a7-ae04-b68c870482af, 1306 MiB
2026/09/22 05:04:40.233, 1981575, GPU-c19b526a-dfb9-68a7-ae04-b68c870482af, 1278 MiB
2026/09/22 05:04:41.236, 1844380, GPU-833bd1d4-962a-a2a9-e8ee-3f18887d8a40, 69848 MiB
2026/09/22 05:04:41.236, 1852943, GPU-833bd1d4-962a-a2a9-e8ee-3f18887d8a40, 4728 MiB
2026/09/22 05:04:41.237, 902823, GPU-5014660a-ded1-5f90-339b-0e5f9738f416, 774 MiB
2026/09/22 05:04:41.237, 917655, GPU-5014660a-ded1-5f90-339b-0e5f9738f416, 75012 MiB
2026/09/22 05:04:41.238, 1844382, GPU-d70c11ba-69d2-8984-e060-d1284dbbf2e3, 69848 MiB
2026/09/22 05:04:41.238, 1852943, GPU-d70c11ba-69d2-8984-e060-d1284dbbf2e3, 4728 MiB
2026/09/22 05:04:41.238, 137936, GPU-ae2bc357-9c9d-ff3d-c235-bf7e8de8e94c, 1278 MiB
2026/09/22 05:04:41.238, 137983, GPU-ae2bc357-9c9d-ff3d-c235-bf7e8de8e94c, 938 MiB
2026/09/22 05:04:41.238, 138213, GPU-ae2bc357-9c9d-ff3d-c235-bf7e8de8e94c, 938 MiB
2026/09/22 05:04:41.238, 138331, GPU-ae2bc357-9c9d-ff3d-c235-bf7e8de8e94c, 938 MiB
2026/09/22 05:04:41.238, 138526, GPU-ae2bc357-9c9d-ff3d-c235-bf7e8de8e94c, 938 MiB
2026/09/22 05:04:41.238, 138832, GPU-ae2bc357-9c9d-ff3d-c235-bf7e8de8e94c, 1306 MiB
2026/09/22 05:04:41.238, 1827563, GPU-ae2bc357-9c9d-ff3d-c235-bf7e8de8e94c, 1306 MiB
2026/09/22 05:04:41.238, 1827662, GPU-ae2bc357-9c9d-ff3d-c235-bf7e8de8e94c, 1306 MiB
2026/09/22 05:04:41.239, 907585, GPU-eeb7d960-135d-5f5e-859f-f7f5efb7136d, 774 MiB
2026/09/22 05:04:41.239, 987850, GPU-eeb7d960-135d-5f5e-859f-f7f5efb7136d, 73700 MiB
2026/09/22 05:04:41.239, 1209359, GPU-d6d9222c-9b57-3843-4d93-d2a40b30ad2b, 49386 MiB
2026/09/22 05:04:41.239, 1981187, GPU-c19b526a-dfb9-68a7-ae04-b68c870482af, 1306 MiB
2026/09/22 05:04:41.239, 1981575, GPU-c19b526a-dfb9-68a7-ae04-b68c870482af, 1278 MiB
2026/09/22 05:04:41.239, 1985001, GPU-c19b526a-dfb9-68a7-ae04-b68c870482af, 1276 MiB
2026/09/22 05:04:42.240, 1844380, GPU-833bd1d4-962a-a2a9-e8ee-3f18887d8a40, 69848 MiB
2026/09/22 05:04:42.240, 1852943, GPU-833bd1d4-962a-a2a9-e8ee-3f18887d8a40, 4728 MiB
2026/09/22 05:04:42.242, 902823, GPU-5014660a-ded1-5f90-339b-0e5f9738f416, 774 MiB
2026/09/22 05:04:42.242, 917655, GPU-5014660a-ded1-5f90-339b-0e5f9738f416, 75012 MiB
2026/09/22 05:04:42.244, 1844382, GPU-d70c11ba-69d2-8984-e060-d1284dbbf2e3, 69848 MiB
2026/09/22 05:04:42.244, 1852943, GPU-d70c11ba-69d2-8984-e060-d1284dbbf2e3, 4728 MiB
2026/09/22 05:04:42.246, 137936, GPU-ae2bc357-9c9d-ff3d-c235-bf7e8de8e94c, 1278 MiB
2026/09/22 05:04:42.246, 137983, GPU-ae2bc357-9c9d-ff3d-c235-bf7e8de8e94c, 938 MiB
2026/09/22 05:04:42.246, 138213, GPU-ae2bc357-9c9d-ff3d-c235-bf7e8de8e94c, 938 MiB
2026/09/22 05:04:42.246, 138331, GPU-ae2bc357-9c9d-ff3d-c235-bf7e8de8e94c, 938 MiB
2026/09/22 05:04:42.246, 138526, GPU-ae2bc357-9c9d-ff3d-c235-bf7e8de8e94c, 938 MiB
2026/09/22 05:04:42.246, 138832, GPU-ae2bc357-9c9d-ff3d-c235-bf7e8de8e94c, 1306 MiB
2026/09/22 05:04:42.246, 1827563, GPU-ae2bc357-9c9d-ff3d-c235-bf7e8de8e94c, 1306 MiB
2026/09/22 05:04:42.246, 1827662, GPU-ae2bc357-9c9d-ff3d-c235-bf7e8de8e94c, 1306 MiB
2026/09/22 05:04:42.248, 907585, GPU-eeb7d960-135d-5f5e-859f-f7f5efb7136d, 774 MiB
2026/09/22 05:04:42.248, 987850, GPU-eeb7d960-135d-5f5e-859f-f7f5efb7136d, 73700 MiB
2026/09/22 05:04:42.250, 1209359, GPU-d6d9222c-9b57-3843-4d93-d2a40b30ad2b, 49386 MiB
2026/09/22 05:04:42.253, 1981187, GPU-c19b526a-dfb9-68a7-ae04-b68c870482af, 1306 MiB
2026/09/22 05:04:42.253, 1981575, GPU-c19b526a-dfb9-68a7-ae04-b68c870482af, 1278 MiB
2026/09/22 05:04:42.253, 1985001, GPU-c19b526a-dfb9-68a7-ae04-b68c870482af, 1278 MiB
2026/09/22 05:04:42.253, 1985175, GPU-c19b526a-dfb9-68a7-ae04-b68c870482af, 1278 MiB
2026/09/22 05:04:43.254, 1844380, GPU-833bd1d4-962a-a2a9-e8ee-3f18887d8a40, 69848 MiB
2026/09/22 05:04:43.254, 1852943, GPU-833bd1d4-962a-a2a9-e8ee-3f18887d8a40, 4728 MiB
2026/09/22 05:04:43.256, 902823, GPU-5014660a-ded1-5f90-339b-0e5f9738f416, 774 MiB
2026/09/22 05:04:43.256, 917655, GPU-5014660a-ded1-5f90-339b-0e5f9738f416, 75012 MiB
2026/09/22 05:04:43.257, 1844382, GPU-d70c11ba-69d2-8984-e060-d1284dbbf2e3, 69848 MiB
2026/09/22 05:04:43.257, 1852943, GPU-d70c11ba-69d2-8984-e060-d1284dbbf2e3, 4728 MiB
2026/09/22 05:04:43.258, 137936, GPU-ae2bc357-9c9d-ff3d-c235-bf7e8de8e94c, 1278 MiB
2026/09/22 05:04:43.258, 137983, GPU-ae2bc357-9c9d-ff3d-c235-bf7e8de8e94c, 938 MiB
2026/09/22 05:04:43.258, 138213, GPU-ae2bc357-9c9d-ff3d-c235-bf7e8de8e94c, 938 MiB
2026/09/22 05:04:43.258, 138331, GPU-ae2bc357-9c9d-ff3d-c235-bf7e8de8e94c, 938 MiB
2026/09/22 05:04:43.258, 138526, GPU-ae2bc357-9c9d-ff3d-c235-bf7e8de8e94c, 938 MiB
2026/09/22 05:04:43.258, 138832, GPU-ae2bc357-9c9d-ff3d-c235-bf7e8de8e94c, 1306 MiB
2026/09/22 05:04:43.258, 1827563, GPU-ae2bc357-9c9d-ff3d-c235-bf7e8de8e94c, 1306 MiB
2026/09/22 05:04:43.258, 1827662, GPU-ae2bc357-9c9d-ff3d-c235-bf7e8de8e94c, 1306 MiB
2026/09/22 05:04:43.259, 907585, GPU-eeb7d960-135d-5f5e-859f-f7f5efb7136d, 774 MiB
2026/09/22 05:04:43.259, 987850, GPU-eeb7d960-135d-5f5e-859f-f7f5efb7136d, 73700 MiB
2026/09/22 05:04:43.260, 1209359, GPU-d6d9222c-9b57-3843-4d93-d2a40b30ad2b, 49386 MiB
2026/09/22 05:04:43.260, 1981187, GPU-c19b526a-dfb9-68a7-ae04-b68c870482af, 1306 MiB
2026/09/22 05:04:43.260, 1981575, GPU-c19b526a-dfb9-68a7-ae04-b68c870482af, 1278 MiB
2026/09/22 05:04:43.260, 1985001, GPU-c19b526a-dfb9-68a7-ae04-b68c870482af, 1278 MiB
2026/09/22 05:04:43.260, 1985175, GPU-c19b526a-dfb9-68a7-ae04-b68c870482af, 1278 MiB
2026/09/22 05:04:43.260, 1985388, GPU-c19b526a-dfb9-68a7-ae04-b68c870482af, 1278 MiB
2026/09/22 05:04:44.261, 1844380, GPU-833bd1d4-962a-a2a9-e8ee-3f18887d8a40, 69848 MiB
2026/09/22 05:04:44.261, 1852943, GPU-833bd1d4-962a-a2a9-e8ee-3f18887d8a40, 4728 MiB
2026/09/22 05:04:44.263, 902823, GPU-5014660a-ded1-5f90-339b-0e5f9738f416, 774 MiB
2026/09/22 05:04:44.263, 917655, GPU-5014660a-ded1-5f90-339b-0e5f9738f416, 75012 MiB
2026/09/22 05:04:44.264, 1844382, GPU-d70c11ba-69d2-8984-e060-d1284dbbf2e3, 69848 MiB
2026/09/22 05:04:44.264, 1852943, GPU-d70c11ba-69d2-8984-e060-d1284dbbf2e3, 4728 MiB
2026/09/22 05:04:44.265, 137936, GPU-ae2bc357-9c9d-ff3d-c235-bf7e8de8e94c, 1278 MiB
2026/09/22 05:04:44.265, 137983, GPU-ae2bc357-9c9d-ff3d-c235-bf7e8de8e94c, 938 MiB
2026/09/22 05:04:44.265, 138213, GPU-ae2bc357-9c9d-ff3d-c235-bf7e8de8e94c, 938 MiB
2026/09/22 05:04:44.265, 138331, GPU-ae2bc357-9c9d-ff3d-c235-bf7e8de8e94c, 938 MiB
2026/09/22 05:04:44.265, 138526, GPU-ae2bc357-9c9d-ff3d-c235-bf7e8de8e94c, 938 MiB
2026/09/22 05:04:44.265, 138832, GPU-ae2bc357-9c9d-ff3d-c235-bf7e8de8e94c, 1306 MiB
2026/09/22 05:04:44.265, 1827563, GPU-ae2bc357-9c9d-ff3d-c235-bf7e8de8e94c, 1306 MiB
2026/09/22 05:04:44.265, 1827662, GPU-ae2bc357-9c9d-ff3d-c235-bf7e8de8e94c, 1306 MiB
2026/09/22 05:04:44.266, 907585, GPU-eeb7d960-135d-5f5e-859f-f7f5efb7136d, 774 MiB
2026/09/22 05:04:44.266, 987850, GPU-eeb7d960-135d-5f5e-859f-f7f5efb7136d, 73700 MiB
2026/09/22 05:04:44.266, 1209359, GPU-d6d9222c-9b57-3843-4d93-d2a40b30ad2b, 49386 MiB
2026/09/22 05:04:44.267, 1981187, GPU-c19b526a-dfb9-68a7-ae04-b68c870482af, 1306 MiB
2026/09/22 05:04:44.267, 1981575, GPU-c19b526a-dfb9-68a7-ae04-b68c870482af, 1278 MiB
2026/09/22 05:04:44.267, 1985001, GPU-c19b526a-dfb9-68a7-ae04-b68c870482af, 1278 MiB
2026/09/22 05:04:44.267, 1985175, GPU-c19b526a-dfb9-68a7-ae04-b68c870482af, 1278 MiB
2026/09/22 05:04:44.267, 1985388, GPU-c19b526a-dfb9-68a7-ae04-b68c870482af, 1278 MiB
2026/09/22 05:04:45.268, 1844380, GPU-833bd1d4-962a-a2a9-e8ee-3f18887d8a40, 69848 MiB
2026/09/22 05:04:45.268, 1852943, GPU-833bd1d4-962a-a2a9-e8ee-3f18887d8a40, 4728 MiB
2026/09/22 05:04:45.270, 902823, GPU-5014660a-ded1-5f90-339b-0e5f9738f416, 774 MiB
2026/09/22 05:04:45.270, 917655, GPU-5014660a-ded1-5f90-339b-0e5f9738f416, 75012 MiB
2026/09/22 05:04:45.270, 1844382, GPU-d70c11ba-69d2-8984-e060-d1284dbbf2e3, 69848 MiB
2026/09/22 05:04:45.270, 1852943, GPU-d70c11ba-69d2-8984-e060-d1284dbbf2e3, 4728 MiB
2026/09/22 05:04:45.271, 137936, GPU-ae2bc357-9c9d-ff3d-c235-bf7e8de8e94c, 1278 MiB
2026/09/22 05:04:45.271, 137983, GPU-ae2bc357-9c9d-ff3d-c235-bf7e8de8e94c, 938 MiB
2026/09/22 05:04:45.271, 138213, GPU-ae2bc357-9c9d-ff3d-c235-bf7e8de8e94c, 938 MiB
2026/09/22 05:04:45.271, 138331, GPU-ae2bc357-9c9d-ff3d-c235-bf7e8de8e94c, 938 MiB
2026/09/22 05:04:45.271, 138526, GPU-ae2bc357-9c9d-ff3d-c235-bf7e8de8e94c, 938 MiB
2026/09/22 05:04:45.271, 138832, GPU-ae2bc357-9c9d-ff3d-c235-bf7e8de8e94c, 1306 MiB
2026/09/22 05:04:45.271, 1827563, GPU-ae2bc357-9c9d-ff3d-c235-bf7e8de8e94c, 1306 MiB
2026/09/22 05:04:45.271, 1827662, GPU-ae2bc357-9c9d-ff3d-c235-bf7e8de8e94c, 1306 MiB
2026/09/22 05:04:45.272, 907585, GPU-eeb7d960-135d-5f5e-859f-f7f5efb7136d, 774 MiB
2026/09/22 05:04:45.272, 987850, GPU-eeb7d960-135d-5f5e-859f-f7f5efb7136d, 73700 MiB
2026/09/22 05:04:45.273, 1209359, GPU-d6d9222c-9b57-3843-4d93-d2a40b30ad2b, 49386 MiB
2026/09/22 05:04:45.273, 1981187, GPU-c19b526a-dfb9-68a7-ae04-b68c870482af, 1306 MiB
2026/09/22 05:04:45.273, 1981575, GPU-c19b526a-dfb9-68a7-ae04-b68c870482af, 1278 MiB
2026/09/22 05:04:45.273, 1985001, GPU-c19b526a-dfb9-68a7-ae04-b68c870482af, 1278 MiB
2026/09/22 05:04:45.273, 1985175, GPU-c19b526a-dfb9-68a7-ae04-b68c870482af, 1278 MiB
2026/09/22 05:04:45.273, 1985388, GPU-c19b526a-dfb9-68a7-ae04-b68c870482af, 1278 MiB
2026/09/22 05:04:46.274, 1844380, GPU-833bd1d4-962a-a2a9-e8ee-3f18887d8a40, 69848 MiB
2026/09/22 05:04:46.274, 1852943, GPU-833bd1d4-962a-a2a9-e8ee-3f18887d8a40, 4728 MiB
2026/09/22 05:04:46.276, 902823, GPU-5014660a-ded1-5f90-339b-0e5f9738f416, 774 MiB
2026/09/22 05:04:46.276, 917655, GPU-5014660a-ded1-5f90-339b-0e5f9738f416, 75012 MiB
2026/09/22 05:04:46.276, 1844382, GPU-d70c11ba-69d2-8984-e060-d1284dbbf2e3, 69848 MiB
2026/09/22 05:04:46.276, 1852943, GPU-d70c11ba-69d2-8984-e060-d1284dbbf2e3, 4728 MiB
2026/09/22 05:04:46.279, 137936, GPU-ae2bc357-9c9d-ff3d-c235-bf7e8de8e94c, 1278 MiB
2026/09/22 05:04:46.279, 137983, GPU-ae2bc357-9c9d-ff3d-c235-bf7e8de8e94c, 938 MiB
2026/09/22 05:04:46.279, 138213, GPU-ae2bc357-9c9d-ff3d-c235-bf7e8de8e94c, 938 MiB
2026/09/22 05:04:46.279, 138331, GPU-ae2bc357-9c9d-ff3d-c235-bf7e8de8e94c, 938 MiB
2026/09/22 05:04:46.279, 138526, GPU-ae2bc357-9c9d-ff3d-c235-bf7e8de8e94c, 938 MiB
2026/09/22 05:04:46.279, 138832, GPU-ae2bc357-9c9d-ff3d-c235-bf7e8de8e94c, 1306 MiB
2026/09/22 05:04:46.279, 1827563, GPU-ae2bc357-9c9d-ff3d-c235-bf7e8de8e94c, 1306 MiB
2026/09/22 05:04:46.279, 1827662, GPU-ae2bc357-9c9d-ff3d-c235-bf7e8de8e94c, 1306 MiB
2026/09/22 05:04:46.281, 907585, GPU-eeb7d960-135d-5f5e-859f-f7f5efb7136d, 774 MiB
2026/09/22 05:04:46.281, 987850, GPU-eeb7d960-135d-5f5e-859f-f7f5efb7136d, 73700 MiB
2026/09/22 05:04:46.282, 1209359, GPU-d6d9222c-9b57-3843-4d93-d2a40b30ad2b, 49386 MiB
2026/09/22 05:04:46.283, 1981187, GPU-c19b526a-dfb9-68a7-ae04-b68c870482af, 1306 MiB
2026/09/22 05:04:46.283, 1981575, GPU-c19b526a-dfb9-68a7-ae04-b68c870482af, 1278 MiB
2026/09/22 05:04:46.283, 1985001, GPU-c19b526a-dfb9-68a7-ae04-b68c870482af, 1278 MiB
2026/09/22 05:04:46.283, 1985175, GPU-c19b526a-dfb9-68a7-ae04-b68c870482af, 1278 MiB
2026/09/22 05:04:46.283, 1985388, GPU-c19b526a-dfb9-68a7-ae04-b68c870482af, 1278 MiB
2026/09/22 05:04:47.284, 1844380, GPU-833bd1d4-962a-a2a9-e8ee-3f18887d8a40, 69848 MiB
2026/09/22 05:04:47.284, 1852943, GPU-833bd1d4-962a-a2a9-e8ee-3f18887d8a40, 4728 MiB
2026/09/22 05:04:47.286, 902823, GPU-5014660a-ded1-5f90-339b-0e5f9738f416, 774 MiB
2026/09/22 05:04:47.286, 917655, GPU-5014660a-ded1-5f90-339b-0e5f9738f416, 75012 MiB
2026/09/22 05:04:47.287, 1844382, GPU-d70c11ba-69d2-8984-e060-d1284dbbf2e3, 69848 MiB
2026/09/22 05:04:47.287, 1852943, GPU-d70c11ba-69d2-8984-e060-d1284dbbf2e3, 4728 MiB
2026/09/22 05:04:47.288, 137936, GPU-ae2bc357-9c9d-ff3d-c235-bf7e8de8e94c, 1278 MiB
2026/09/22 05:04:47.288, 137983, GPU-ae2bc357-9c9d-ff3d-c235-bf7e8de8e94c, 938 MiB
2026/09/22 05:04:47.288, 138213, GPU-ae2bc357-9c9d-ff3d-c235-bf7e8de8e94c, 938 MiB
2026/09/22 05:04:47.288, 138331, GPU-ae2bc357-9c9d-ff3d-c235-bf7e8de8e94c, 938 MiB
2026/09/22 05:04:47.288, 138526, GPU-ae2bc357-9c9d-ff3d-c235-bf7e8de8e94c, 938 MiB
2026/09/22 05:04:47.288, 138832, GPU-ae2bc357-9c9d-ff3d-c235-bf7e8de8e94c, 1306 MiB
2026/09/22 05:04:47.288, 1827563, GPU-ae2bc357-9c9d-ff3d-c235-bf7e8de8e94c, 1306 MiB
2026/09/22 05:04:47.288, 1827662, GPU-ae2bc357-9c9d-ff3d-c235-bf7e8de8e94c, 1306 MiB
2026/09/22 05:04:47.289, 907585, GPU-eeb7d960-135d-5f5e-859f-f7f5efb7136d, 774 MiB
2026/09/22 05:04:47.289, 987850, GPU-eeb7d960-135d-5f5e-859f-f7f5efb7136d, 73700 MiB
2026/09/22 05:04:47.289, 1209359, GPU-d6d9222c-9b57-3843-4d93-d2a40b30ad2b, 49386 MiB
2026/09/22 05:04:47.289, 1981187, GPU-c19b526a-dfb9-68a7-ae04-b68c870482af, 1306 MiB
2026/09/22 05:04:47.289, 1981575, GPU-c19b526a-dfb9-68a7-ae04-b68c870482af, 1278 MiB
2026/09/22 05:04:47.289, 1985001, GPU-c19b526a-dfb9-68a7-ae04-b68c870482af, 1278 MiB
2026/09/22 05:04:47.289, 1985175, GPU-c19b526a-dfb9-68a7-ae04-b68c870482af, 1278 MiB
2026/09/22 05:04:47.289, 1985388, GPU-c19b526a-dfb9-68a7-ae04-b68c870482af, 1278 MiB
2026/09/22 05:04:48.290, 1844380, GPU-833bd1d4-962a-a2a9-e8ee-3f18887d8a40, 69848 MiB
2026/09/22 05:04:48.290, 1852943, GPU-833bd1d4-962a-a2a9-e8ee-3f18887d8a40, 4728 MiB
2026/09/22 05:04:48.292, 902823, GPU-5014660a-ded1-5f90-339b-0e5f9738f416, 774 MiB
2026/09/22 05:04:48.292, 917655, GPU-5014660a-ded1-5f90-339b-0e5f9738f416, 75012 MiB
2026/09/22 05:04:48.293, 1844382, GPU-d70c11ba-69d2-8984-e060-d1284dbbf2e3, 69848 MiB
2026/09/22 05:04:48.293, 1852943, GPU-d70c11ba-69d2-8984-e060-d1284dbbf2e3, 4728 MiB
2026/09/22 05:04:48.294, 137936, GPU-ae2bc357-9c9d-ff3d-c235-bf7e8de8e94c, 1278 MiB
2026/09/22 05:04:48.294, 137983, GPU-ae2bc357-9c9d-ff3d-c235-bf7e8de8e94c, 938 MiB
2026/09/22 05:04:48.294, 138213, GPU-ae2bc357-9c9d-ff3d-c235-bf7e8de8e94c, 938 MiB
2026/09/22 05:04:48.294, 138331, GPU-ae2bc357-9c9d-ff3d-c235-bf7e8de8e94c, 938 MiB
2026/09/22 05:04:48.294, 138526, GPU-ae2bc357-9c9d-ff3d-c235-bf7e8de8e94c, 938 MiB
2026/09/22 05:04:48.294, 138832, GPU-ae2bc357-9c9d-ff3d-c235-bf7e8de8e94c, 1306 MiB
2026/09/22 05:04:48.294, 1827563, GPU-ae2bc357-9c9d-ff3d-c235-bf7e8de8e94c, 1306 MiB
2026/09/22 05:04:48.294, 1827662, GPU-ae2bc357-9c9d-ff3d-c235-bf7e8de8e94c, 1306 MiB
2026/09/22 05:04:48.295, 907585, GPU-eeb7d960-135d-5f5e-859f-f7f5efb7136d, 774 MiB
2026/09/22 05:04:48.295, 987850, GPU-eeb7d960-135d-5f5e-859f-f7f5efb7136d, 73700 MiB
2026/09/22 05:04:48.296, 1209359, GPU-d6d9222c-9b57-3843-4d93-d2a40b30ad2b, 49386 MiB
2026/09/22 05:04:48.297, 1981187, GPU-c19b526a-dfb9-68a7-ae04-b68c870482af, 1306 MiB
2026/09/22 05:04:48.297, 1981575, GPU-c19b526a-dfb9-68a7-ae04-b68c870482af, 1278 MiB
2026/09/22 05:04:48.297, 1985001, GPU-c19b526a-dfb9-68a7-ae04-b68c870482af, 1278 MiB
2026/09/22 05:04:48.297, 1985175, GPU-c19b526a-dfb9-68a7-ae04-b68c870482af, 1278 MiB
2026/09/22 05:04:48.297, 1985388, GPU-c19b526a-dfb9-68a7-ae04-b68c870482af, 1278 MiB
2026/09/22 05:04:49.297, 1844380, GPU-833bd1d4-962a-a2a9-e8ee-3f18887d8a40, 69848 MiB
2026/09/22 05:04:49.297, 1852943, GPU-833bd1d4-962a-a2a9-e8ee-3f18887d8a40, 4728 MiB
2026/09/22 05:04:49.299, 902823, GPU-5014660a-ded1-5f90-339b-0e5f9738f416, 774 MiB
2026/09/22 05:04:49.299, 917655, GPU-5014660a-ded1-5f90-339b-0e5f9738f416, 75012 MiB
2026/09/22 05:04:49.300, 1844382, GPU-d70c11ba-69d2-8984-e060-d1284dbbf2e3, 69848 MiB
2026/09/22 05:04:49.300, 1852943, GPU-d70c11ba-69d2-8984-e060-d1284dbbf2e3, 4728 MiB
2026/09/22 05:04:49.301, 137936, GPU-ae2bc357-9c9d-ff3d-c235-bf7e8de8e94c, 1278 MiB
2026/09/22 05:04:49.301, 137983, GPU-ae2bc357-9c9d-ff3d-c235-bf7e8de8e94c, 938 MiB
2026/09/22 05:04:49.301, 138213, GPU-ae2bc357-9c9d-ff3d-c235-bf7e8de8e94c, 938 MiB
2026/09/22 05:04:49.301, 138331, GPU-ae2bc357-9c9d-ff3d-c235-bf7e8de8e94c, 938 MiB
2026/09/22 05:04:49.301, 138526, GPU-ae2bc357-9c9d-ff3d-c235-bf7e8de8e94c, 938 MiB
2026/09/22 05:04:49.301, 138832, GPU-ae2bc357-9c9d-ff3d-c235-bf7e8de8e94c, 1306 MiB
2026/09/22 05:04:49.301, 1827563, GPU-ae2bc357-9c9d-ff3d-c235-bf7e8de8e94c, 1306 MiB
2026/09/22 05:04:49.301, 1827662, GPU-ae2bc357-9c9d-ff3d-c235-bf7e8de8e94c, 1306 MiB
2026/09/22 05:04:49.302, 907585, GPU-eeb7d960-135d-5f5e-859f-f7f5efb7136d, 774 MiB
2026/09/22 05:04:49.302, 987850, GPU-eeb7d960-135d-5f5e-859f-f7f5efb7136d, 73700 MiB
2026/09/22 05:04:49.302, 1209359, GPU-d6d9222c-9b57-3843-4d93-d2a40b30ad2b, 49386 MiB
2026/09/22 05:04:49.303, 1981187, GPU-c19b526a-dfb9-68a7-ae04-b68c870482af, 1306 MiB
2026/09/22 05:04:49.303, 1981575, GPU-c19b526a-dfb9-68a7-ae04-b68c870482af, 1278 MiB
2026/09/22 05:04:49.303, 1985001, GPU-c19b526a-dfb9-68a7-ae04-b68c870482af, 1278 MiB
2026/09/22 05:04:49.303, 1985175, GPU-c19b526a-dfb9-68a7-ae04-b68c870482af, 1278 MiB
2026/09/22 05:04:49.303, 1985388, GPU-c19b526a-dfb9-68a7-ae04-b68c870482af, 1278 MiB
2026/09/22 05:04:50.304, 1844380, GPU-833bd1d4-962a-a2a9-e8ee-3f18887d8a40, 69848 MiB
2026/09/22 05:04:50.304, 1852943, GPU-833bd1d4-962a-a2a9-e8ee-3f18887d8a40, 4728 MiB
2026/09/22 05:04:50.305, 902823, GPU-5014660a-ded1-5f90-339b-0e5f9738f416, 774 MiB
2026/09/22 05:04:50.305, 917655, GPU-5014660a-ded1-5f90-339b-0e5f9738f416, 75012 MiB
2026/09/22 05:04:50.306, 1844382, GPU-d70c11ba-69d2-8984-e060-d1284dbbf2e3, 69848 MiB
2026/09/22 05:04:50.306, 1852943, GPU-d70c11ba-69d2-8984-e060-d1284dbbf2e3, 4728 MiB
2026/09/22 05:04:50.307, 137936, GPU-ae2bc357-9c9d-ff3d-c235-bf7e8de8e94c, 1278 MiB
2026/09/22 05:04:50.307, 137983, GPU-ae2bc357-9c9d-ff3d-c235-bf7e8de8e94c, 938 MiB
2026/09/22 05:04:50.307, 138213, GPU-ae2bc357-9c9d-ff3d-c235-bf7e8de8e94c, 938 MiB
2026/09/22 05:04:50.307, 138331, GPU-ae2bc357-9c9d-ff3d-c235-bf7e8de8e94c, 938 MiB
2026/09/22 05:04:50.307, 138526, GPU-ae2bc357-9c9d-ff3d-c235-bf7e8de8e94c, 938 MiB
2026/09/22 05:04:50.307, 138832, GPU-ae2bc357-9c9d-ff3d-c235-bf7e8de8e94c, 1306 MiB
2026/09/22 05:04:50.307, 1827563, GPU-ae2bc357-9c9d-ff3d-c235-bf7e8de8e94c, 1306 MiB
2026/09/22 05:04:50.307, 1827662, GPU-ae2bc357-9c9d-ff3d-c235-bf7e8de8e94c, 1306 MiB
2026/09/22 05:04:50.308, 907585, GPU-eeb7d960-135d-5f5e-859f-f7f5efb7136d, 774 MiB
2026/09/22 05:04:50.308, 987850, GPU-eeb7d960-135d-5f5e-859f-f7f5efb7136d, 73700 MiB
2026/09/22 05:04:50.308, 1209359, GPU-d6d9222c-9b57-3843-4d93-d2a40b30ad2b, 49386 MiB
2026/09/22 05:04:50.309, 1981187, GPU-c19b526a-dfb9-68a7-ae04-b68c870482af, 1306 MiB
2026/09/22 05:04:50.309, 1981575, GPU-c19b526a-dfb9-68a7-ae04-b68c870482af, 1278 MiB
2026/09/22 05:04:50.309, 1985001, GPU-c19b526a-dfb9-68a7-ae04-b68c870482af, 1278 MiB
2026/09/22 05:04:50.309, 1985175, GPU-c19b526a-dfb9-68a7-ae04-b68c870482af, 1278 MiB
2026/09/22 05:04:50.309, 1985388, GPU-c19b526a-dfb9-68a7-ae04-b68c870482af, 1278 MiB
2026/09/22 05:04:51.310, 1844380, GPU-833bd1d4-962a-a2a9-e8ee-3f18887d8a40, 69848 MiB
2026/09/22 05:04:51.310, 1852943, GPU-833bd1d4-962a-a2a9-e8ee-3f18887d8a40, 4728 MiB
2026/09/22 05:04:51.311, 902823, GPU-5014660a-ded1-5f90-339b-0e5f9738f416, 774 MiB
2026/09/22 05:04:51.311, 917655, GPU-5014660a-ded1-5f90-339b-0e5f9738f416, 75012 MiB
2026/09/22 05:04:51.312, 1844382, GPU-d70c11ba-69d2-8984-e060-d1284dbbf2e3, 69848 MiB
2026/09/22 05:04:51.312, 1852943, GPU-d70c11ba-69d2-8984-e060-d1284dbbf2e3, 4728 MiB
2026/09/22 05:04:51.313, 137936, GPU-ae2bc357-9c9d-ff3d-c235-bf7e8de8e94c, 1278 MiB
2026/09/22 05:04:51.313, 137983, GPU-ae2bc357-9c9d-ff3d-c235-bf7e8de8e94c, 938 MiB
2026/09/22 05:04:51.313, 138213, GPU-ae2bc357-9c9d-ff3d-c235-bf7e8de8e94c, 938 MiB
2026/09/22 05:04:51.313, 138331, GPU-ae2bc357-9c9d-ff3d-c235-bf7e8de8e94c, 938 MiB
2026/09/22 05:04:51.313, 138526, GPU-ae2bc357-9c9d-ff3d-c235-bf7e8de8e94c, 938 MiB
2026/09/22 05:04:51.313, 138832, GPU-ae2bc357-9c9d-ff3d-c235-bf7e8de8e94c, 1306 MiB
2026/09/22 05:04:51.313, 1827563, GPU-ae2bc357-9c9d-ff3d-c235-bf7e8de8e94c, 1306 MiB
2026/09/22 05:04:51.313, 1827662, GPU-ae2bc357-9c9d-ff3d-c235-bf7e8de8e94c, 1306 MiB
2026/09/22 05:04:51.314, 907585, GPU-eeb7d960-135d-5f5e-859f-f7f5efb7136d, 774 MiB
2026/09/22 05:04:51.314, 987850, GPU-eeb7d960-135d-5f5e-859f-f7f5efb7136d, 73700 MiB
2026/09/22 05:04:51.314, 1209359, GPU-d6d9222c-9b57-3843-4d93-d2a40b30ad2b, 49386 MiB
2026/09/22 05:04:51.315, 1981187, GPU-c19b526a-dfb9-68a7-ae04-b68c870482af, 1306 MiB
2026/09/22 05:04:51.315, 1981575, GPU-c19b526a-dfb9-68a7-ae04-b68c870482af, 1278 MiB
2026/09/22 05:04:51.315, 1985001, GPU-c19b526a-dfb9-68a7-ae04-b68c870482af, 1278 MiB
2026/09/22 05:04:51.315, 1985175, GPU-c19b526a-dfb9-68a7-ae04-b68c870482af, 1278 MiB
2026/09/22 05:04:51.315, 1985388, GPU-c19b526a-dfb9-68a7-ae04-b68c870482af, 1278 MiB
2026/09/22 05:04:52.316, 1844380, GPU-833bd1d4-962a-a2a9-e8ee-3f18887d8a40, 69848 MiB
2026/09/22 05:04:52.316, 1852943, GPU-833bd1d4-962a-a2a9-e8ee-3f18887d8a40, 4728 MiB
2026/09/22 05:04:52.318, 902823, GPU-5014660a-ded1-5f90-339b-0e5f9738f416, 774 MiB
2026/09/22 05:04:52.318, 917655, GPU-5014660a-ded1-5f90-339b-0e5f9738f416, 75012 MiB
2026/09/22 05:04:52.318, 1844382, GPU-d70c11ba-69d2-8984-e060-d1284dbbf2e3, 69848 MiB
2026/09/22 05:04:52.318, 1852943, GPU-d70c11ba-69d2-8984-e060-d1284dbbf2e3, 4728 MiB
2026/09/22 05:04:52.319, 137936, GPU-ae2bc357-9c9d-ff3d-c235-bf7e8de8e94c, 1278 MiB
2026/09/22 05:04:52.319, 137983, GPU-ae2bc357-9c9d-ff3d-c235-bf7e8de8e94c, 938 MiB
2026/09/22 05:04:52.319, 138213, GPU-ae2bc357-9c9d-ff3d-c235-bf7e8de8e94c, 938 MiB
2026/09/22 05:04:52.319, 138331, GPU-ae2bc357-9c9d-ff3d-c235-bf7e8de8e94c, 938 MiB
2026/09/22 05:04:52.319, 138526, GPU-ae2bc357-9c9d-ff3d-c235-bf7e8de8e94c, 938 MiB
2026/09/22 05:04:52.319, 138832, GPU-ae2bc357-9c9d-ff3d-c235-bf7e8de8e94c, 1306 MiB
2026/09/22 05:04:52.319, 1827563, GPU-ae2bc357-9c9d-ff3d-c235-bf7e8de8e94c, 1306 MiB
2026/09/22 05:04:52.319, 1827662, GPU-ae2bc357-9c9d-ff3d-c235-bf7e8de8e94c, 1306 MiB
2026/09/22 05:04:52.320, 907585, GPU-eeb7d960-135d-5f5e-859f-f7f5efb7136d, 774 MiB
2026/09/22 05:04:52.320, 987850, GPU-eeb7d960-135d-5f5e-859f-f7f5efb7136d, 73700 MiB
2026/09/22 05:04:52.321, 1209359, GPU-d6d9222c-9b57-3843-4d93-d2a40b30ad2b, 49386 MiB
2026/09/22 05:04:52.321, 1981187, GPU-c19b526a-dfb9-68a7-ae04-b68c870482af, 1306 MiB
2026/09/22 05:04:52.321, 1981575, GPU-c19b526a-dfb9-68a7-ae04-b68c870482af, 1278 MiB
2026/09/22 05:04:52.321, 1985001, GPU-c19b526a-dfb9-68a7-ae04-b68c870482af, 1278 MiB
2026/09/22 05:04:52.321, 1985175, GPU-c19b526a-dfb9-68a7-ae04-b68c870482af, 1278 MiB
2026/09/22 05:04:52.321, 1985388, GPU-c19b526a-dfb9-68a7-ae04-b68c870482af, 1278 MiB
2026/09/22 05:04:53.322, 1844380, GPU-833bd1d4-962a-a2a9-e8ee-3f18887d8a40, 69848 MiB
2026/09/22 05:04:53.322, 1852943, GPU-833bd1d4-962a-a2a9-e8ee-3f18887d8a40, 4728 MiB
2026/09/22 05:04:53.324, 902823, GPU-5014660a-ded1-5f90-339b-0e5f9738f416, 774 MiB
2026/09/22 05:04:53.324, 917655, GPU-5014660a-ded1-5f90-339b-0e5f9738f416, 75012 MiB
2026/09/22 05:04:53.324, 1844382, GPU-d70c11ba-69d2-8984-e060-d1284dbbf2e3, 69848 MiB
2026/09/22 05:04:53.324, 1852943, GPU-d70c11ba-69d2-8984-e060-d1284dbbf2e3, 4728 MiB
2026/09/22 05:04:53.325, 137936, GPU-ae2bc357-9c9d-ff3d-c235-bf7e8de8e94c, 1278 MiB
2026/09/22 05:04:53.325, 137983, GPU-ae2bc357-9c9d-ff3d-c235-bf7e8de8e94c, 938 MiB
2026/09/22 05:04:53.325, 138213, GPU-ae2bc357-9c9d-ff3d-c235-bf7e8de8e94c, 938 MiB
2026/09/22 05:04:53.325, 138331, GPU-ae2bc357-9c9d-ff3d-c235-bf7e8de8e94c, 938 MiB
2026/09/22 05:04:53.325, 138526, GPU-ae2bc357-9c9d-ff3d-c235-bf7e8de8e94c, 938 MiB
2026/09/22 05:04:53.325, 138832, GPU-ae2bc357-9c9d-ff3d-c235-bf7e8de8e94c, 1306 MiB
2026/09/22 05:04:53.325, 1827563, GPU-ae2bc357-9c9d-ff3d-c235-bf7e8de8e94c, 1306 MiB
2026/09/22 05:04:53.325, 1827662, GPU-ae2bc357-9c9d-ff3d-c235-bf7e8de8e94c, 1306 MiB
2026/09/22 05:04:53.326, 907585, GPU-eeb7d960-135d-5f5e-859f-f7f5efb7136d, 774 MiB
2026/09/22 05:04:53.326, 987850, GPU-eeb7d960-135d-5f5e-859f-f7f5efb7136d, 73700 MiB
2026/09/22 05:04:53.326, 1209359, GPU-d6d9222c-9b57-3843-4d93-d2a40b30ad2b, 49386 MiB
2026/09/22 05:04:53.327, 1981187, GPU-c19b526a-dfb9-68a7-ae04-b68c870482af, 1306 MiB
2026/09/22 05:04:53.327, 1981575, GPU-c19b526a-dfb9-68a7-ae04-b68c870482af, 1278 MiB
2026/09/22 05:04:53.327, 1985001, GPU-c19b526a-dfb9-68a7-ae04-b68c870482af, 1278 MiB
2026/09/22 05:04:53.327, 1985175, GPU-c19b526a-dfb9-68a7-ae04-b68c870482af, 1278 MiB
2026/09/22 05:04:53.327, 1985388, GPU-c19b526a-dfb9-68a7-ae04-b68c870482af, 1278 MiB
2026/09/22 05:04:54.327, 1844380, GPU-833bd1d4-962a-a2a9-e8ee-3f18887d8a40, 69848 MiB
2026/09/22 05:04:54.327, 1852943, GPU-833bd1d4-962a-a2a9-e8ee-3f18887d8a40, 4728 MiB
2026/09/22 05:04:54.329, 902823, GPU-5014660a-ded1-5f90-339b-0e5f9738f416, 774 MiB
2026/09/22 05:04:54.329, 917655, GPU-5014660a-ded1-5f90-339b-0e5f9738f416, 75012 MiB
2026/09/22 05:04:54.330, 1844382, GPU-d70c11ba-69d2-8984-e060-d1284dbbf2e3, 69848 MiB
2026/09/22 05:04:54.330, 1852943, GPU-d70c11ba-69d2-8984-e060-d1284dbbf2e3, 4728 MiB
2026/09/22 05:04:54.331, 137936, GPU-ae2bc357-9c9d-ff3d-c235-bf7e8de8e94c, 1278 MiB
2026/09/22 05:04:54.331, 137983, GPU-ae2bc357-9c9d-ff3d-c235-bf7e8de8e94c, 938 MiB
2026/09/22 05:04:54.331, 138213, GPU-ae2bc357-9c9d-ff3d-c235-bf7e8de8e94c, 938 MiB
2026/09/22 05:04:54.331, 138331, GPU-ae2bc357-9c9d-ff3d-c235-bf7e8de8e94c, 938 MiB
2026/09/22 05:04:54.331, 138526, GPU-ae2bc357-9c9d-ff3d-c235-bf7e8de8e94c, 938 MiB
2026/09/22 05:04:54.331, 138832, GPU-ae2bc357-9c9d-ff3d-c235-bf7e8de8e94c, 1306 MiB
2026/09/22 05:04:54.331, 1827563, GPU-ae2bc357-9c9d-ff3d-c235-bf7e8de8e94c, 1306 MiB
2026/09/22 05:04:54.331, 1827662, GPU-ae2bc357-9c9d-ff3d-c235-bf7e8de8e94c, 1306 MiB
2026/09/22 05:04:54.332, 907585, GPU-eeb7d960-135d-5f5e-859f-f7f5efb7136d, 774 MiB
2026/09/22 05:04:54.332, 987850, GPU-eeb7d960-135d-5f5e-859f-f7f5efb7136d, 73700 MiB
2026/09/22 05:04:54.332, 1209359, GPU-d6d9222c-9b57-3843-4d93-d2a40b30ad2b, 49386 MiB
2026/09/22 05:04:54.333, 1981187, GPU-c19b526a-dfb9-68a7-ae04-b68c870482af, 1306 MiB
2026/09/22 05:04:54.333, 1981575, GPU-c19b526a-dfb9-68a7-ae04-b68c870482af, 1278 MiB
2026/09/22 05:04:54.333, 1985001, GPU-c19b526a-dfb9-68a7-ae04-b68c870482af, 1278 MiB
2026/09/22 05:04:54.333, 1985175, GPU-c19b526a-dfb9-68a7-ae04-b68c870482af, 1278 MiB
2026/09/22 05:04:54.333, 1985388, GPU-c19b526a-dfb9-68a7-ae04-b68c870482af, 1278 MiB
2026/09/22 05:04:55.333, 1844380, GPU-833bd1d4-962a-a2a9-e8ee-3f18887d8a40, 69848 MiB
2026/09/22 05:04:55.333, 1852943, GPU-833bd1d4-962a-a2a9-e8ee-3f18887d8a40, 4728 MiB
2026/09/22 05:04:55.335, 902823, GPU-5014660a-ded1-5f90-339b-0e5f9738f416, 774 MiB
2026/09/22 05:04:55.335, 917655, GPU-5014660a-ded1-5f90-339b-0e5f9738f416, 75012 MiB
2026/09/22 05:04:55.336, 1844382, GPU-d70c11ba-69d2-8984-e060-d1284dbbf2e3, 69848 MiB
2026/09/22 05:04:55.336, 1852943, GPU-d70c11ba-69d2-8984-e060-d1284dbbf2e3, 4728 MiB
2026/09/22 05:04:55.337, 137936, GPU-ae2bc357-9c9d-ff3d-c235-bf7e8de8e94c, 1278 MiB
2026/09/22 05:04:55.337, 137983, GPU-ae2bc357-9c9d-ff3d-c235-bf7e8de8e94c, 938 MiB
2026/09/22 05:04:55.337, 138213, GPU-ae2bc357-9c9d-ff3d-c235-bf7e8de8e94c, 938 MiB
2026/09/22 05:04:55.337, 138331, GPU-ae2bc357-9c9d-ff3d-c235-bf7e8de8e94c, 938 MiB
2026/09/22 05:04:55.337, 138526, GPU-ae2bc357-9c9d-ff3d-c235-bf7e8de8e94c, 938 MiB
2026/09/22 05:04:55.337, 138832, GPU-ae2bc357-9c9d-ff3d-c235-bf7e8de8e94c, 1306 MiB
2026/09/22 05:04:55.337, 1827563, GPU-ae2bc357-9c9d-ff3d-c235-bf7e8de8e94c, 1306 MiB
2026/09/22 05:04:55.337, 1827662, GPU-ae2bc357-9c9d-ff3d-c235-bf7e8de8e94c, 1306 MiB
2026/09/22 05:04:55.338, 907585, GPU-eeb7d960-135d-5f5e-859f-f7f5efb7136d, 774 MiB
2026/09/22 05:04:55.338, 987850, GPU-eeb7d960-135d-5f5e-859f-f7f5efb7136d, 73700 MiB
2026/09/22 05:04:55.339, 1209359, GPU-d6d9222c-9b57-3843-4d93-d2a40b30ad2b, 49386 MiB
2026/09/22 05:04:55.339, 1981187, GPU-c19b526a-dfb9-68a7-ae04-b68c870482af, 1306 MiB
2026/09/22 05:04:55.339, 1981575, GPU-c19b526a-dfb9-68a7-ae04-b68c870482af, 1278 MiB
2026/09/22 05:04:55.339, 1985001, GPU-c19b526a-dfb9-68a7-ae04-b68c870482af, 1278 MiB
2026/09/22 05:04:55.339, 1985175, GPU-c19b526a-dfb9-68a7-ae04-b68c870482af, 1278 MiB
2026/09/22 05:04:55.339, 1985388, GPU-c19b526a-dfb9-68a7-ae04-b68c870482af, 1278 MiB
2026/09/22 05:04:56.340, 1844380, GPU-833bd1d4-962a-a2a9-e8ee-3f18887d8a40, 69848 MiB
2026/09/22 05:04:56.340, 1852943, GPU-833bd1d4-962a-a2a9-e8ee-3f18887d8a40, 4728 MiB
2026/09/22 05:04:56.351, 902823, GPU-5014660a-ded1-5f90-339b-0e5f9738f416, 774 MiB
2026/09/22 05:04:56.351, 917655, GPU-5014660a-ded1-5f90-339b-0e5f9738f416, 75012 MiB
2026/09/22 05:04:56.355, 1844382, GPU-d70c11ba-69d2-8984-e060-d1284dbbf2e3, 69848 MiB
2026/09/22 05:04:56.355, 1852943, GPU-d70c11ba-69d2-8984-e060-d1284dbbf2e3, 4728 MiB
2026/09/22 05:04:56.360, 137936, GPU-ae2bc357-9c9d-ff3d-c235-bf7e8de8e94c, 1278 MiB
2026/09/22 05:04:56.360, 137983, GPU-ae2bc357-9c9d-ff3d-c235-bf7e8de8e94c, 938 MiB
2026/09/22 05:04:56.360, 138213, GPU-ae2bc357-9c9d-ff3d-c235-bf7e8de8e94c, 938 MiB
2026/09/22 05:04:56.360, 138331, GPU-ae2bc357-9c9d-ff3d-c235-bf7e8de8e94c, 938 MiB
2026/09/22 05:04:56.360, 138526, GPU-ae2bc357-9c9d-ff3d-c235-bf7e8de8e94c, 938 MiB
2026/09/22 05:04:56.360, 138832, GPU-ae2bc357-9c9d-ff3d-c235-bf7e8de8e94c, 1306 MiB
2026/09/22 05:04:56.360, 1827563, GPU-ae2bc357-9c9d-ff3d-c235-bf7e8de8e94c, 1306 MiB
2026/09/22 05:04:56.360, 1827662, GPU-ae2bc357-9c9d-ff3d-c235-bf7e8de8e94c, 1306 MiB
2026/09/22 05:04:56.364, 907585, GPU-eeb7d960-135d-5f5e-859f-f7f5efb7136d, 774 MiB
2026/09/22 05:04:56.364, 987850, GPU-eeb7d960-135d-5f5e-859f-f7f5efb7136d, 73700 MiB
2026/09/22 05:04:56.366, 1209359, GPU-d6d9222c-9b57-3843-4d93-d2a40b30ad2b, 49386 MiB
2026/09/22 05:04:56.370, 1981187, GPU-c19b526a-dfb9-68a7-ae04-b68c870482af, 1306 MiB
2026/09/22 05:04:56.370, 1981575, GPU-c19b526a-dfb9-68a7-ae04-b68c870482af, 1278 MiB
2026/09/22 05:04:56.370, 1985001, GPU-c19b526a-dfb9-68a7-ae04-b68c870482af, 1278 MiB
2026/09/22 05:04:56.370, 1985175, GPU-c19b526a-dfb9-68a7-ae04-b68c870482af, 1278 MiB
2026/09/22 05:04:56.370, 1985388, GPU-c19b526a-dfb9-68a7-ae04-b68c870482af, 1278 MiB
2026/09/22 05:04:57.374, 1844380, GPU-833bd1d4-962a-a2a9-e8ee-3f18887d8a40, 69848 MiB
2026/09/22 05:04:57.374, 1852943, GPU-833bd1d4-962a-a2a9-e8ee-3f18887d8a40, 4728 MiB
2026/09/22 05:04:57.375, 902823, GPU-5014660a-ded1-5f90-339b-0e5f9738f416, 774 MiB
2026/09/22 05:04:57.375, 917655, GPU-5014660a-ded1-5f90-339b-0e5f9738f416, 75012 MiB
2026/09/22 05:04:57.376, 1844382, GPU-d70c11ba-69d2-8984-e060-d1284dbbf2e3, 69848 MiB
2026/09/22 05:04:57.376, 1852943, GPU-d70c11ba-69d2-8984-e060-d1284dbbf2e3, 4728 MiB
2026/09/22 05:04:57.378, 137936, GPU-ae2bc357-9c9d-ff3d-c235-bf7e8de8e94c, 1278 MiB
2026/09/22 05:04:57.378, 137983, GPU-ae2bc357-9c9d-ff3d-c235-bf7e8de8e94c, 938 MiB
2026/09/22 05:04:57.378, 138213, GPU-ae2bc357-9c9d-ff3d-c235-bf7e8de8e94c, 938 MiB
2026/09/22 05:04:57.378, 138331, GPU-ae2bc357-9c9d-ff3d-c235-bf7e8de8e94c, 938 MiB
2026/09/22 05:04:57.378, 138526, GPU-ae2bc357-9c9d-ff3d-c235-bf7e8de8e94c, 938 MiB
2026/09/22 05:04:57.378, 138832, GPU-ae2bc357-9c9d-ff3d-c235-bf7e8de8e94c, 1306 MiB
2026/09/22 05:04:57.378, 1827563, GPU-ae2bc357-9c9d-ff3d-c235-bf7e8de8e94c, 1306 MiB
2026/09/22 05:04:57.378, 1827662, GPU-ae2bc357-9c9d-ff3d-c235-bf7e8de8e94c, 1306 MiB
2026/09/22 05:04:57.379, 907585, GPU-eeb7d960-135d-5f5e-859f-f7f5efb7136d, 774 MiB
2026/09/22 05:04:57.379, 987850, GPU-eeb7d960-135d-5f5e-859f-f7f5efb7136d, 73700 MiB
2026/09/22 05:04:57.380, 1209359, GPU-d6d9222c-9b57-3843-4d93-d2a40b30ad2b, 49386 MiB
2026/09/22 05:04:57.380, 1981187, GPU-c19b526a-dfb9-68a7-ae04-b68c870482af, 1306 MiB
2026/09/22 05:04:57.380, 1981575, GPU-c19b526a-dfb9-68a7-ae04-b68c870482af, 1278 MiB
2026/09/22 05:04:57.380, 1985001, GPU-c19b526a-dfb9-68a7-ae04-b68c870482af, 1278 MiB
2026/09/22 05:04:57.380, 1985175, GPU-c19b526a-dfb9-68a7-ae04-b68c870482af, 1278 MiB
2026/09/22 05:04:57.380, 1985388, GPU-c19b526a-dfb9-68a7-ae04-b68c870482af, 1278 MiB
2026/09/22 05:04:58.381, 1844380, GPU-833bd1d4-962a-a2a9-e8ee-3f18887d8a40, 69848 MiB
2026/09/22 05:04:58.381, 1852943, GPU-833bd1d4-962a-a2a9-e8ee-3f18887d8a40, 4728 MiB
2026/09/22 05:04:58.383, 902823, GPU-5014660a-ded1-5f90-339b-0e5f9738f416, 774 MiB
2026/09/22 05:04:58.383, 917655, GPU-5014660a-ded1-5f90-339b-0e5f9738f416, 75012 MiB
2026/09/22 05:04:58.384, 1844382, GPU-d70c11ba-69d2-8984-e060-d1284dbbf2e3, 69848 MiB
2026/09/22 05:04:58.384, 1852943, GPU-d70c11ba-69d2-8984-e060-d1284dbbf2e3, 4728 MiB
2026/09/22 05:04:58.386, 137936, GPU-ae2bc357-9c9d-ff3d-c235-bf7e8de8e94c, 1278 MiB
2026/09/22 05:04:58.386, 137983, GPU-ae2bc357-9c9d-ff3d-c235-bf7e8de8e94c, 938 MiB
2026/09/22 05:04:58.386, 138213, GPU-ae2bc357-9c9d-ff3d-c235-bf7e8de8e94c, 938 MiB
2026/09/22 05:04:58.386, 138331, GPU-ae2bc357-9c9d-ff3d-c235-bf7e8de8e94c, 938 MiB
2026/09/22 05:04:58.386, 138526, GPU-ae2bc357-9c9d-ff3d-c235-bf7e8de8e94c, 938 MiB
2026/09/22 05:04:58.386, 138832, GPU-ae2bc357-9c9d-ff3d-c235-bf7e8de8e94c, 1306 MiB
2026/09/22 05:04:58.386, 1827563, GPU-ae2bc357-9c9d-ff3d-c235-bf7e8de8e94c, 1306 MiB
2026/09/22 05:04:58.386, 1827662, GPU-ae2bc357-9c9d-ff3d-c235-bf7e8de8e94c, 1306 MiB
2026/09/22 05:04:58.387, 907585, GPU-eeb7d960-135d-5f5e-859f-f7f5efb7136d, 774 MiB
2026/09/22 05:04:58.387, 987850, GPU-eeb7d960-135d-5f5e-859f-f7f5efb7136d, 73700 MiB
2026/09/22 05:04:58.388, 1209359, GPU-d6d9222c-9b57-3843-4d93-d2a40b30ad2b, 49386 MiB
2026/09/22 05:04:58.388, 1981187, GPU-c19b526a-dfb9-68a7-ae04-b68c870482af, 1306 MiB
2026/09/22 05:04:58.388, 1981575, GPU-c19b526a-dfb9-68a7-ae04-b68c870482af, 1278 MiB
2026/09/22 05:04:58.388, 1985001, GPU-c19b526a-dfb9-68a7-ae04-b68c870482af, 1278 MiB
2026/09/22 05:04:58.388, 1985175, GPU-c19b526a-dfb9-68a7-ae04-b68c870482af, 1278 MiB
2026/09/22 05:04:58.388, 1985388, GPU-c19b526a-dfb9-68a7-ae04-b68c870482af, 1278 MiB
2026/09/22 05:04:59.389, 1844380, GPU-833bd1d4-962a-a2a9-e8ee-3f18887d8a40, 69848 MiB
2026/09/22 05:04:59.389, 1852943, GPU-833bd1d4-962a-a2a9-e8ee-3f18887d8a40, 4728 MiB
2026/09/22 05:04:59.397, 902823, GPU-5014660a-ded1-5f90-339b-0e5f9738f416, 774 MiB
2026/09/22 05:04:59.397, 917655, GPU-5014660a-ded1-5f90-339b-0e5f9738f416, 75012 MiB
2026/09/22 05:04:59.401, 1844382, GPU-d70c11ba-69d2-8984-e060-d1284dbbf2e3, 69848 MiB
2026/09/22 05:04:59.401, 1852943, GPU-d70c11ba-69d2-8984-e060-d1284dbbf2e3, 4728 MiB
2026/09/22 05:04:59.414, 137936, GPU-ae2bc357-9c9d-ff3d-c235-bf7e8de8e94c, 1278 MiB
2026/09/22 05:04:59.414, 137983, GPU-ae2bc357-9c9d-ff3d-c235-bf7e8de8e94c, 938 MiB
2026/09/22 05:04:59.414, 138213, GPU-ae2bc357-9c9d-ff3d-c235-bf7e8de8e94c, 938 MiB
2026/09/22 05:04:59.414, 138331, GPU-ae2bc357-9c9d-ff3d-c235-bf7e8de8e94c, 938 MiB
2026/09/22 05:04:59.414, 138526, GPU-ae2bc357-9c9d-ff3d-c235-bf7e8de8e94c, 938 MiB
2026/09/22 05:04:59.414, 138832, GPU-ae2bc357-9c9d-ff3d-c235-bf7e8de8e94c, 1306 MiB
2026/09/22 05:04:59.414, 1827563, GPU-ae2bc357-9c9d-ff3d-c235-bf7e8de8e94c, 1306 MiB
2026/09/22 05:04:59.414, 1827662, GPU-ae2bc357-9c9d-ff3d-c235-bf7e8de8e94c, 1306 MiB
2026/09/22 05:04:59.417, 907585, GPU-eeb7d960-135d-5f5e-859f-f7f5efb7136d, 774 MiB
2026/09/22 05:04:59.417, 987850, GPU-eeb7d960-135d-5f5e-859f-f7f5efb7136d, 73700 MiB
2026/09/22 05:04:59.422, 1209359, GPU-d6d9222c-9b57-3843-4d93-d2a40b30ad2b, 49386 MiB
2026/09/22 05:04:59.424, 1981187, GPU-c19b526a-dfb9-68a7-ae04-b68c870482af, 1306 MiB
2026/09/22 05:04:59.424, 1981575, GPU-c19b526a-dfb9-68a7-ae04-b68c870482af, 1278 MiB
2026/09/22 05:04:59.424, 1985001, GPU-c19b526a-dfb9-68a7-ae04-b68c870482af, 1278 MiB
2026/09/22 05:04:59.424, 1985175, GPU-c19b526a-dfb9-68a7-ae04-b68c870482af, 1278 MiB
2026/09/22 05:04:59.424, 1985388, GPU-c19b526a-dfb9-68a7-ae04-b68c870482af, 1278 MiB
2026/09/22 05:05:00.426, 1844380, GPU-833bd1d4-962a-a2a9-e8ee-3f18887d8a40, 69848 MiB
2026/09/22 05:05:00.426, 1852943, GPU-833bd1d4-962a-a2a9-e8ee-3f18887d8a40, 4728 MiB
2026/09/22 05:05:00.428, 902823, GPU-5014660a-ded1-5f90-339b-0e5f9738f416, 774 MiB
2026/09/22 05:05:00.428, 917655, GPU-5014660a-ded1-5f90-339b-0e5f9738f416, 75012 MiB
2026/09/22 05:05:00.429, 1844382, GPU-d70c11ba-69d2-8984-e060-d1284dbbf2e3, 69848 MiB
2026/09/22 05:05:00.429, 1852943, GPU-d70c11ba-69d2-8984-e060-d1284dbbf2e3, 4728 MiB
2026/09/22 05:05:00.430, 137936, GPU-ae2bc357-9c9d-ff3d-c235-bf7e8de8e94c, 1278 MiB
2026/09/22 05:05:00.430, 137983, GPU-ae2bc357-9c9d-ff3d-c235-bf7e8de8e94c, 938 MiB
2026/09/22 05:05:00.430, 138213, GPU-ae2bc357-9c9d-ff3d-c235-bf7e8de8e94c, 938 MiB
2026/09/22 05:05:00.430, 138331, GPU-ae2bc357-9c9d-ff3d-c235-bf7e8de8e94c, 938 MiB
2026/09/22 05:05:00.430, 138526, GPU-ae2bc357-9c9d-ff3d-c235-bf7e8de8e94c, 938 MiB
2026/09/22 05:05:00.430, 138832, GPU-ae2bc357-9c9d-ff3d-c235-bf7e8de8e94c, 1306 MiB
2026/09/22 05:05:00.430, 1827563, GPU-ae2bc357-9c9d-ff3d-c235-bf7e8de8e94c, 1306 MiB
2026/09/22 05:05:00.430, 1827662, GPU-ae2bc357-9c9d-ff3d-c235-bf7e8de8e94c, 1306 MiB
2026/09/22 05:05:00.431, 907585, GPU-eeb7d960-135d-5f5e-859f-f7f5efb7136d, 774 MiB
2026/09/22 05:05:00.431, 987850, GPU-eeb7d960-135d-5f5e-859f-f7f5efb7136d, 73700 MiB
2026/09/22 05:05:00.432, 1209359, GPU-d6d9222c-9b57-3843-4d93-d2a40b30ad2b, 49386 MiB
2026/09/22 05:05:00.432, 1981187, GPU-c19b526a-dfb9-68a7-ae04-b68c870482af, 1306 MiB
2026/09/22 05:05:00.432, 1981575, GPU-c19b526a-dfb9-68a7-ae04-b68c870482af, 1278 MiB
2026/09/22 05:05:00.432, 1985001, GPU-c19b526a-dfb9-68a7-ae04-b68c870482af, 1278 MiB
2026/09/22 05:05:00.432, 1985175, GPU-c19b526a-dfb9-68a7-ae04-b68c870482af, 1278 MiB
2026/09/22 05:05:00.432, 1985388, GPU-c19b526a-dfb9-68a7-ae04-b68c870482af, 1278 MiB
2026/09/22 05:05:01.433, 1844380, GPU-833bd1d4-962a-a2a9-e8ee-3f18887d8a40, 69848 MiB
2026/09/22 05:05:01.433, 1852943, GPU-833bd1d4-962a-a2a9-e8ee-3f18887d8a40, 4728 MiB
2026/09/22 05:05:01.435, 902823, GPU-5014660a-ded1-5f90-339b-0e5f9738f416, 774 MiB
2026/09/22 05:05:01.435, 917655, GPU-5014660a-ded1-5f90-339b-0e5f9738f416, 75012 MiB
2026/09/22 05:05:01.435, 1844382, GPU-d70c11ba-69d2-8984-e060-d1284dbbf2e3, 69848 MiB
2026/09/22 05:05:01.435, 1852943, GPU-d70c11ba-69d2-8984-e060-d1284dbbf2e3, 4728 MiB
2026/09/22 05:05:01.436, 137936, GPU-ae2bc357-9c9d-ff3d-c235-bf7e8de8e94c, 1278 MiB
2026/09/22 05:05:01.436, 137983, GPU-ae2bc357-9c9d-ff3d-c235-bf7e8de8e94c, 938 MiB
2026/09/22 05:05:01.436, 138213, GPU-ae2bc357-9c9d-ff3d-c235-bf7e8de8e94c, 938 MiB
2026/09/22 05:05:01.436, 138331, GPU-ae2bc357-9c9d-ff3d-c235-bf7e8de8e94c, 938 MiB
2026/09/22 05:05:01.436, 138526, GPU-ae2bc357-9c9d-ff3d-c235-bf7e8de8e94c, 938 MiB
2026/09/22 05:05:01.436, 138832, GPU-ae2bc357-9c9d-ff3d-c235-bf7e8de8e94c, 1306 MiB
2026/09/22 05:05:01.436, 1827563, GPU-ae2bc357-9c9d-ff3d-c235-bf7e8de8e94c, 1306 MiB
2026/09/22 05:05:01.436, 1827662, GPU-ae2bc357-9c9d-ff3d-c235-bf7e8de8e94c, 1306 MiB
2026/09/22 05:05:01.437, 907585, GPU-eeb7d960-135d-5f5e-859f-f7f5efb7136d, 774 MiB
2026/09/22 05:05:01.437, 987850, GPU-eeb7d960-135d-5f5e-859f-f7f5efb7136d, 73700 MiB
2026/09/22 05:05:01.438, 1209359, GPU-d6d9222c-9b57-3843-4d93-d2a40b30ad2b, 49386 MiB
2026/09/22 05:05:01.438, 1981187, GPU-c19b526a-dfb9-68a7-ae04-b68c870482af, 1306 MiB
2026/09/22 05:05:01.438, 1981575, GPU-c19b526a-dfb9-68a7-ae04-b68c870482af, 1278 MiB
2026/09/22 05:05:01.438, 1985001, GPU-c19b526a-dfb9-68a7-ae04-b68c870482af, 1278 MiB
2026/09/22 05:05:01.438, 1985175, GPU-c19b526a-dfb9-68a7-ae04-b68c870482af, 1278 MiB
2026/09/22 05:05:01.438, 1985388, GPU-c19b526a-dfb9-68a7-ae04-b68c870482af, 1278 MiB
2026/09/22 05:05:02.439, 1844380, GPU-833bd1d4-962a-a2a9-e8ee-3f18887d8a40, 69848 MiB
2026/09/22 05:05:02.439, 1852943, GPU-833bd1d4-962a-a2a9-e8ee-3f18887d8a40, 4728 MiB
2026/09/22 05:05:02.441, 902823, GPU-5014660a-ded1-5f90-339b-0e5f9738f416, 774 MiB
2026/09/22 05:05:02.441, 917655, GPU-5014660a-ded1-5f90-339b-0e5f9738f416, 75012 MiB
2026/09/22 05:05:02.442, 1844382, GPU-d70c11ba-69d2-8984-e060-d1284dbbf2e3, 69848 MiB
2026/09/22 05:05:02.442, 1852943, GPU-d70c11ba-69d2-8984-e060-d1284dbbf2e3, 4728 MiB
2026/09/22 05:05:02.443, 137936, GPU-ae2bc357-9c9d-ff3d-c235-bf7e8de8e94c, 1278 MiB
2026/09/22 05:05:02.443, 137983, GPU-ae2bc357-9c9d-ff3d-c235-bf7e8de8e94c, 938 MiB
2026/09/22 05:05:02.443, 138213, GPU-ae2bc357-9c9d-ff3d-c235-bf7e8de8e94c, 938 MiB
2026/09/22 05:05:02.443, 138331, GPU-ae2bc357-9c9d-ff3d-c235-bf7e8de8e94c, 938 MiB
2026/09/22 05:05:02.443, 138526, GPU-ae2bc357-9c9d-ff3d-c235-bf7e8de8e94c, 938 MiB
2026/09/22 05:05:02.443, 138832, GPU-ae2bc357-9c9d-ff3d-c235-bf7e8de8e94c, 1306 MiB
2026/09/22 05:05:02.443, 1827563, GPU-ae2bc357-9c9d-ff3d-c235-bf7e8de8e94c, 1306 MiB
2026/09/22 05:05:02.443, 1827662, GPU-ae2bc357-9c9d-ff3d-c235-bf7e8de8e94c, 1306 MiB
2026/09/22 05:05:02.444, 907585, GPU-eeb7d960-135d-5f5e-859f-f7f5efb7136d, 774 MiB
2026/09/22 05:05:02.444, 987850, GPU-eeb7d960-135d-5f5e-859f-f7f5efb7136d, 73700 MiB
2026/09/22 05:05:02.444, 1209359, GPU-d6d9222c-9b57-3843-4d93-d2a40b30ad2b, 49386 MiB
2026/09/22 05:05:02.445, 1981187, GPU-c19b526a-dfb9-68a7-ae04-b68c870482af, 1306 MiB
2026/09/22 05:05:02.445, 1981575, GPU-c19b526a-dfb9-68a7-ae04-b68c870482af, 1278 MiB
2026/09/22 05:05:02.445, 1985001, GPU-c19b526a-dfb9-68a7-ae04-b68c870482af, 1278 MiB
2026/09/22 05:05:02.445, 1985175, GPU-c19b526a-dfb9-68a7-ae04-b68c870482af, 1278 MiB
2026/09/22 05:05:02.445, 1985388, GPU-c19b526a-dfb9-68a7-ae04-b68c870482af, 1278 MiB
2026/09/22 05:05:03.445, 1844380, GPU-833bd1d4-962a-a2a9-e8ee-3f18887d8a40, 69848 MiB
2026/09/22 05:05:03.445, 1852943, GPU-833bd1d4-962a-a2a9-e8ee-3f18887d8a40, 4728 MiB
2026/09/22 05:05:03.447, 902823, GPU-5014660a-ded1-5f90-339b-0e5f9738f416, 774 MiB
2026/09/22 05:05:03.447, 917655, GPU-5014660a-ded1-5f90-339b-0e5f9738f416, 75012 MiB
2026/09/22 05:05:03.447, 1844382, GPU-d70c11ba-69d2-8984-e060-d1284dbbf2e3, 69848 MiB
2026/09/22 05:05:03.447, 1852943, GPU-d70c11ba-69d2-8984-e060-d1284dbbf2e3, 4728 MiB
2026/09/22 05:05:03.448, 137936, GPU-ae2bc357-9c9d-ff3d-c235-bf7e8de8e94c, 1278 MiB
2026/09/22 05:05:03.448, 137983, GPU-ae2bc357-9c9d-ff3d-c235-bf7e8de8e94c, 938 MiB
2026/09/22 05:05:03.448, 138213, GPU-ae2bc357-9c9d-ff3d-c235-bf7e8de8e94c, 938 MiB
2026/09/22 05:05:03.448, 138331, GPU-ae2bc357-9c9d-ff3d-c235-bf7e8de8e94c, 938 MiB
2026/09/22 05:05:03.448, 138526, GPU-ae2bc357-9c9d-ff3d-c235-bf7e8de8e94c, 938 MiB
2026/09/22 05:05:03.448, 138832, GPU-ae2bc357-9c9d-ff3d-c235-bf7e8de8e94c, 1306 MiB
2026/09/22 05:05:03.448, 1827563, GPU-ae2bc357-9c9d-ff3d-c235-bf7e8de8e94c, 1306 MiB
2026/09/22 05:05:03.448, 1827662, GPU-ae2bc357-9c9d-ff3d-c235-bf7e8de8e94c, 1306 MiB
2026/09/22 05:05:03.448, 907585, GPU-eeb7d960-135d-5f5e-859f-f7f5efb7136d, 774 MiB
2026/09/22 05:05:03.448, 987850, GPU-eeb7d960-135d-5f5e-859f-f7f5efb7136d, 73700 MiB
2026/09/22 05:05:03.449, 1209359, GPU-d6d9222c-9b57-3843-4d93-d2a40b30ad2b, 49386 MiB
2026/09/22 05:05:03.449, 1981187, GPU-c19b526a-dfb9-68a7-ae04-b68c870482af, 1306 MiB
2026/09/22 05:05:03.449, 1981575, GPU-c19b526a-dfb9-68a7-ae04-b68c870482af, 1278 MiB
2026/09/22 05:05:03.449, 1985001, GPU-c19b526a-dfb9-68a7-ae04-b68c870482af, 1278 MiB
2026/09/22 05:05:03.449, 1985175, GPU-c19b526a-dfb9-68a7-ae04-b68c870482af, 1278 MiB
2026/09/22 05:05:03.449, 1985388, GPU-c19b526a-dfb9-68a7-ae04-b68c870482af, 1278 MiB
2026/09/22 05:05:04.450, 1844380, GPU-833bd1d4-962a-a2a9-e8ee-3f18887d8a40, 69848 MiB
2026/09/22 05:05:04.450, 1852943, GPU-833bd1d4-962a-a2a9-e8ee-3f18887d8a40, 4728 MiB
2026/09/22 05:05:04.451, 902823, GPU-5014660a-ded1-5f90-339b-0e5f9738f416, 774 MiB
2026/09/22 05:05:04.451, 917655, GPU-5014660a-ded1-5f90-339b-0e5f9738f416, 75012 MiB
2026/09/22 05:05:04.452, 1844382, GPU-d70c11ba-69d2-8984-e060-d1284dbbf2e3, 69848 MiB
2026/09/22 05:05:04.452, 1852943, GPU-d70c11ba-69d2-8984-e060-d1284dbbf2e3, 4728 MiB
2026/09/22 05:05:04.453, 137936, GPU-ae2bc357-9c9d-ff3d-c235-bf7e8de8e94c, 1278 MiB
2026/09/22 05:05:04.453, 137983, GPU-ae2bc357-9c9d-ff3d-c235-bf7e8de8e94c, 938 MiB
2026/09/22 05:05:04.453, 138213, GPU-ae2bc357-9c9d-ff3d-c235-bf7e8de8e94c, 938 MiB
2026/09/22 05:05:04.453, 138331, GPU-ae2bc357-9c9d-ff3d-c235-bf7e8de8e94c, 938 MiB
2026/09/22 05:05:04.453, 138526, GPU-ae2bc357-9c9d-ff3d-c235-bf7e8de8e94c, 938 MiB
2026/09/22 05:05:04.453, 138832, GPU-ae2bc357-9c9d-ff3d-c235-bf7e8de8e94c, 1306 MiB
2026/09/22 05:05:04.453, 1827563, GPU-ae2bc357-9c9d-ff3d-c235-bf7e8de8e94c, 1306 MiB
2026/09/22 05:05:04.453, 1827662, GPU-ae2bc357-9c9d-ff3d-c235-bf7e8de8e94c, 1306 MiB
2026/09/22 05:05:04.457, 907585, GPU-eeb7d960-135d-5f5e-859f-f7f5efb7136d, 774 MiB
2026/09/22 05:05:04.457, 987850, GPU-eeb7d960-135d-5f5e-859f-f7f5efb7136d, 73700 MiB
2026/09/22 05:05:04.458, 1209359, GPU-d6d9222c-9b57-3843-4d93-d2a40b30ad2b, 49386 MiB
2026/09/22 05:05:04.458, 1981187, GPU-c19b526a-dfb9-68a7-ae04-b68c870482af, 1306 MiB
2026/09/22 05:05:04.458, 1981575, GPU-c19b526a-dfb9-68a7-ae04-b68c870482af, 1278 MiB
2026/09/22 05:05:04.458, 1985001, GPU-c19b526a-dfb9-68a7-ae04-b68c870482af, 1278 MiB
2026/09/22 05:05:04.458, 1985175, GPU-c19b526a-dfb9-68a7-ae04-b68c870482af, 1278 MiB
2026/09/22 05:05:04.458, 1985388, GPU-c19b526a-dfb9-68a7-ae04-b68c870482af, 1278 MiB
2026/09/22 05:05:05.459, 1844380, GPU-833bd1d4-962a-a2a9-e8ee-3f18887d8a40, 69848 MiB
2026/09/22 05:05:05.459, 1852943, GPU-833bd1d4-962a-a2a9-e8ee-3f18887d8a40, 4728 MiB
2026/09/22 05:05:05.460, 902823, GPU-5014660a-ded1-5f90-339b-0e5f9738f416, 774 MiB
2026/09/22 05:05:05.460, 917655, GPU-5014660a-ded1-5f90-339b-0e5f9738f416, 75012 MiB
2026/09/22 05:05:05.461, 1844382, GPU-d70c11ba-69d2-8984-e060-d1284dbbf2e3, 69848 MiB
2026/09/22 05:05:05.461, 1852943, GPU-d70c11ba-69d2-8984-e060-d1284dbbf2e3, 4728 MiB
2026/09/22 05:05:05.462, 137936, GPU-ae2bc357-9c9d-ff3d-c235-bf7e8de8e94c, 1278 MiB
2026/09/22 05:05:05.462, 137983, GPU-ae2bc357-9c9d-ff3d-c235-bf7e8de8e94c, 938 MiB
2026/09/22 05:05:05.462, 138213, GPU-ae2bc357-9c9d-ff3d-c235-bf7e8de8e94c, 938 MiB
2026/09/22 05:05:05.462, 138331, GPU-ae2bc357-9c9d-ff3d-c235-bf7e8de8e94c, 938 MiB
2026/09/22 05:05:05.462, 138526, GPU-ae2bc357-9c9d-ff3d-c235-bf7e8de8e94c, 938 MiB
2026/09/22 05:05:05.462, 138832, GPU-ae2bc357-9c9d-ff3d-c235-bf7e8de8e94c, 1306 MiB
2026/09/22 05:05:05.462, 1827563, GPU-ae2bc357-9c9d-ff3d-c235-bf7e8de8e94c, 1306 MiB
2026/09/22 05:05:05.462, 1827662, GPU-ae2bc357-9c9d-ff3d-c235-bf7e8de8e94c, 1306 MiB
2026/09/22 05:05:05.463, 907585, GPU-eeb7d960-135d-5f5e-859f-f7f5efb7136d, 774 MiB
2026/09/22 05:05:05.463, 987850, GPU-eeb7d960-135d-5f5e-859f-f7f5efb7136d, 73700 MiB
2026/09/22 05:05:05.464, 1209359, GPU-d6d9222c-9b57-3843-4d93-d2a40b30ad2b, 49386 MiB
2026/09/22 05:05:05.464, 1981187, GPU-c19b526a-dfb9-68a7-ae04-b68c870482af, 1306 MiB
2026/09/22 05:05:05.464, 1981575, GPU-c19b526a-dfb9-68a7-ae04-b68c870482af, 1278 MiB
2026/09/22 05:05:05.464, 1985001, GPU-c19b526a-dfb9-68a7-ae04-b68c870482af, 1278 MiB
2026/09/22 05:05:05.464, 1985175, GPU-c19b526a-dfb9-68a7-ae04-b68c870482af, 1278 MiB
2026/09/22 05:05:05.464, 1985388, GPU-c19b526a-dfb9-68a7-ae04-b68c870482af, 1278 MiB
2026/09/22 05:05:06.465, 1844380, GPU-833bd1d4-962a-a2a9-e8ee-3f18887d8a40, 69848 MiB
2026/09/22 05:05:06.465, 1852943, GPU-833bd1d4-962a-a2a9-e8ee-3f18887d8a40, 4728 MiB
2026/09/22 05:05:06.467, 902823, GPU-5014660a-ded1-5f90-339b-0e5f9738f416, 774 MiB
2026/09/22 05:05:06.467, 917655, GPU-5014660a-ded1-5f90-339b-0e5f9738f416, 75012 MiB
2026/09/22 05:05:06.468, 1844382, GPU-d70c11ba-69d2-8984-e060-d1284dbbf2e3, 69848 MiB
2026/09/22 05:05:06.468, 1852943, GPU-d70c11ba-69d2-8984-e060-d1284dbbf2e3, 4728 MiB
2026/09/22 05:05:06.469, 1987404, GPU-eb2cffac-d74f-77dc-0221-1955eae16c6a, 620 MiB
2026/09/22 05:05:06.469, 137936, GPU-ae2bc357-9c9d-ff3d-c235-bf7e8de8e94c, 1278 MiB
2026/09/22 05:05:06.469, 137983, GPU-ae2bc357-9c9d-ff3d-c235-bf7e8de8e94c, 938 MiB
2026/09/22 05:05:06.469, 138213, GPU-ae2bc357-9c9d-ff3d-c235-bf7e8de8e94c, 938 MiB
2026/09/22 05:05:06.469, 138331, GPU-ae2bc357-9c9d-ff3d-c235-bf7e8de8e94c, 938 MiB
2026/09/22 05:05:06.469, 138526, GPU-ae2bc357-9c9d-ff3d-c235-bf7e8de8e94c, 938 MiB
2026/09/22 05:05:06.469, 138832, GPU-ae2bc357-9c9d-ff3d-c235-bf7e8de8e94c, 1306 MiB
2026/09/22 05:05:06.469, 1827563, GPU-ae2bc357-9c9d-ff3d-c235-bf7e8de8e94c, 1306 MiB
2026/09/22 05:05:06.469, 1827662, GPU-ae2bc357-9c9d-ff3d-c235-bf7e8de8e94c, 1306 MiB
2026/09/22 05:05:06.471, 907585, GPU-eeb7d960-135d-5f5e-859f-f7f5efb7136d, 774 MiB
2026/09/22 05:05:06.471, 987850, GPU-eeb7d960-135d-5f5e-859f-f7f5efb7136d, 73700 MiB
2026/09/22 05:05:06.472, 1209359, GPU-d6d9222c-9b57-3843-4d93-d2a40b30ad2b, 49386 MiB
2026/09/22 05:05:06.473, 1981187, GPU-c19b526a-dfb9-68a7-ae04-b68c870482af, 1306 MiB
2026/09/22 05:05:06.473, 1981575, GPU-c19b526a-dfb9-68a7-ae04-b68c870482af, 1278 MiB
2026/09/22 05:05:06.473, 1985001, GPU-c19b526a-dfb9-68a7-ae04-b68c870482af, 1278 MiB
2026/09/22 05:05:06.473, 1985175, GPU-c19b526a-dfb9-68a7-ae04-b68c870482af, 1278 MiB
2026/09/22 05:05:06.473, 1985388, GPU-c19b526a-dfb9-68a7-ae04-b68c870482af, 1278 MiB
2026/09/22 05:05:07.476, 1844380, GPU-833bd1d4-962a-a2a9-e8ee-3f18887d8a40, 69848 MiB
2026/09/22 05:05:07.476, 1852943, GPU-833bd1d4-962a-a2a9-e8ee-3f18887d8a40, 4728 MiB
2026/09/22 05:05:07.479, 902823, GPU-5014660a-ded1-5f90-339b-0e5f9738f416, 774 MiB
2026/09/22 05:05:07.479, 917655, GPU-5014660a-ded1-5f90-339b-0e5f9738f416, 75012 MiB
2026/09/22 05:05:07.479, 1844382, GPU-d70c11ba-69d2-8984-e060-d1284dbbf2e3, 69848 MiB
2026/09/22 05:05:07.479, 1852943, GPU-d70c11ba-69d2-8984-e060-d1284dbbf2e3, 4728 MiB
2026/09/22 05:05:07.480, 1987404, GPU-eb2cffac-d74f-77dc-0221-1955eae16c6a, 722 MiB
2026/09/22 05:05:07.481, 137936, GPU-ae2bc357-9c9d-ff3d-c235-bf7e8de8e94c, 1278 MiB
2026/09/22 05:05:07.481, 137983, GPU-ae2bc357-9c9d-ff3d-c235-bf7e8de8e94c, 938 MiB
2026/09/22 05:05:07.481, 138213, GPU-ae2bc357-9c9d-ff3d-c235-bf7e8de8e94c, 938 MiB
2026/09/22 05:05:07.481, 138331, GPU-ae2bc357-9c9d-ff3d-c235-bf7e8de8e94c, 938 MiB
2026/09/22 05:05:07.481, 138526, GPU-ae2bc357-9c9d-ff3d-c235-bf7e8de8e94c, 938 MiB
2026/09/22 05:05:07.481, 138832, GPU-ae2bc357-9c9d-ff3d-c235-bf7e8de8e94c, 1306 MiB
2026/09/22 05:05:07.481, 1827563, GPU-ae2bc357-9c9d-ff3d-c235-bf7e8de8e94c, 1306 MiB
2026/09/22 05:05:07.481, 1827662, GPU-ae2bc357-9c9d-ff3d-c235-bf7e8de8e94c, 1306 MiB
2026/09/22 05:05:07.482, 907585, GPU-eeb7d960-135d-5f5e-859f-f7f5efb7136d, 774 MiB
2026/09/22 05:05:07.482, 987850, GPU-eeb7d960-135d-5f5e-859f-f7f5efb7136d, 73700 MiB
2026/09/22 05:05:07.482, 1209359, GPU-d6d9222c-9b57-3843-4d93-d2a40b30ad2b, 49386 MiB
2026/09/22 05:05:07.483, 1981187, GPU-c19b526a-dfb9-68a7-ae04-b68c870482af, 1306 MiB
2026/09/22 05:05:07.483, 1981575, GPU-c19b526a-dfb9-68a7-ae04-b68c870482af, 1278 MiB
2026/09/22 05:05:07.483, 1985001, GPU-c19b526a-dfb9-68a7-ae04-b68c870482af, 1278 MiB
2026/09/22 05:05:07.483, 1985175, GPU-c19b526a-dfb9-68a7-ae04-b68c870482af, 1278 MiB
2026/09/22 05:05:07.483, 1985388, GPU-c19b526a-dfb9-68a7-ae04-b68c870482af, 1278 MiB
2026/09/22 05:05:08.483, 1844380, GPU-833bd1d4-962a-a2a9-e8ee-3f18887d8a40, 69848 MiB
2026/09/22 05:05:08.483, 1852943, GPU-833bd1d4-962a-a2a9-e8ee-3f18887d8a40, 4728 MiB
2026/09/22 05:05:08.487, 902823, GPU-5014660a-ded1-5f90-339b-0e5f9738f416, 774 MiB
2026/09/22 05:05:08.487, 917655, GPU-5014660a-ded1-5f90-339b-0e5f9738f416, 75012 MiB
2026/09/22 05:05:08.488, 1844382, GPU-d70c11ba-69d2-8984-e060-d1284dbbf2e3, 69848 MiB
2026/09/22 05:05:08.488, 1852943, GPU-d70c11ba-69d2-8984-e060-d1284dbbf2e3, 4728 MiB
2026/09/22 05:05:08.491, 1987404, GPU-eb2cffac-d74f-77dc-0221-1955eae16c6a, 8468 MiB
2026/09/22 05:05:08.492, 137936, GPU-ae2bc357-9c9d-ff3d-c235-bf7e8de8e94c, 1278 MiB
2026/09/22 05:05:08.492, 137983, GPU-ae2bc357-9c9d-ff3d-c235-bf7e8de8e94c, 938 MiB
2026/09/22 05:05:08.492, 138213, GPU-ae2bc357-9c9d-ff3d-c235-bf7e8de8e94c, 938 MiB
2026/09/22 05:05:08.492, 138331, GPU-ae2bc357-9c9d-ff3d-c235-bf7e8de8e94c, 938 MiB
2026/09/22 05:05:08.492, 138526, GPU-ae2bc357-9c9d-ff3d-c235-bf7e8de8e94c, 938 MiB
2026/09/22 05:05:08.492, 138832, GPU-ae2bc357-9c9d-ff3d-c235-bf7e8de8e94c, 1306 MiB
2026/09/22 05:05:08.492, 1827563, GPU-ae2bc357-9c9d-ff3d-c235-bf7e8de8e94c, 1306 MiB
2026/09/22 05:05:08.492, 1827662, GPU-ae2bc357-9c9d-ff3d-c235-bf7e8de8e94c, 1306 MiB
2026/09/22 05:05:08.495, 907585, GPU-eeb7d960-135d-5f5e-859f-f7f5efb7136d, 774 MiB
2026/09/22 05:05:08.495, 987850, GPU-eeb7d960-135d-5f5e-859f-f7f5efb7136d, 73700 MiB
2026/09/22 05:05:08.497, 1209359, GPU-d6d9222c-9b57-3843-4d93-d2a40b30ad2b, 49386 MiB
2026/09/22 05:05:08.498, 1981187, GPU-c19b526a-dfb9-68a7-ae04-b68c870482af, 1306 MiB
2026/09/22 05:05:08.498, 1981575, GPU-c19b526a-dfb9-68a7-ae04-b68c870482af, 1278 MiB
2026/09/22 05:05:08.498, 1985001, GPU-c19b526a-dfb9-68a7-ae04-b68c870482af, 1278 MiB
2026/09/22 05:05:08.498, 1985175, GPU-c19b526a-dfb9-68a7-ae04-b68c870482af, 1278 MiB
2026/09/22 05:05:08.498, 1985388, GPU-c19b526a-dfb9-68a7-ae04-b68c870482af, 1278 MiB
2026/09/22 05:05:09.501, 1844380, GPU-833bd1d4-962a-a2a9-e8ee-3f18887d8a40, 69848 MiB
2026/09/22 05:05:09.501, 1852943, GPU-833bd1d4-962a-a2a9-e8ee-3f18887d8a40, 4728 MiB
2026/09/22 05:05:09.503, 902823, GPU-5014660a-ded1-5f90-339b-0e5f9738f416, 774 MiB
2026/09/22 05:05:09.503, 917655, GPU-5014660a-ded1-5f90-339b-0e5f9738f416, 75012 MiB
2026/09/22 05:05:09.506, 1844382, GPU-d70c11ba-69d2-8984-e060-d1284dbbf2e3, 69848 MiB
2026/09/22 05:05:09.506, 1852943, GPU-d70c11ba-69d2-8984-e060-d1284dbbf2e3, 4728 MiB
2026/09/22 05:05:09.507, 1987404, GPU-eb2cffac-d74f-77dc-0221-1955eae16c6a, 8468 MiB
2026/09/22 05:05:09.510, 137936, GPU-ae2bc357-9c9d-ff3d-c235-bf7e8de8e94c, 1278 MiB
2026/09/22 05:05:09.510, 137983, GPU-ae2bc357-9c9d-ff3d-c235-bf7e8de8e94c, 938 MiB
2026/09/22 05:05:09.510, 138213, GPU-ae2bc357-9c9d-ff3d-c235-bf7e8de8e94c, 938 MiB
2026/09/22 05:05:09.510, 138331, GPU-ae2bc357-9c9d-ff3d-c235-bf7e8de8e94c, 938 MiB
2026/09/22 05:05:09.510, 138526, GPU-ae2bc357-9c9d-ff3d-c235-bf7e8de8e94c, 938 MiB
2026/09/22 05:05:09.510, 138832, GPU-ae2bc357-9c9d-ff3d-c235-bf7e8de8e94c, 1306 MiB
2026/09/22 05:05:09.510, 1827563, GPU-ae2bc357-9c9d-ff3d-c235-bf7e8de8e94c, 1306 MiB
2026/09/22 05:05:09.510, 1827662, GPU-ae2bc357-9c9d-ff3d-c235-bf7e8de8e94c, 1306 MiB
2026/09/22 05:05:09.511, 907585, GPU-eeb7d960-135d-5f5e-859f-f7f5efb7136d, 774 MiB
2026/09/22 05:05:09.511, 987850, GPU-eeb7d960-135d-5f5e-859f-f7f5efb7136d, 73700 MiB
2026/09/22 05:05:09.515, 1209359, GPU-d6d9222c-9b57-3843-4d93-d2a40b30ad2b, 49386 MiB
2026/09/22 05:05:09.517, 1981187, GPU-c19b526a-dfb9-68a7-ae04-b68c870482af, 1306 MiB
2026/09/22 05:05:09.517, 1981575, GPU-c19b526a-dfb9-68a7-ae04-b68c870482af, 1278 MiB
2026/09/22 05:05:09.517, 1985001, GPU-c19b526a-dfb9-68a7-ae04-b68c870482af, 1278 MiB
2026/09/22 05:05:09.517, 1985175, GPU-c19b526a-dfb9-68a7-ae04-b68c870482af, 1278 MiB
2026/09/22 05:05:09.517, 1985388, GPU-c19b526a-dfb9-68a7-ae04-b68c870482af, 1278 MiB
2026/09/22 05:05:10.520, 1844380, GPU-833bd1d4-962a-a2a9-e8ee-3f18887d8a40, 69848 MiB
2026/09/22 05:05:10.520, 1852943, GPU-833bd1d4-962a-a2a9-e8ee-3f18887d8a40, 4728 MiB
2026/09/22 05:05:10.522, 902823, GPU-5014660a-ded1-5f90-339b-0e5f9738f416, 774 MiB
2026/09/22 05:05:10.522, 917655, GPU-5014660a-ded1-5f90-339b-0e5f9738f416, 75012 MiB
2026/09/22 05:05:10.525, 1844382, GPU-d70c11ba-69d2-8984-e060-d1284dbbf2e3, 69848 MiB
2026/09/22 05:05:10.525, 1852943, GPU-d70c11ba-69d2-8984-e060-d1284dbbf2e3, 4728 MiB
2026/09/22 05:05:10.528, 1987404, GPU-eb2cffac-d74f-77dc-0221-1955eae16c6a, 8490 MiB
2026/09/22 05:05:10.529, 137936, GPU-ae2bc357-9c9d-ff3d-c235-bf7e8de8e94c, 1278 MiB
2026/09/22 05:05:10.529, 137983, GPU-ae2bc357-9c9d-ff3d-c235-bf7e8de8e94c, 938 MiB
2026/09/22 05:05:10.529, 138213, GPU-ae2bc357-9c9d-ff3d-c235-bf7e8de8e94c, 938 MiB
2026/09/22 05:05:10.529, 138331, GPU-ae2bc357-9c9d-ff3d-c235-bf7e8de8e94c, 938 MiB
2026/09/22 05:05:10.529, 138526, GPU-ae2bc357-9c9d-ff3d-c235-bf7e8de8e94c, 938 MiB
2026/09/22 05:05:10.529, 138832, GPU-ae2bc357-9c9d-ff3d-c235-bf7e8de8e94c, 1306 MiB
2026/09/22 05:05:10.529, 1827563, GPU-ae2bc357-9c9d-ff3d-c235-bf7e8de8e94c, 1306 MiB
2026/09/22 05:05:10.529, 1827662, GPU-ae2bc357-9c9d-ff3d-c235-bf7e8de8e94c, 1306 MiB
2026/09/22 05:05:10.530, 907585, GPU-eeb7d960-135d-5f5e-859f-f7f5efb7136d, 774 MiB
2026/09/22 05:05:10.530, 987850, GPU-eeb7d960-135d-5f5e-859f-f7f5efb7136d, 73700 MiB
2026/09/22 05:05:10.533, 1209359, GPU-d6d9222c-9b57-3843-4d93-d2a40b30ad2b, 49386 MiB
2026/09/22 05:05:10.543, 1981187, GPU-c19b526a-dfb9-68a7-ae04-b68c870482af, 1306 MiB
2026/09/22 05:05:10.543, 1981575, GPU-c19b526a-dfb9-68a7-ae04-b68c870482af, 1278 MiB
2026/09/22 05:05:10.543, 1985001, GPU-c19b526a-dfb9-68a7-ae04-b68c870482af, 1278 MiB
2026/09/22 05:05:10.543, 1985175, GPU-c19b526a-dfb9-68a7-ae04-b68c870482af, 1278 MiB
2026/09/22 05:05:10.543, 1985388, GPU-c19b526a-dfb9-68a7-ae04-b68c870482af, 1278 MiB
2026/09/22 05:05:11.548, 1844380, GPU-833bd1d4-962a-a2a9-e8ee-3f18887d8a40, 69848 MiB
2026/09/22 05:05:11.548, 1852943, GPU-833bd1d4-962a-a2a9-e8ee-3f18887d8a40, 4728 MiB
2026/09/22 05:05:11.550, 902823, GPU-5014660a-ded1-5f90-339b-0e5f9738f416, 774 MiB
2026/09/22 05:05:11.550, 917655, GPU-5014660a-ded1-5f90-339b-0e5f9738f416, 75012 MiB
2026/09/22 05:05:11.551, 1844382, GPU-d70c11ba-69d2-8984-e060-d1284dbbf2e3, 69848 MiB
2026/09/22 05:05:11.551, 1852943, GPU-d70c11ba-69d2-8984-e060-d1284dbbf2e3, 4728 MiB
2026/09/22 05:05:11.552, 1987404, GPU-eb2cffac-d74f-77dc-0221-1955eae16c6a, 25018 MiB
2026/09/22 05:05:11.553, 137936, GPU-ae2bc357-9c9d-ff3d-c235-bf7e8de8e94c, 1278 MiB
2026/09/22 05:05:11.553, 137983, GPU-ae2bc357-9c9d-ff3d-c235-bf7e8de8e94c, 938 MiB
2026/09/22 05:05:11.553, 138213, GPU-ae2bc357-9c9d-ff3d-c235-bf7e8de8e94c, 938 MiB
2026/09/22 05:05:11.553, 138331, GPU-ae2bc357-9c9d-ff3d-c235-bf7e8de8e94c, 938 MiB
2026/09/22 05:05:11.553, 138526, GPU-ae2bc357-9c9d-ff3d-c235-bf7e8de8e94c, 938 MiB
2026/09/22 05:05:11.553, 138832, GPU-ae2bc357-9c9d-ff3d-c235-bf7e8de8e94c, 1306 MiB
2026/09/22 05:05:11.553, 1827563, GPU-ae2bc357-9c9d-ff3d-c235-bf7e8de8e94c, 1306 MiB
2026/09/22 05:05:11.553, 1827662, GPU-ae2bc357-9c9d-ff3d-c235-bf7e8de8e94c, 1306 MiB
2026/09/22 05:05:11.555, 907585, GPU-eeb7d960-135d-5f5e-859f-f7f5efb7136d, 774 MiB
2026/09/22 05:05:11.555, 987850, GPU-eeb7d960-135d-5f5e-859f-f7f5efb7136d, 73700 MiB
2026/09/22 05:05:11.555, 1209359, GPU-d6d9222c-9b57-3843-4d93-d2a40b30ad2b, 49386 MiB
2026/09/22 05:05:11.556, 1981187, GPU-c19b526a-dfb9-68a7-ae04-b68c870482af, 1306 MiB
2026/09/22 05:05:11.556, 1981575, GPU-c19b526a-dfb9-68a7-ae04-b68c870482af, 1278 MiB
2026/09/22 05:05:11.556, 1985001, GPU-c19b526a-dfb9-68a7-ae04-b68c870482af, 1278 MiB
2026/09/22 05:05:11.556, 1985175, GPU-c19b526a-dfb9-68a7-ae04-b68c870482af, 1278 MiB
2026/09/22 05:05:11.556, 1985388, GPU-c19b526a-dfb9-68a7-ae04-b68c870482af, 1278 MiB
2026/09/22 05:05:12.557, 1844380, GPU-833bd1d4-962a-a2a9-e8ee-3f18887d8a40, 69848 MiB
2026/09/22 05:05:12.557, 1852943, GPU-833bd1d4-962a-a2a9-e8ee-3f18887d8a40, 4728 MiB
2026/09/22 05:05:12.567, 902823, GPU-5014660a-ded1-5f90-339b-0e5f9738f416, 774 MiB
2026/09/22 05:05:12.567, 917655, GPU-5014660a-ded1-5f90-339b-0e5f9738f416, 75012 MiB
2026/09/22 05:05:12.572, 1844382, GPU-d70c11ba-69d2-8984-e060-d1284dbbf2e3, 69848 MiB
2026/09/22 05:05:12.572, 1852943, GPU-d70c11ba-69d2-8984-e060-d1284dbbf2e3, 4728 MiB
2026/09/22 05:05:12.577, 1987404, GPU-eb2cffac-d74f-77dc-0221-1955eae16c6a, 26520 MiB
2026/09/22 05:05:12.582, 137936, GPU-ae2bc357-9c9d-ff3d-c235-bf7e8de8e94c, 1278 MiB
2026/09/22 05:05:12.582, 137983, GPU-ae2bc357-9c9d-ff3d-c235-bf7e8de8e94c, 938 MiB
2026/09/22 05:05:12.582, 138213, GPU-ae2bc357-9c9d-ff3d-c235-bf7e8de8e94c, 938 MiB
2026/09/22 05:05:12.582, 138331, GPU-ae2bc357-9c9d-ff3d-c235-bf7e8de8e94c, 938 MiB
2026/09/22 05:05:12.582, 138526, GPU-ae2bc357-9c9d-ff3d-c235-bf7e8de8e94c, 938 MiB
2026/09/22 05:05:12.582, 138832, GPU-ae2bc357-9c9d-ff3d-c235-bf7e8de8e94c, 1306 MiB
2026/09/22 05:05:12.582, 1827563, GPU-ae2bc357-9c9d-ff3d-c235-bf7e8de8e94c, 1306 MiB
2026/09/22 05:05:12.582, 1827662, GPU-ae2bc357-9c9d-ff3d-c235-bf7e8de8e94c, 1306 MiB
2026/09/22 05:05:12.585, 907585, GPU-eeb7d960-135d-5f5e-859f-f7f5efb7136d, 774 MiB
2026/09/22 05:05:12.585, 987850, GPU-eeb7d960-135d-5f5e-859f-f7f5efb7136d, 73700 MiB
2026/09/22 05:05:12.589, 1209359, GPU-d6d9222c-9b57-3843-4d93-d2a40b30ad2b, 49386 MiB
2026/09/22 05:05:12.590, 1981187, GPU-c19b526a-dfb9-68a7-ae04-b68c870482af, 1306 MiB
2026/09/22 05:05:12.590, 1981575, GPU-c19b526a-dfb9-68a7-ae04-b68c870482af, 1278 MiB
2026/09/22 05:05:12.590, 1985001, GPU-c19b526a-dfb9-68a7-ae04-b68c870482af, 1278 MiB
2026/09/22 05:05:12.590, 1985175, GPU-c19b526a-dfb9-68a7-ae04-b68c870482af, 1278 MiB
2026/09/22 05:05:12.590, 1985388, GPU-c19b526a-dfb9-68a7-ae04-b68c870482af, 1278 MiB
2026/09/22 05:05:13.592, 1844380, GPU-833bd1d4-962a-a2a9-e8ee-3f18887d8a40, 69848 MiB
2026/09/22 05:05:13.592, 1852943, GPU-833bd1d4-962a-a2a9-e8ee-3f18887d8a40, 4728 MiB
2026/09/22 05:05:13.594, 902823, GPU-5014660a-ded1-5f90-339b-0e5f9738f416, 774 MiB
2026/09/22 05:05:13.594, 917655, GPU-5014660a-ded1-5f90-339b-0e5f9738f416, 75012 MiB
2026/09/22 05:05:13.595, 1844382, GPU-d70c11ba-69d2-8984-e060-d1284dbbf2e3, 69848 MiB
2026/09/22 05:05:13.595, 1852943, GPU-d70c11ba-69d2-8984-e060-d1284dbbf2e3, 4728 MiB
2026/09/22 05:05:13.597, 1987404, GPU-eb2cffac-d74f-77dc-0221-1955eae16c6a, 26574 MiB
2026/09/22 05:05:13.597, 137936, GPU-ae2bc357-9c9d-ff3d-c235-bf7e8de8e94c, 1278 MiB
2026/09/22 05:05:13.597, 137983, GPU-ae2bc357-9c9d-ff3d-c235-bf7e8de8e94c, 938 MiB
2026/09/22 05:05:13.597, 138213, GPU-ae2bc357-9c9d-ff3d-c235-bf7e8de8e94c, 938 MiB
2026/09/22 05:05:13.597, 138331, GPU-ae2bc357-9c9d-ff3d-c235-bf7e8de8e94c, 938 MiB
2026/09/22 05:05:13.597, 138526, GPU-ae2bc357-9c9d-ff3d-c235-bf7e8de8e94c, 938 MiB
2026/09/22 05:05:13.597, 138832, GPU-ae2bc357-9c9d-ff3d-c235-bf7e8de8e94c, 1306 MiB
2026/09/22 05:05:13.597, 1827563, GPU-ae2bc357-9c9d-ff3d-c235-bf7e8de8e94c, 1306 MiB
2026/09/22 05:05:13.597, 1827662, GPU-ae2bc357-9c9d-ff3d-c235-bf7e8de8e94c, 1306 MiB
2026/09/22 05:05:13.599, 907585, GPU-eeb7d960-135d-5f5e-859f-f7f5efb7136d, 774 MiB
2026/09/22 05:05:13.599, 987850, GPU-eeb7d960-135d-5f5e-859f-f7f5efb7136d, 73700 MiB
2026/09/22 05:05:13.600, 1209359, GPU-d6d9222c-9b57-3843-4d93-d2a40b30ad2b, 49386 MiB
2026/09/22 05:05:13.600, 1981187, GPU-c19b526a-dfb9-68a7-ae04-b68c870482af, 1306 MiB
2026/09/22 05:05:13.600, 1981575, GPU-c19b526a-dfb9-68a7-ae04-b68c870482af, 1278 MiB
2026/09/22 05:05:13.600, 1985001, GPU-c19b526a-dfb9-68a7-ae04-b68c870482af, 1278 MiB
2026/09/22 05:05:13.600, 1985175, GPU-c19b526a-dfb9-68a7-ae04-b68c870482af, 1278 MiB
2026/09/22 05:05:13.600, 1985388, GPU-c19b526a-dfb9-68a7-ae04-b68c870482af, 1278 MiB
2026/09/22 05:05:14.601, 1844380, GPU-833bd1d4-962a-a2a9-e8ee-3f18887d8a40, 69848 MiB
2026/09/22 05:05:14.601, 1852943, GPU-833bd1d4-962a-a2a9-e8ee-3f18887d8a40, 4728 MiB
2026/09/22 05:05:14.603, 902823, GPU-5014660a-ded1-5f90-339b-0e5f9738f416, 774 MiB
2026/09/22 05:05:14.603, 917655, GPU-5014660a-ded1-5f90-339b-0e5f9738f416, 75012 MiB
2026/09/22 05:05:14.604, 1844382, GPU-d70c11ba-69d2-8984-e060-d1284dbbf2e3, 69848 MiB
2026/09/22 05:05:14.604, 1852943, GPU-d70c11ba-69d2-8984-e060-d1284dbbf2e3, 4728 MiB
2026/09/22 05:05:14.606, 1987404, GPU-eb2cffac-d74f-77dc-0221-1955eae16c6a, 26798 MiB
2026/09/22 05:05:14.606, 137936, GPU-ae2bc357-9c9d-ff3d-c235-bf7e8de8e94c, 1278 MiB
2026/09/22 05:05:14.606, 137983, GPU-ae2bc357-9c9d-ff3d-c235-bf7e8de8e94c, 938 MiB
2026/09/22 05:05:14.606, 138213, GPU-ae2bc357-9c9d-ff3d-c235-bf7e8de8e94c, 938 MiB
2026/09/22 05:05:14.606, 138331, GPU-ae2bc357-9c9d-ff3d-c235-bf7e8de8e94c, 938 MiB
2026/09/22 05:05:14.606, 138526, GPU-ae2bc357-9c9d-ff3d-c235-bf7e8de8e94c, 938 MiB
2026/09/22 05:05:14.606, 138832, GPU-ae2bc357-9c9d-ff3d-c235-bf7e8de8e94c, 1306 MiB
2026/09/22 05:05:14.606, 1827563, GPU-ae2bc357-9c9d-ff3d-c235-bf7e8de8e94c, 1306 MiB
2026/09/22 05:05:14.606, 1827662, GPU-ae2bc357-9c9d-ff3d-c235-bf7e8de8e94c, 1306 MiB
2026/09/22 05:05:14.608, 907585, GPU-eeb7d960-135d-5f5e-859f-f7f5efb7136d, 774 MiB
2026/09/22 05:05:14.608, 987850, GPU-eeb7d960-135d-5f5e-859f-f7f5efb7136d, 73700 MiB
2026/09/22 05:05:14.608, 1209359, GPU-d6d9222c-9b57-3843-4d93-d2a40b30ad2b, 49386 MiB
2026/09/22 05:05:14.609, 1981187, GPU-c19b526a-dfb9-68a7-ae04-b68c870482af, 1306 MiB
2026/09/22 05:05:14.609, 1981575, GPU-c19b526a-dfb9-68a7-ae04-b68c870482af, 1278 MiB
2026/09/22 05:05:14.609, 1985001, GPU-c19b526a-dfb9-68a7-ae04-b68c870482af, 1278 MiB
2026/09/22 05:05:14.609, 1985175, GPU-c19b526a-dfb9-68a7-ae04-b68c870482af, 1278 MiB
2026/09/22 05:05:14.609, 1985388, GPU-c19b526a-dfb9-68a7-ae04-b68c870482af, 1278 MiB
2026/09/22 05:05:15.610, 1844380, GPU-833bd1d4-962a-a2a9-e8ee-3f18887d8a40, 69848 MiB
2026/09/22 05:05:15.610, 1852943, GPU-833bd1d4-962a-a2a9-e8ee-3f18887d8a40, 4728 MiB
2026/09/22 05:05:15.612, 902823, GPU-5014660a-ded1-5f90-339b-0e5f9738f416, 774 MiB
2026/09/22 05:05:15.612, 917655, GPU-5014660a-ded1-5f90-339b-0e5f9738f416, 75012 MiB
2026/09/22 05:05:15.613, 1844382, GPU-d70c11ba-69d2-8984-e060-d1284dbbf2e3, 69848 MiB
2026/09/22 05:05:15.613, 1852943, GPU-d70c11ba-69d2-8984-e060-d1284dbbf2e3, 4728 MiB
2026/09/22 05:05:15.614, 1987404, GPU-eb2cffac-d74f-77dc-0221-1955eae16c6a, 26820 MiB
2026/09/22 05:05:15.614, 137936, GPU-ae2bc357-9c9d-ff3d-c235-bf7e8de8e94c, 1278 MiB
2026/09/22 05:05:15.614, 137983, GPU-ae2bc357-9c9d-ff3d-c235-bf7e8de8e94c, 938 MiB
2026/09/22 05:05:15.614, 138213, GPU-ae2bc357-9c9d-ff3d-c235-bf7e8de8e94c, 938 MiB
2026/09/22 05:05:15.614, 138331, GPU-ae2bc357-9c9d-ff3d-c235-bf7e8de8e94c, 938 MiB
2026/09/22 05:05:15.614, 138526, GPU-ae2bc357-9c9d-ff3d-c235-bf7e8de8e94c, 938 MiB
2026/09/22 05:05:15.614, 138832, GPU-ae2bc357-9c9d-ff3d-c235-bf7e8de8e94c, 1306 MiB
2026/09/22 05:05:15.614, 1827563, GPU-ae2bc357-9c9d-ff3d-c235-bf7e8de8e94c, 1306 MiB
2026/09/22 05:05:15.614, 1827662, GPU-ae2bc357-9c9d-ff3d-c235-bf7e8de8e94c, 1306 MiB
2026/09/22 05:05:15.616, 907585, GPU-eeb7d960-135d-5f5e-859f-f7f5efb7136d, 774 MiB
2026/09/22 05:05:15.616, 987850, GPU-eeb7d960-135d-5f5e-859f-f7f5efb7136d, 73700 MiB
2026/09/22 05:05:15.616, 1209359, GPU-d6d9222c-9b57-3843-4d93-d2a40b30ad2b, 49386 MiB
2026/09/22 05:05:15.617, 1981187, GPU-c19b526a-dfb9-68a7-ae04-b68c870482af, 1306 MiB
2026/09/22 05:05:15.617, 1981575, GPU-c19b526a-dfb9-68a7-ae04-b68c870482af, 1278 MiB
2026/09/22 05:05:15.617, 1985001, GPU-c19b526a-dfb9-68a7-ae04-b68c870482af, 1278 MiB
2026/09/22 05:05:15.617, 1985175, GPU-c19b526a-dfb9-68a7-ae04-b68c870482af, 1278 MiB
2026/09/22 05:05:15.617, 1985388, GPU-c19b526a-dfb9-68a7-ae04-b68c870482af, 1278 MiB
2026/09/22 05:05:16.617, 1844380, GPU-833bd1d4-962a-a2a9-e8ee-3f18887d8a40, 69848 MiB
2026/09/22 05:05:16.617, 1852943, GPU-833bd1d4-962a-a2a9-e8ee-3f18887d8a40, 4728 MiB
2026/09/22 05:05:16.620, 902823, GPU-5014660a-ded1-5f90-339b-0e5f9738f416, 774 MiB
2026/09/22 05:05:16.620, 917655, GPU-5014660a-ded1-5f90-339b-0e5f9738f416, 75012 MiB
2026/09/22 05:05:16.623, 1844382, GPU-d70c11ba-69d2-8984-e060-d1284dbbf2e3, 69848 MiB
2026/09/22 05:05:16.623, 1852943, GPU-d70c11ba-69d2-8984-e060-d1284dbbf2e3, 4728 MiB
2026/09/22 05:05:16.627, 1987404, GPU-eb2cffac-d74f-77dc-0221-1955eae16c6a, 26920 MiB
2026/09/22 05:05:16.627, 137936, GPU-ae2bc357-9c9d-ff3d-c235-bf7e8de8e94c, 1278 MiB
2026/09/22 05:05:16.627, 137983, GPU-ae2bc357-9c9d-ff3d-c235-bf7e8de8e94c, 938 MiB
2026/09/22 05:05:16.627, 138213, GPU-ae2bc357-9c9d-ff3d-c235-bf7e8de8e94c, 938 MiB
2026/09/22 05:05:16.627, 138331, GPU-ae2bc357-9c9d-ff3d-c235-bf7e8de8e94c, 938 MiB
2026/09/22 05:05:16.627, 138526, GPU-ae2bc357-9c9d-ff3d-c235-bf7e8de8e94c, 938 MiB
2026/09/22 05:05:16.627, 138832, GPU-ae2bc357-9c9d-ff3d-c235-bf7e8de8e94c, 1306 MiB
2026/09/22 05:05:16.627, 1827563, GPU-ae2bc357-9c9d-ff3d-c235-bf7e8de8e94c, 1306 MiB
2026/09/22 05:05:16.627, 1827662, GPU-ae2bc357-9c9d-ff3d-c235-bf7e8de8e94c, 1306 MiB
2026/09/22 05:05:16.629, 907585, GPU-eeb7d960-135d-5f5e-859f-f7f5efb7136d, 774 MiB
2026/09/22 05:05:16.629, 987850, GPU-eeb7d960-135d-5f5e-859f-f7f5efb7136d, 73700 MiB
2026/09/22 05:05:16.629, 1209359, GPU-d6d9222c-9b57-3843-4d93-d2a40b30ad2b, 49386 MiB
2026/09/22 05:05:16.630, 1981187, GPU-c19b526a-dfb9-68a7-ae04-b68c870482af, 1306 MiB
2026/09/22 05:05:16.630, 1981575, GPU-c19b526a-dfb9-68a7-ae04-b68c870482af, 1278 MiB
2026/09/22 05:05:16.630, 1985001, GPU-c19b526a-dfb9-68a7-ae04-b68c870482af, 1278 MiB
2026/09/22 05:05:16.630, 1985175, GPU-c19b526a-dfb9-68a7-ae04-b68c870482af, 1278 MiB
2026/09/22 05:05:16.630, 1985388, GPU-c19b526a-dfb9-68a7-ae04-b68c870482af, 1278 MiB
2026/09/22 05:05:17.631, 1844380, GPU-833bd1d4-962a-a2a9-e8ee-3f18887d8a40, 69848 MiB
2026/09/22 05:05:17.631, 1852943, GPU-833bd1d4-962a-a2a9-e8ee-3f18887d8a40, 4728 MiB
2026/09/22 05:05:17.633, 902823, GPU-5014660a-ded1-5f90-339b-0e5f9738f416, 774 MiB
2026/09/22 05:05:17.633, 917655, GPU-5014660a-ded1-5f90-339b-0e5f9738f416, 75012 MiB
2026/09/22 05:05:17.633, 1844382, GPU-d70c11ba-69d2-8984-e060-d1284dbbf2e3, 69848 MiB
2026/09/22 05:05:17.633, 1852943, GPU-d70c11ba-69d2-8984-e060-d1284dbbf2e3, 4728 MiB
2026/09/22 05:05:17.634, 1987404, GPU-eb2cffac-d74f-77dc-0221-1955eae16c6a, 26982 MiB
2026/09/22 05:05:17.635, 137936, GPU-ae2bc357-9c9d-ff3d-c235-bf7e8de8e94c, 1278 MiB
2026/09/22 05:05:17.635, 137983, GPU-ae2bc357-9c9d-ff3d-c235-bf7e8de8e94c, 938 MiB
2026/09/22 05:05:17.635, 138213, GPU-ae2bc357-9c9d-ff3d-c235-bf7e8de8e94c, 938 MiB
2026/09/22 05:05:17.635, 138331, GPU-ae2bc357-9c9d-ff3d-c235-bf7e8de8e94c, 938 MiB
2026/09/22 05:05:17.635, 138526, GPU-ae2bc357-9c9d-ff3d-c235-bf7e8de8e94c, 938 MiB
2026/09/22 05:05:17.635, 138832, GPU-ae2bc357-9c9d-ff3d-c235-bf7e8de8e94c, 1306 MiB
2026/09/22 05:05:17.635, 1827563, GPU-ae2bc357-9c9d-ff3d-c235-bf7e8de8e94c, 1306 MiB
2026/09/22 05:05:17.635, 1827662, GPU-ae2bc357-9c9d-ff3d-c235-bf7e8de8e94c, 1306 MiB
2026/09/22 05:05:17.636, 907585, GPU-eeb7d960-135d-5f5e-859f-f7f5efb7136d, 774 MiB
2026/09/22 05:05:17.636, 987850, GPU-eeb7d960-135d-5f5e-859f-f7f5efb7136d, 73700 MiB
2026/09/22 05:05:17.636, 1209359, GPU-d6d9222c-9b57-3843-4d93-d2a40b30ad2b, 49386 MiB
2026/09/22 05:05:17.637, 1981187, GPU-c19b526a-dfb9-68a7-ae04-b68c870482af, 1306 MiB
2026/09/22 05:05:17.637, 1981575, GPU-c19b526a-dfb9-68a7-ae04-b68c870482af, 1278 MiB
2026/09/22 05:05:17.637, 1985001, GPU-c19b526a-dfb9-68a7-ae04-b68c870482af, 1278 MiB
2026/09/22 05:05:17.637, 1985175, GPU-c19b526a-dfb9-68a7-ae04-b68c870482af, 1278 MiB
2026/09/22 05:05:17.637, 1985388, GPU-c19b526a-dfb9-68a7-ae04-b68c870482af, 1278 MiB
2026/09/22 05:05:18.637, 1844380, GPU-833bd1d4-962a-a2a9-e8ee-3f18887d8a40, 69848 MiB
2026/09/22 05:05:18.637, 1852943, GPU-833bd1d4-962a-a2a9-e8ee-3f18887d8a40, 4728 MiB
2026/09/22 05:05:18.640, 902823, GPU-5014660a-ded1-5f90-339b-0e5f9738f416, 774 MiB
2026/09/22 05:05:18.640, 917655, GPU-5014660a-ded1-5f90-339b-0e5f9738f416, 75012 MiB
2026/09/22 05:05:18.640, 1844382, GPU-d70c11ba-69d2-8984-e060-d1284dbbf2e3, 69848 MiB
2026/09/22 05:05:18.640, 1852943, GPU-d70c11ba-69d2-8984-e060-d1284dbbf2e3, 4728 MiB
2026/09/22 05:05:18.641, 1987404, GPU-eb2cffac-d74f-77dc-0221-1955eae16c6a, 27032 MiB
2026/09/22 05:05:18.641, 137936, GPU-ae2bc357-9c9d-ff3d-c235-bf7e8de8e94c, 1278 MiB
2026/09/22 05:05:18.641, 137983, GPU-ae2bc357-9c9d-ff3d-c235-bf7e8de8e94c, 938 MiB
2026/09/22 05:05:18.641, 138213, GPU-ae2bc357-9c9d-ff3d-c235-bf7e8de8e94c, 938 MiB
2026/09/22 05:05:18.641, 138331, GPU-ae2bc357-9c9d-ff3d-c235-bf7e8de8e94c, 938 MiB
2026/09/22 05:05:18.641, 138526, GPU-ae2bc357-9c9d-ff3d-c235-bf7e8de8e94c, 938 MiB
2026/09/22 05:05:18.641, 138832, GPU-ae2bc357-9c9d-ff3d-c235-bf7e8de8e94c, 1306 MiB
2026/09/22 05:05:18.641, 1827563, GPU-ae2bc357-9c9d-ff3d-c235-bf7e8de8e94c, 1306 MiB
2026/09/22 05:05:18.641, 1827662, GPU-ae2bc357-9c9d-ff3d-c235-bf7e8de8e94c, 1306 MiB
2026/09/22 05:05:18.643, 907585, GPU-eeb7d960-135d-5f5e-859f-f7f5efb7136d, 774 MiB
2026/09/22 05:05:18.643, 987850, GPU-eeb7d960-135d-5f5e-859f-f7f5efb7136d, 73700 MiB
2026/09/22 05:05:18.644, 1209359, GPU-d6d9222c-9b57-3843-4d93-d2a40b30ad2b, 49386 MiB
2026/09/22 05:05:18.644, 1981187, GPU-c19b526a-dfb9-68a7-ae04-b68c870482af, 1306 MiB
2026/09/22 05:05:18.644, 1981575, GPU-c19b526a-dfb9-68a7-ae04-b68c870482af, 1278 MiB
2026/09/22 05:05:18.644, 1985001, GPU-c19b526a-dfb9-68a7-ae04-b68c870482af, 1278 MiB
2026/09/22 05:05:18.644, 1985175, GPU-c19b526a-dfb9-68a7-ae04-b68c870482af, 1278 MiB
2026/09/22 05:05:18.644, 1985388, GPU-c19b526a-dfb9-68a7-ae04-b68c870482af, 1278 MiB
2026/09/22 05:05:19.646, 1844380, GPU-833bd1d4-962a-a2a9-e8ee-3f18887d8a40, 69848 MiB
2026/09/22 05:05:19.646, 1852943, GPU-833bd1d4-962a-a2a9-e8ee-3f18887d8a40, 4728 MiB
2026/09/22 05:05:19.659, 902823, GPU-5014660a-ded1-5f90-339b-0e5f9738f416, 774 MiB
2026/09/22 05:05:19.659, 917655, GPU-5014660a-ded1-5f90-339b-0e5f9738f416, 75012 MiB
2026/09/22 05:05:19.671, 1844382, GPU-d70c11ba-69d2-8984-e060-d1284dbbf2e3, 69848 MiB
2026/09/22 05:05:19.671, 1852943, GPU-d70c11ba-69d2-8984-e060-d1284dbbf2e3, 4728 MiB
2026/09/22 05:05:19.683, 1987404, GPU-eb2cffac-d74f-77dc-0221-1955eae16c6a, 27062 MiB
2026/09/22 05:05:19.687, 137936, GPU-ae2bc357-9c9d-ff3d-c235-bf7e8de8e94c, 1278 MiB
2026/09/22 05:05:19.687, 137983, GPU-ae2bc357-9c9d-ff3d-c235-bf7e8de8e94c, 938 MiB
2026/09/22 05:05:19.687, 138213, GPU-ae2bc357-9c9d-ff3d-c235-bf7e8de8e94c, 938 MiB
2026/09/22 05:05:19.687, 138331, GPU-ae2bc357-9c9d-ff3d-c235-bf7e8de8e94c, 938 MiB
2026/09/22 05:05:19.687, 138526, GPU-ae2bc357-9c9d-ff3d-c235-bf7e8de8e94c, 938 MiB
2026/09/22 05:05:19.687, 138832, GPU-ae2bc357-9c9d-ff3d-c235-bf7e8de8e94c, 1306 MiB
2026/09/22 05:05:19.687, 1827563, GPU-ae2bc357-9c9d-ff3d-c235-bf7e8de8e94c, 1306 MiB
2026/09/22 05:05:19.687, 1827662, GPU-ae2bc357-9c9d-ff3d-c235-bf7e8de8e94c, 1306 MiB
2026/09/22 05:05:19.690, 907585, GPU-eeb7d960-135d-5f5e-859f-f7f5efb7136d, 774 MiB
2026/09/22 05:05:19.690, 987850, GPU-eeb7d960-135d-5f5e-859f-f7f5efb7136d, 73700 MiB
2026/09/22 05:05:19.691, 1209359, GPU-d6d9222c-9b57-3843-4d93-d2a40b30ad2b, 49386 MiB
2026/09/22 05:05:19.693, 1981187, GPU-c19b526a-dfb9-68a7-ae04-b68c870482af, 1306 MiB
2026/09/22 05:05:19.693, 1981575, GPU-c19b526a-dfb9-68a7-ae04-b68c870482af, 1278 MiB
2026/09/22 05:05:19.693, 1985001, GPU-c19b526a-dfb9-68a7-ae04-b68c870482af, 1278 MiB
2026/09/22 05:05:19.693, 1985175, GPU-c19b526a-dfb9-68a7-ae04-b68c870482af, 1278 MiB
2026/09/22 05:05:19.693, 1985388, GPU-c19b526a-dfb9-68a7-ae04-b68c870482af, 1278 MiB
2026/09/22 05:05:20.694, 1844380, GPU-833bd1d4-962a-a2a9-e8ee-3f18887d8a40, 69848 MiB
2026/09/22 05:05:20.694, 1852943, GPU-833bd1d4-962a-a2a9-e8ee-3f18887d8a40, 4728 MiB
2026/09/22 05:05:20.697, 902823, GPU-5014660a-ded1-5f90-339b-0e5f9738f416, 774 MiB
2026/09/22 05:05:20.697, 917655, GPU-5014660a-ded1-5f90-339b-0e5f9738f416, 75012 MiB
2026/09/22 05:05:20.698, 1844382, GPU-d70c11ba-69d2-8984-e060-d1284dbbf2e3, 69848 MiB
2026/09/22 05:05:20.698, 1852943, GPU-d70c11ba-69d2-8984-e060-d1284dbbf2e3, 4728 MiB
2026/09/22 05:05:20.699, 1987404, GPU-eb2cffac-d74f-77dc-0221-1955eae16c6a, 27038 MiB
2026/09/22 05:05:20.700, 137936, GPU-ae2bc357-9c9d-ff3d-c235-bf7e8de8e94c, 1278 MiB
2026/09/22 05:05:20.700, 137983, GPU-ae2bc357-9c9d-ff3d-c235-bf7e8de8e94c, 938 MiB
2026/09/22 05:05:20.700, 138213, GPU-ae2bc357-9c9d-ff3d-c235-bf7e8de8e94c, 938 MiB
2026/09/22 05:05:20.700, 138331, GPU-ae2bc357-9c9d-ff3d-c235-bf7e8de8e94c, 938 MiB
2026/09/22 05:05:20.700, 138526, GPU-ae2bc357-9c9d-ff3d-c235-bf7e8de8e94c, 938 MiB
2026/09/22 05:05:20.700, 138832, GPU-ae2bc357-9c9d-ff3d-c235-bf7e8de8e94c, 1306 MiB
2026/09/22 05:05:20.700, 1827563, GPU-ae2bc357-9c9d-ff3d-c235-bf7e8de8e94c, 1306 MiB
2026/09/22 05:05:20.700, 1827662, GPU-ae2bc357-9c9d-ff3d-c235-bf7e8de8e94c, 1306 MiB
2026/09/22 05:05:20.701, 907585, GPU-eeb7d960-135d-5f5e-859f-f7f5efb7136d, 774 MiB
2026/09/22 05:05:20.701, 987850, GPU-eeb7d960-135d-5f5e-859f-f7f5efb7136d, 73700 MiB
2026/09/22 05:05:20.702, 1209359, GPU-d6d9222c-9b57-3843-4d93-d2a40b30ad2b, 49386 MiB
2026/09/22 05:05:20.702, 1981187, GPU-c19b526a-dfb9-68a7-ae04-b68c870482af, 1306 MiB
2026/09/22 05:05:20.702, 1981575, GPU-c19b526a-dfb9-68a7-ae04-b68c870482af, 1278 MiB
2026/09/22 05:05:20.702, 1985001, GPU-c19b526a-dfb9-68a7-ae04-b68c870482af, 1278 MiB
2026/09/22 05:05:20.702, 1985175, GPU-c19b526a-dfb9-68a7-ae04-b68c870482af, 1278 MiB
2026/09/22 05:05:20.702, 1985388, GPU-c19b526a-dfb9-68a7-ae04-b68c870482af, 1278 MiB
2026/09/22 05:05:21.703, 1844380, GPU-833bd1d4-962a-a2a9-e8ee-3f18887d8a40, 69848 MiB
2026/09/22 05:05:21.703, 1852943, GPU-833bd1d4-962a-a2a9-e8ee-3f18887d8a40, 4728 MiB
2026/09/22 05:05:21.707, 902823, GPU-5014660a-ded1-5f90-339b-0e5f9738f416, 774 MiB
2026/09/22 05:05:21.707, 917655, GPU-5014660a-ded1-5f90-339b-0e5f9738f416, 75012 MiB
2026/09/22 05:05:21.711, 1844382, GPU-d70c11ba-69d2-8984-e060-d1284dbbf2e3, 69848 MiB
2026/09/22 05:05:21.711, 1852943, GPU-d70c11ba-69d2-8984-e060-d1284dbbf2e3, 4728 MiB
2026/09/22 05:05:21.714, 1987404, GPU-eb2cffac-d74f-77dc-0221-1955eae16c6a, 27038 MiB
2026/09/22 05:05:21.715, 137936, GPU-ae2bc357-9c9d-ff3d-c235-bf7e8de8e94c, 1278 MiB
2026/09/22 05:05:21.715, 137983, GPU-ae2bc357-9c9d-ff3d-c235-bf7e8de8e94c, 938 MiB
2026/09/22 05:05:21.715, 138213, GPU-ae2bc357-9c9d-ff3d-c235-bf7e8de8e94c, 938 MiB
2026/09/22 05:05:21.715, 138331, GPU-ae2bc357-9c9d-ff3d-c235-bf7e8de8e94c, 938 MiB
2026/09/22 05:05:21.715, 138526, GPU-ae2bc357-9c9d-ff3d-c235-bf7e8de8e94c, 938 MiB
2026/09/22 05:05:21.715, 138832, GPU-ae2bc357-9c9d-ff3d-c235-bf7e8de8e94c, 1306 MiB
2026/09/22 05:05:21.715, 1827563, GPU-ae2bc357-9c9d-ff3d-c235-bf7e8de8e94c, 1306 MiB
2026/09/22 05:05:21.715, 1827662, GPU-ae2bc357-9c9d-ff3d-c235-bf7e8de8e94c, 1306 MiB
2026/09/22 05:05:21.718, 907585, GPU-eeb7d960-135d-5f5e-859f-f7f5efb7136d, 774 MiB
2026/09/22 05:05:21.718, 987850, GPU-eeb7d960-135d-5f5e-859f-f7f5efb7136d, 73700 MiB
2026/09/22 05:05:21.719, 1209359, GPU-d6d9222c-9b57-3843-4d93-d2a40b30ad2b, 49386 MiB
2026/09/22 05:05:21.720, 1981187, GPU-c19b526a-dfb9-68a7-ae04-b68c870482af, 1306 MiB
2026/09/22 05:05:21.720, 1981575, GPU-c19b526a-dfb9-68a7-ae04-b68c870482af, 1278 MiB
2026/09/22 05:05:21.720, 1985001, GPU-c19b526a-dfb9-68a7-ae04-b68c870482af, 1278 MiB
2026/09/22 05:05:21.720, 1985175, GPU-c19b526a-dfb9-68a7-ae04-b68c870482af, 1278 MiB
2026/09/22 05:05:21.720, 1985388, GPU-c19b526a-dfb9-68a7-ae04-b68c870482af, 1278 MiB
2026/09/22 05:05:22.721, 1844380, GPU-833bd1d4-962a-a2a9-e8ee-3f18887d8a40, 69848 MiB
2026/09/22 05:05:22.721, 1852943, GPU-833bd1d4-962a-a2a9-e8ee-3f18887d8a40, 4728 MiB
2026/09/22 05:05:22.723, 902823, GPU-5014660a-ded1-5f90-339b-0e5f9738f416, 774 MiB
2026/09/22 05:05:22.723, 917655, GPU-5014660a-ded1-5f90-339b-0e5f9738f416, 75012 MiB
2026/09/22 05:05:22.724, 1844382, GPU-d70c11ba-69d2-8984-e060-d1284dbbf2e3, 69848 MiB
2026/09/22 05:05:22.724, 1852943, GPU-d70c11ba-69d2-8984-e060-d1284dbbf2e3, 4728 MiB
2026/09/22 05:05:22.725, 1987404, GPU-eb2cffac-d74f-77dc-0221-1955eae16c6a, 27124 MiB
2026/09/22 05:05:22.726, 137936, GPU-ae2bc357-9c9d-ff3d-c235-bf7e8de8e94c, 1278 MiB
2026/09/22 05:05:22.726, 137983, GPU-ae2bc357-9c9d-ff3d-c235-bf7e8de8e94c, 938 MiB
2026/09/22 05:05:22.726, 138213, GPU-ae2bc357-9c9d-ff3d-c235-bf7e8de8e94c, 938 MiB
2026/09/22 05:05:22.726, 138331, GPU-ae2bc357-9c9d-ff3d-c235-bf7e8de8e94c, 938 MiB
2026/09/22 05:05:22.726, 138526, GPU-ae2bc357-9c9d-ff3d-c235-bf7e8de8e94c, 938 MiB
2026/09/22 05:05:22.726, 138832, GPU-ae2bc357-9c9d-ff3d-c235-bf7e8de8e94c, 1306 MiB
2026/09/22 05:05:22.726, 1827563, GPU-ae2bc357-9c9d-ff3d-c235-bf7e8de8e94c, 1306 MiB
2026/09/22 05:05:22.726, 1827662, GPU-ae2bc357-9c9d-ff3d-c235-bf7e8de8e94c, 1306 MiB
2026/09/22 05:05:22.727, 907585, GPU-eeb7d960-135d-5f5e-859f-f7f5efb7136d, 774 MiB
2026/09/22 05:05:22.727, 987850, GPU-eeb7d960-135d-5f5e-859f-f7f5efb7136d, 73700 MiB
2026/09/22 05:05:22.727, 1209359, GPU-d6d9222c-9b57-3843-4d93-d2a40b30ad2b, 49386 MiB
2026/09/22 05:05:22.728, 1981187, GPU-c19b526a-dfb9-68a7-ae04-b68c870482af, 1306 MiB
2026/09/22 05:05:22.728, 1981575, GPU-c19b526a-dfb9-68a7-ae04-b68c870482af, 1278 MiB
2026/09/22 05:05:22.728, 1985001, GPU-c19b526a-dfb9-68a7-ae04-b68c870482af, 1278 MiB
2026/09/22 05:05:22.728, 1985175, GPU-c19b526a-dfb9-68a7-ae04-b68c870482af, 1278 MiB
2026/09/22 05:05:22.728, 1985388, GPU-c19b526a-dfb9-68a7-ae04-b68c870482af, 1278 MiB
2026/09/22 05:05:23.729, 1844380, GPU-833bd1d4-962a-a2a9-e8ee-3f18887d8a40, 69848 MiB
2026/09/22 05:05:23.729, 1852943, GPU-833bd1d4-962a-a2a9-e8ee-3f18887d8a40, 4728 MiB
2026/09/22 05:05:23.733, 902823, GPU-5014660a-ded1-5f90-339b-0e5f9738f416, 774 MiB
2026/09/22 05:05:23.733, 917655, GPU-5014660a-ded1-5f90-339b-0e5f9738f416, 75012 MiB
2026/09/22 05:05:23.734, 1844382, GPU-d70c11ba-69d2-8984-e060-d1284dbbf2e3, 69848 MiB
2026/09/22 05:05:23.734, 1852943, GPU-d70c11ba-69d2-8984-e060-d1284dbbf2e3, 4728 MiB
2026/09/22 05:05:23.735, 1987404, GPU-eb2cffac-d74f-77dc-0221-1955eae16c6a, 27124 MiB
2026/09/22 05:05:23.736, 137936, GPU-ae2bc357-9c9d-ff3d-c235-bf7e8de8e94c, 1278 MiB
2026/09/22 05:05:23.736, 137983, GPU-ae2bc357-9c9d-ff3d-c235-bf7e8de8e94c, 938 MiB
2026/09/22 05:05:23.736, 138213, GPU-ae2bc357-9c9d-ff3d-c235-bf7e8de8e94c, 938 MiB
2026/09/22 05:05:23.736, 138331, GPU-ae2bc357-9c9d-ff3d-c235-bf7e8de8e94c, 938 MiB
2026/09/22 05:05:23.736, 138526, GPU-ae2bc357-9c9d-ff3d-c235-bf7e8de8e94c, 938 MiB
2026/09/22 05:05:23.736, 138832, GPU-ae2bc357-9c9d-ff3d-c235-bf7e8de8e94c, 1306 MiB
2026/09/22 05:05:23.736, 1827563, GPU-ae2bc357-9c9d-ff3d-c235-bf7e8de8e94c, 1306 MiB
2026/09/22 05:05:23.736, 1827662, GPU-ae2bc357-9c9d-ff3d-c235-bf7e8de8e94c, 1306 MiB
2026/09/22 05:05:23.737, 907585, GPU-eeb7d960-135d-5f5e-859f-f7f5efb7136d, 774 MiB
2026/09/22 05:05:23.737, 987850, GPU-eeb7d960-135d-5f5e-859f-f7f5efb7136d, 73700 MiB
2026/09/22 05:05:23.738, 1209359, GPU-d6d9222c-9b57-3843-4d93-d2a40b30ad2b, 49386 MiB
2026/09/22 05:05:23.738, 1981187, GPU-c19b526a-dfb9-68a7-ae04-b68c870482af, 1306 MiB
2026/09/22 05:05:23.738, 1981575, GPU-c19b526a-dfb9-68a7-ae04-b68c870482af, 1278 MiB
2026/09/22 05:05:23.738, 1985001, GPU-c19b526a-dfb9-68a7-ae04-b68c870482af, 1278 MiB
2026/09/22 05:05:23.738, 1985175, GPU-c19b526a-dfb9-68a7-ae04-b68c870482af, 1278 MiB
2026/09/22 05:05:23.738, 1985388, GPU-c19b526a-dfb9-68a7-ae04-b68c870482af, 1278 MiB
2026/09/22 05:05:24.739, 1844380, GPU-833bd1d4-962a-a2a9-e8ee-3f18887d8a40, 69848 MiB
2026/09/22 05:05:24.739, 1852943, GPU-833bd1d4-962a-a2a9-e8ee-3f18887d8a40, 4728 MiB
2026/09/22 05:05:24.741, 902823, GPU-5014660a-ded1-5f90-339b-0e5f9738f416, 774 MiB
2026/09/22 05:05:24.741, 917655, GPU-5014660a-ded1-5f90-339b-0e5f9738f416, 75012 MiB
2026/09/22 05:05:24.742, 1844382, GPU-d70c11ba-69d2-8984-e060-d1284dbbf2e3, 69848 MiB
2026/09/22 05:05:24.742, 1852943, GPU-d70c11ba-69d2-8984-e060-d1284dbbf2e3, 4728 MiB
2026/09/22 05:05:24.743, 1987404, GPU-eb2cffac-d74f-77dc-0221-1955eae16c6a, 27124 MiB
2026/09/22 05:05:24.743, 137936, GPU-ae2bc357-9c9d-ff3d-c235-bf7e8de8e94c, 1278 MiB
2026/09/22 05:05:24.743, 137983, GPU-ae2bc357-9c9d-ff3d-c235-bf7e8de8e94c, 938 MiB
2026/09/22 05:05:24.743, 138213, GPU-ae2bc357-9c9d-ff3d-c235-bf7e8de8e94c, 938 MiB
2026/09/22 05:05:24.743, 138331, GPU-ae2bc357-9c9d-ff3d-c235-bf7e8de8e94c, 938 MiB
2026/09/22 05:05:24.743, 138526, GPU-ae2bc357-9c9d-ff3d-c235-bf7e8de8e94c, 938 MiB
2026/09/22 05:05:24.743, 138832, GPU-ae2bc357-9c9d-ff3d-c235-bf7e8de8e94c, 1306 MiB
2026/09/22 05:05:24.743, 1827563, GPU-ae2bc357-9c9d-ff3d-c235-bf7e8de8e94c, 1306 MiB
2026/09/22 05:05:24.743, 1827662, GPU-ae2bc357-9c9d-ff3d-c235-bf7e8de8e94c, 1306 MiB
2026/09/22 05:05:24.744, 907585, GPU-eeb7d960-135d-5f5e-859f-f7f5efb7136d, 774 MiB
2026/09/22 05:05:24.744, 987850, GPU-eeb7d960-135d-5f5e-859f-f7f5efb7136d, 73700 MiB
2026/09/22 05:05:24.745, 1209359, GPU-d6d9222c-9b57-3843-4d93-d2a40b30ad2b, 49386 MiB
2026/09/22 05:05:24.745, 1981187, GPU-c19b526a-dfb9-68a7-ae04-b68c870482af, 1306 MiB
2026/09/22 05:05:24.745, 1981575, GPU-c19b526a-dfb9-68a7-ae04-b68c870482af, 1278 MiB
2026/09/22 05:05:24.745, 1985001, GPU-c19b526a-dfb9-68a7-ae04-b68c870482af, 1278 MiB
2026/09/22 05:05:24.745, 1985175, GPU-c19b526a-dfb9-68a7-ae04-b68c870482af, 1278 MiB
2026/09/22 05:05:24.745, 1985388, GPU-c19b526a-dfb9-68a7-ae04-b68c870482af, 1278 MiB
2026/09/22 05:05:25.746, 1844380, GPU-833bd1d4-962a-a2a9-e8ee-3f18887d8a40, 69848 MiB
2026/09/22 05:05:25.746, 1852943, GPU-833bd1d4-962a-a2a9-e8ee-3f18887d8a40, 4728 MiB
2026/09/22 05:05:25.749, 902823, GPU-5014660a-ded1-5f90-339b-0e5f9738f416, 774 MiB
2026/09/22 05:05:25.749, 917655, GPU-5014660a-ded1-5f90-339b-0e5f9738f416, 75012 MiB
2026/09/22 05:05:25.749, 1844382, GPU-d70c11ba-69d2-8984-e060-d1284dbbf2e3, 69848 MiB
2026/09/22 05:05:25.749, 1852943, GPU-d70c11ba-69d2-8984-e060-d1284dbbf2e3, 4728 MiB
2026/09/22 05:05:25.750, 1987404, GPU-eb2cffac-d74f-77dc-0221-1955eae16c6a, 28336 MiB
2026/09/22 05:05:25.751, 137936, GPU-ae2bc357-9c9d-ff3d-c235-bf7e8de8e94c, 1278 MiB
2026/09/22 05:05:25.751, 137983, GPU-ae2bc357-9c9d-ff3d-c235-bf7e8de8e94c, 938 MiB
2026/09/22 05:05:25.751, 138213, GPU-ae2bc357-9c9d-ff3d-c235-bf7e8de8e94c, 938 MiB
2026/09/22 05:05:25.751, 138331, GPU-ae2bc357-9c9d-ff3d-c235-bf7e8de8e94c, 938 MiB
2026/09/22 05:05:25.751, 138526, GPU-ae2bc357-9c9d-ff3d-c235-bf7e8de8e94c, 938 MiB
2026/09/22 05:05:25.751, 138832, GPU-ae2bc357-9c9d-ff3d-c235-bf7e8de8e94c, 1306 MiB
2026/09/22 05:05:25.751, 1827563, GPU-ae2bc357-9c9d-ff3d-c235-bf7e8de8e94c, 1306 MiB
2026/09/22 05:05:25.751, 1827662, GPU-ae2bc357-9c9d-ff3d-c235-bf7e8de8e94c, 1306 MiB
2026/09/22 05:05:25.752, 907585, GPU-eeb7d960-135d-5f5e-859f-f7f5efb7136d, 774 MiB
2026/09/22 05:05:25.752, 987850, GPU-eeb7d960-135d-5f5e-859f-f7f5efb7136d, 73700 MiB
2026/09/22 05:05:25.752, 1209359, GPU-d6d9222c-9b57-3843-4d93-d2a40b30ad2b, 49386 MiB
2026/09/22 05:05:25.753, 1981187, GPU-c19b526a-dfb9-68a7-ae04-b68c870482af, 1306 MiB
2026/09/22 05:05:25.753, 1981575, GPU-c19b526a-dfb9-68a7-ae04-b68c870482af, 1278 MiB
2026/09/22 05:05:25.753, 1985001, GPU-c19b526a-dfb9-68a7-ae04-b68c870482af, 1278 MiB
2026/09/22 05:05:25.753, 1985175, GPU-c19b526a-dfb9-68a7-ae04-b68c870482af, 1278 MiB
2026/09/22 05:05:25.753, 1985388, GPU-c19b526a-dfb9-68a7-ae04-b68c870482af, 1278 MiB
2026/09/22 05:05:26.754, 1844380, GPU-833bd1d4-962a-a2a9-e8ee-3f18887d8a40, 69848 MiB
2026/09/22 05:05:26.754, 1852943, GPU-833bd1d4-962a-a2a9-e8ee-3f18887d8a40, 4728 MiB
2026/09/22 05:05:26.758, 902823, GPU-5014660a-ded1-5f90-339b-0e5f9738f416, 774 MiB
2026/09/22 05:05:26.758, 917655, GPU-5014660a-ded1-5f90-339b-0e5f9738f416, 75012 MiB
2026/09/22 05:05:26.758, 1844382, GPU-d70c11ba-69d2-8984-e060-d1284dbbf2e3, 69848 MiB
2026/09/22 05:05:26.758, 1852943, GPU-d70c11ba-69d2-8984-e060-d1284dbbf2e3, 4728 MiB
2026/09/22 05:05:26.759, 1987404, GPU-eb2cffac-d74f-77dc-0221-1955eae16c6a, 30032 MiB
2026/09/22 05:05:26.759, 137936, GPU-ae2bc357-9c9d-ff3d-c235-bf7e8de8e94c, 1278 MiB
2026/09/22 05:05:26.759, 137983, GPU-ae2bc357-9c9d-ff3d-c235-bf7e8de8e94c, 938 MiB
2026/09/22 05:05:26.759, 138213, GPU-ae2bc357-9c9d-ff3d-c235-bf7e8de8e94c, 938 MiB
2026/09/22 05:05:26.759, 138331, GPU-ae2bc357-9c9d-ff3d-c235-bf7e8de8e94c, 938 MiB
2026/09/22 05:05:26.759, 138526, GPU-ae2bc357-9c9d-ff3d-c235-bf7e8de8e94c, 938 MiB
2026/09/22 05:05:26.759, 138832, GPU-ae2bc357-9c9d-ff3d-c235-bf7e8de8e94c, 1306 MiB
2026/09/22 05:05:26.759, 1827563, GPU-ae2bc357-9c9d-ff3d-c235-bf7e8de8e94c, 1306 MiB
2026/09/22 05:05:26.759, 1827662, GPU-ae2bc357-9c9d-ff3d-c235-bf7e8de8e94c, 1306 MiB
2026/09/22 05:05:26.760, 907585, GPU-eeb7d960-135d-5f5e-859f-f7f5efb7136d, 774 MiB
2026/09/22 05:05:26.760, 987850, GPU-eeb7d960-135d-5f5e-859f-f7f5efb7136d, 73700 MiB
2026/09/22 05:05:26.761, 1209359, GPU-d6d9222c-9b57-3843-4d93-d2a40b30ad2b, 49386 MiB
2026/09/22 05:05:26.761, 1981187, GPU-c19b526a-dfb9-68a7-ae04-b68c870482af, 1306 MiB
2026/09/22 05:05:26.761, 1981575, GPU-c19b526a-dfb9-68a7-ae04-b68c870482af, 1278 MiB
2026/09/22 05:05:26.761, 1985001, GPU-c19b526a-dfb9-68a7-ae04-b68c870482af, 1278 MiB
2026/09/22 05:05:26.761, 1985175, GPU-c19b526a-dfb9-68a7-ae04-b68c870482af, 1278 MiB
2026/09/22 05:05:26.761, 1985388, GPU-c19b526a-dfb9-68a7-ae04-b68c870482af, 1278 MiB
2026/09/22 05:05:27.762, 1844380, GPU-833bd1d4-962a-a2a9-e8ee-3f18887d8a40, 69848 MiB
2026/09/22 05:05:27.762, 1852943, GPU-833bd1d4-962a-a2a9-e8ee-3f18887d8a40, 4728 MiB
2026/09/22 05:05:27.768, 902823, GPU-5014660a-ded1-5f90-339b-0e5f9738f416, 774 MiB
2026/09/22 05:05:27.768, 917655, GPU-5014660a-ded1-5f90-339b-0e5f9738f416, 75012 MiB
2026/09/22 05:05:27.777, 1844382, GPU-d70c11ba-69d2-8984-e060-d1284dbbf2e3, 69848 MiB
2026/09/22 05:05:27.777, 1852943, GPU-d70c11ba-69d2-8984-e060-d1284dbbf2e3, 4728 MiB
2026/09/22 05:05:27.782, 1987404, GPU-eb2cffac-d74f-77dc-0221-1955eae16c6a, 32464 MiB
2026/09/22 05:05:27.786, 137936, GPU-ae2bc357-9c9d-ff3d-c235-bf7e8de8e94c, 1278 MiB
2026/09/22 05:05:27.786, 137983, GPU-ae2bc357-9c9d-ff3d-c235-bf7e8de8e94c, 938 MiB
2026/09/22 05:05:27.786, 138213, GPU-ae2bc357-9c9d-ff3d-c235-bf7e8de8e94c, 938 MiB
2026/09/22 05:05:27.786, 138331, GPU-ae2bc357-9c9d-ff3d-c235-bf7e8de8e94c, 938 MiB
2026/09/22 05:05:27.786, 138526, GPU-ae2bc357-9c9d-ff3d-c235-bf7e8de8e94c, 938 MiB
2026/09/22 05:05:27.786, 138832, GPU-ae2bc357-9c9d-ff3d-c235-bf7e8de8e94c, 1306 MiB
2026/09/22 05:05:27.786, 1827563, GPU-ae2bc357-9c9d-ff3d-c235-bf7e8de8e94c, 1306 MiB
2026/09/22 05:05:27.786, 1827662, GPU-ae2bc357-9c9d-ff3d-c235-bf7e8de8e94c, 1306 MiB
2026/09/22 05:05:27.789, 907585, GPU-eeb7d960-135d-5f5e-859f-f7f5efb7136d, 774 MiB
2026/09/22 05:05:27.789, 987850, GPU-eeb7d960-135d-5f5e-859f-f7f5efb7136d, 73700 MiB
2026/09/22 05:05:27.790, 1209359, GPU-d6d9222c-9b57-3843-4d93-d2a40b30ad2b, 49386 MiB
2026/09/22 05:05:27.791, 1981187, GPU-c19b526a-dfb9-68a7-ae04-b68c870482af, 1306 MiB
2026/09/22 05:05:27.791, 1981575, GPU-c19b526a-dfb9-68a7-ae04-b68c870482af, 1278 MiB
2026/09/22 05:05:27.791, 1985001, GPU-c19b526a-dfb9-68a7-ae04-b68c870482af, 1278 MiB
2026/09/22 05:05:27.791, 1985175, GPU-c19b526a-dfb9-68a7-ae04-b68c870482af, 1278 MiB
2026/09/22 05:05:27.791, 1985388, GPU-c19b526a-dfb9-68a7-ae04-b68c870482af, 1278 MiB
2026/09/22 05:05:28.792, 1844380, GPU-833bd1d4-962a-a2a9-e8ee-3f18887d8a40, 69848 MiB
2026/09/22 05:05:28.792, 1852943, GPU-833bd1d4-962a-a2a9-e8ee-3f18887d8a40, 4728 MiB
2026/09/22 05:05:28.794, 902823, GPU-5014660a-ded1-5f90-339b-0e5f9738f416, 774 MiB
2026/09/22 05:05:28.794, 917655, GPU-5014660a-ded1-5f90-339b-0e5f9738f416, 75012 MiB
2026/09/22 05:05:28.795, 1844382, GPU-d70c11ba-69d2-8984-e060-d1284dbbf2e3, 69848 MiB
2026/09/22 05:05:28.795, 1852943, GPU-d70c11ba-69d2-8984-e060-d1284dbbf2e3, 4728 MiB
2026/09/22 05:05:28.796, 137936, GPU-ae2bc357-9c9d-ff3d-c235-bf7e8de8e94c, 1278 MiB
2026/09/22 05:05:28.796, 137983, GPU-ae2bc357-9c9d-ff3d-c235-bf7e8de8e94c, 938 MiB
2026/09/22 05:05:28.796, 138213, GPU-ae2bc357-9c9d-ff3d-c235-bf7e8de8e94c, 938 MiB
2026/09/22 05:05:28.796, 138331, GPU-ae2bc357-9c9d-ff3d-c235-bf7e8de8e94c, 938 MiB
2026/09/22 05:05:28.796, 138526, GPU-ae2bc357-9c9d-ff3d-c235-bf7e8de8e94c, 938 MiB
2026/09/22 05:05:28.796, 138832, GPU-ae2bc357-9c9d-ff3d-c235-bf7e8de8e94c, 1306 MiB
2026/09/22 05:05:28.796, 1827563, GPU-ae2bc357-9c9d-ff3d-c235-bf7e8de8e94c, 1306 MiB
2026/09/22 05:05:28.796, 1827662, GPU-ae2bc357-9c9d-ff3d-c235-bf7e8de8e94c, 1306 MiB
2026/09/22 05:05:28.797, 907585, GPU-eeb7d960-135d-5f5e-859f-f7f5efb7136d, 774 MiB
2026/09/22 05:05:28.797, 987850, GPU-eeb7d960-135d-5f5e-859f-f7f5efb7136d, 73700 MiB
2026/09/22 05:05:28.798, 1209359, GPU-d6d9222c-9b57-3843-4d93-d2a40b30ad2b, 49386 MiB
2026/09/22 05:05:28.798, 1981187, GPU-c19b526a-dfb9-68a7-ae04-b68c870482af, 1306 MiB
2026/09/22 05:05:28.798, 1981575, GPU-c19b526a-dfb9-68a7-ae04-b68c870482af, 1278 MiB
2026/09/22 05:05:28.798, 1985001, GPU-c19b526a-dfb9-68a7-ae04-b68c870482af, 1278 MiB
2026/09/22 05:05:28.798, 1985175, GPU-c19b526a-dfb9-68a7-ae04-b68c870482af, 1278 MiB
2026/09/22 05:05:28.798, 1985388, GPU-c19b526a-dfb9-68a7-ae04-b68c870482af, 1278 MiB
2026/09/22 05:05:29.799, 1844380, GPU-833bd1d4-962a-a2a9-e8ee-3f18887d8a40, 69848 MiB
2026/09/22 05:05:29.799, 1852943, GPU-833bd1d4-962a-a2a9-e8ee-3f18887d8a40, 4728 MiB
2026/09/22 05:05:29.801, 902823, GPU-5014660a-ded1-5f90-339b-0e5f9738f416, 774 MiB
2026/09/22 05:05:29.801, 917655, GPU-5014660a-ded1-5f90-339b-0e5f9738f416, 75012 MiB
2026/09/22 05:05:29.801, 1844382, GPU-d70c11ba-69d2-8984-e060-d1284dbbf2e3, 69848 MiB
2026/09/22 05:05:29.801, 1852943, GPU-d70c11ba-69d2-8984-e060-d1284dbbf2e3, 4728 MiB
2026/09/22 05:05:29.802, 137936, GPU-ae2bc357-9c9d-ff3d-c235-bf7e8de8e94c, 1278 MiB
2026/09/22 05:05:29.802, 137983, GPU-ae2bc357-9c9d-ff3d-c235-bf7e8de8e94c, 938 MiB
2026/09/22 05:05:29.802, 138213, GPU-ae2bc357-9c9d-ff3d-c235-bf7e8de8e94c, 938 MiB
2026/09/22 05:05:29.802, 138331, GPU-ae2bc357-9c9d-ff3d-c235-bf7e8de8e94c, 938 MiB
2026/09/22 05:05:29.802, 138526, GPU-ae2bc357-9c9d-ff3d-c235-bf7e8de8e94c, 938 MiB
2026/09/22 05:05:29.802, 138832, GPU-ae2bc357-9c9d-ff3d-c235-bf7e8de8e94c, 1306 MiB
2026/09/22 05:05:29.802, 1827563, GPU-ae2bc357-9c9d-ff3d-c235-bf7e8de8e94c, 1306 MiB
2026/09/22 05:05:29.802, 1827662, GPU-ae2bc357-9c9d-ff3d-c235-bf7e8de8e94c, 1306 MiB
2026/09/22 05:05:29.804, 907585, GPU-eeb7d960-135d-5f5e-859f-f7f5efb7136d, 774 MiB
2026/09/22 05:05:29.804, 987850, GPU-eeb7d960-135d-5f5e-859f-f7f5efb7136d, 73700 MiB
2026/09/22 05:05:29.804, 1209359, GPU-d6d9222c-9b57-3843-4d93-d2a40b30ad2b, 49386 MiB
2026/09/22 05:05:29.805, 1981187, GPU-c19b526a-dfb9-68a7-ae04-b68c870482af, 1306 MiB
2026/09/22 05:05:29.805, 1981575, GPU-c19b526a-dfb9-68a7-ae04-b68c870482af, 1278 MiB
2026/09/22 05:05:29.805, 1985001, GPU-c19b526a-dfb9-68a7-ae04-b68c870482af, 1278 MiB
2026/09/22 05:05:29.805, 1985175, GPU-c19b526a-dfb9-68a7-ae04-b68c870482af, 1278 MiB
2026/09/22 05:05:29.805, 1985388, GPU-c19b526a-dfb9-68a7-ae04-b68c870482af, 1278 MiB
2026/09/22 05:05:30.806, 1844380, GPU-833bd1d4-962a-a2a9-e8ee-3f18887d8a40, 69848 MiB
2026/09/22 05:05:30.806, 1852943, GPU-833bd1d4-962a-a2a9-e8ee-3f18887d8a40, 4728 MiB
2026/09/22 05:05:30.808, 902823, GPU-5014660a-ded1-5f90-339b-0e5f9738f416, 774 MiB
2026/09/22 05:05:30.808, 917655, GPU-5014660a-ded1-5f90-339b-0e5f9738f416, 75012 MiB
2026/09/22 05:05:30.809, 1844382, GPU-d70c11ba-69d2-8984-e060-d1284dbbf2e3, 69848 MiB
2026/09/22 05:05:30.809, 1852943, GPU-d70c11ba-69d2-8984-e060-d1284dbbf2e3, 4728 MiB
2026/09/22 05:05:30.811, 137936, GPU-ae2bc357-9c9d-ff3d-c235-bf7e8de8e94c, 1278 MiB
2026/09/22 05:05:30.811, 137983, GPU-ae2bc357-9c9d-ff3d-c235-bf7e8de8e94c, 938 MiB
2026/09/22 05:05:30.811, 138213, GPU-ae2bc357-9c9d-ff3d-c235-bf7e8de8e94c, 938 MiB
2026/09/22 05:05:30.811, 138331, GPU-ae2bc357-9c9d-ff3d-c235-bf7e8de8e94c, 938 MiB
2026/09/22 05:05:30.811, 138526, GPU-ae2bc357-9c9d-ff3d-c235-bf7e8de8e94c, 938 MiB
2026/09/22 05:05:30.811, 138832, GPU-ae2bc357-9c9d-ff3d-c235-bf7e8de8e94c, 1306 MiB
2026/09/22 05:05:30.811, 1827563, GPU-ae2bc357-9c9d-ff3d-c235-bf7e8de8e94c, 1306 MiB
2026/09/22 05:05:30.811, 1827662, GPU-ae2bc357-9c9d-ff3d-c235-bf7e8de8e94c, 1306 MiB
2026/09/22 05:05:30.812, 907585, GPU-eeb7d960-135d-5f5e-859f-f7f5efb7136d, 774 MiB
2026/09/22 05:05:30.812, 987850, GPU-eeb7d960-135d-5f5e-859f-f7f5efb7136d, 73700 MiB
2026/09/22 05:05:30.813, 1209359, GPU-d6d9222c-9b57-3843-4d93-d2a40b30ad2b, 49386 MiB
2026/09/22 05:05:30.813, 1981187, GPU-c19b526a-dfb9-68a7-ae04-b68c870482af, 1306 MiB
2026/09/22 05:05:30.813, 1981575, GPU-c19b526a-dfb9-68a7-ae04-b68c870482af, 1278 MiB
2026/09/22 05:05:30.813, 1985001, GPU-c19b526a-dfb9-68a7-ae04-b68c870482af, 1278 MiB
2026/09/22 05:05:30.813, 1985175, GPU-c19b526a-dfb9-68a7-ae04-b68c870482af, 1278 MiB
2026/09/22 05:05:30.813, 1985388, GPU-c19b526a-dfb9-68a7-ae04-b68c870482af, 1278 MiB
2026/09/22 05:05:31.815, 1844380, GPU-833bd1d4-962a-a2a9-e8ee-3f18887d8a40, 69848 MiB
2026/09/22 05:05:31.815, 1852943, GPU-833bd1d4-962a-a2a9-e8ee-3f18887d8a40, 4728 MiB
2026/09/22 05:05:31.816, 902823, GPU-5014660a-ded1-5f90-339b-0e5f9738f416, 774 MiB
2026/09/22 05:05:31.816, 917655, GPU-5014660a-ded1-5f90-339b-0e5f9738f416, 75012 MiB
2026/09/22 05:05:31.817, 1844382, GPU-d70c11ba-69d2-8984-e060-d1284dbbf2e3, 69848 MiB
2026/09/22 05:05:31.817, 1852943, GPU-d70c11ba-69d2-8984-e060-d1284dbbf2e3, 4728 MiB
2026/09/22 05:05:31.817, 137936, GPU-ae2bc357-9c9d-ff3d-c235-bf7e8de8e94c, 1278 MiB
2026/09/22 05:05:31.817, 137983, GPU-ae2bc357-9c9d-ff3d-c235-bf7e8de8e94c, 938 MiB
2026/09/22 05:05:31.817, 138213, GPU-ae2bc357-9c9d-ff3d-c235-bf7e8de8e94c, 938 MiB
2026/09/22 05:05:31.817, 138331, GPU-ae2bc357-9c9d-ff3d-c235-bf7e8de8e94c, 938 MiB
2026/09/22 05:05:31.817, 138526, GPU-ae2bc357-9c9d-ff3d-c235-bf7e8de8e94c, 938 MiB
2026/09/22 05:05:31.817, 138832, GPU-ae2bc357-9c9d-ff3d-c235-bf7e8de8e94c, 1306 MiB
2026/09/22 05:05:31.817, 1827563, GPU-ae2bc357-9c9d-ff3d-c235-bf7e8de8e94c, 1306 MiB
2026/09/22 05:05:31.817, 1827662, GPU-ae2bc357-9c9d-ff3d-c235-bf7e8de8e94c, 1306 MiB
2026/09/22 05:05:31.818, 907585, GPU-eeb7d960-135d-5f5e-859f-f7f5efb7136d, 774 MiB
2026/09/22 05:05:31.818, 987850, GPU-eeb7d960-135d-5f5e-859f-f7f5efb7136d, 73700 MiB
2026/09/22 05:05:31.818, 1209359, GPU-d6d9222c-9b57-3843-4d93-d2a40b30ad2b, 49386 MiB
2026/09/22 05:05:31.819, 1981187, GPU-c19b526a-dfb9-68a7-ae04-b68c870482af, 1306 MiB
2026/09/22 05:05:31.819, 1981575, GPU-c19b526a-dfb9-68a7-ae04-b68c870482af, 1278 MiB
2026/09/22 05:05:31.819, 1985001, GPU-c19b526a-dfb9-68a7-ae04-b68c870482af, 1278 MiB
2026/09/22 05:05:31.819, 1985175, GPU-c19b526a-dfb9-68a7-ae04-b68c870482af, 1278 MiB
2026/09/22 05:05:31.819, 1985388, GPU-c19b526a-dfb9-68a7-ae04-b68c870482af, 1278 MiB
2026/09/22 05:05:32.819, 1844380, GPU-833bd1d4-962a-a2a9-e8ee-3f18887d8a40, 69848 MiB
2026/09/22 05:05:32.819, 1852943, GPU-833bd1d4-962a-a2a9-e8ee-3f18887d8a40, 4728 MiB
2026/09/22 05:05:32.821, 902823, GPU-5014660a-ded1-5f90-339b-0e5f9738f416, 774 MiB
2026/09/22 05:05:32.821, 917655, GPU-5014660a-ded1-5f90-339b-0e5f9738f416, 75012 MiB
2026/09/22 05:05:32.821, 1844382, GPU-d70c11ba-69d2-8984-e060-d1284dbbf2e3, 69848 MiB
2026/09/22 05:05:32.821, 1852943, GPU-d70c11ba-69d2-8984-e060-d1284dbbf2e3, 4728 MiB
2026/09/22 05:05:32.822, 137936, GPU-ae2bc357-9c9d-ff3d-c235-bf7e8de8e94c, 1278 MiB
2026/09/22 05:05:32.822, 137983, GPU-ae2bc357-9c9d-ff3d-c235-bf7e8de8e94c, 938 MiB
2026/09/22 05:05:32.822, 138213, GPU-ae2bc357-9c9d-ff3d-c235-bf7e8de8e94c, 938 MiB
2026/09/22 05:05:32.822, 138331, GPU-ae2bc357-9c9d-ff3d-c235-bf7e8de8e94c, 938 MiB
2026/09/22 05:05:32.822, 138526, GPU-ae2bc357-9c9d-ff3d-c235-bf7e8de8e94c, 938 MiB
2026/09/22 05:05:32.822, 138832, GPU-ae2bc357-9c9d-ff3d-c235-bf7e8de8e94c, 1306 MiB
2026/09/22 05:05:32.822, 1827563, GPU-ae2bc357-9c9d-ff3d-c235-bf7e8de8e94c, 1306 MiB
2026/09/22 05:05:32.822, 1827662, GPU-ae2bc357-9c9d-ff3d-c235-bf7e8de8e94c, 1306 MiB
2026/09/22 05:05:32.823, 907585, GPU-eeb7d960-135d-5f5e-859f-f7f5efb7136d, 774 MiB
2026/09/22 05:05:32.823, 987850, GPU-eeb7d960-135d-5f5e-859f-f7f5efb7136d, 73700 MiB
2026/09/22 05:05:32.823, 1209359, GPU-d6d9222c-9b57-3843-4d93-d2a40b30ad2b, 49386 MiB
2026/09/22 05:05:32.823, 1981187, GPU-c19b526a-dfb9-68a7-ae04-b68c870482af, 1306 MiB
2026/09/22 05:05:32.823, 1981575, GPU-c19b526a-dfb9-68a7-ae04-b68c870482af, 1278 MiB
2026/09/22 05:05:32.823, 1985001, GPU-c19b526a-dfb9-68a7-ae04-b68c870482af, 1278 MiB
2026/09/22 05:05:32.823, 1985175, GPU-c19b526a-dfb9-68a7-ae04-b68c870482af, 1278 MiB
2026/09/22 05:05:32.823, 1985388, GPU-c19b526a-dfb9-68a7-ae04-b68c870482af, 1278 MiB
2026/09/22 05:05:33.824, 1844380, GPU-833bd1d4-962a-a2a9-e8ee-3f18887d8a40, 69848 MiB
2026/09/22 05:05:33.824, 1852943, GPU-833bd1d4-962a-a2a9-e8ee-3f18887d8a40, 4728 MiB
2026/09/22 05:05:33.825, 902823, GPU-5014660a-ded1-5f90-339b-0e5f9738f416, 774 MiB
2026/09/22 05:05:33.825, 917655, GPU-5014660a-ded1-5f90-339b-0e5f9738f416, 75012 MiB
2026/09/22 05:05:33.826, 1844382, GPU-d70c11ba-69d2-8984-e060-d1284dbbf2e3, 69848 MiB
2026/09/22 05:05:33.826, 1852943, GPU-d70c11ba-69d2-8984-e060-d1284dbbf2e3, 4728 MiB
2026/09/22 05:05:33.826, 137936, GPU-ae2bc357-9c9d-ff3d-c235-bf7e8de8e94c, 1278 MiB
2026/09/22 05:05:33.826, 137983, GPU-ae2bc357-9c9d-ff3d-c235-bf7e8de8e94c, 938 MiB
2026/09/22 05:05:33.826, 138213, GPU-ae2bc357-9c9d-ff3d-c235-bf7e8de8e94c, 938 MiB
2026/09/22 05:05:33.826, 138331, GPU-ae2bc357-9c9d-ff3d-c235-bf7e8de8e94c, 938 MiB
2026/09/22 05:05:33.826, 138526, GPU-ae2bc357-9c9d-ff3d-c235-bf7e8de8e94c, 938 MiB
2026/09/22 05:05:33.826, 138832, GPU-ae2bc357-9c9d-ff3d-c235-bf7e8de8e94c, 1306 MiB
2026/09/22 05:05:33.826, 1827563, GPU-ae2bc357-9c9d-ff3d-c235-bf7e8de8e94c, 1306 MiB
2026/09/22 05:05:33.826, 1827662, GPU-ae2bc357-9c9d-ff3d-c235-bf7e8de8e94c, 1306 MiB
2026/09/22 05:05:33.827, 907585, GPU-eeb7d960-135d-5f5e-859f-f7f5efb7136d, 774 MiB
2026/09/22 05:05:33.827, 987850, GPU-eeb7d960-135d-5f5e-859f-f7f5efb7136d, 73700 MiB
2026/09/22 05:05:33.828, 1209359, GPU-d6d9222c-9b57-3843-4d93-d2a40b30ad2b, 49386 MiB
2026/09/22 05:05:33.828, 1981187, GPU-c19b526a-dfb9-68a7-ae04-b68c870482af, 1306 MiB
2026/09/22 05:05:33.828, 1981575, GPU-c19b526a-dfb9-68a7-ae04-b68c870482af, 1278 MiB
2026/09/22 05:05:33.828, 1985001, GPU-c19b526a-dfb9-68a7-ae04-b68c870482af, 1278 MiB
2026/09/22 05:05:33.828, 1985175, GPU-c19b526a-dfb9-68a7-ae04-b68c870482af, 1278 MiB
2026/09/22 05:05:33.828, 1985388, GPU-c19b526a-dfb9-68a7-ae04-b68c870482af, 1278 MiB
2026/09/22 05:05:34.829, 1844380, GPU-833bd1d4-962a-a2a9-e8ee-3f18887d8a40, 69848 MiB
2026/09/22 05:05:34.829, 1852943, GPU-833bd1d4-962a-a2a9-e8ee-3f18887d8a40, 4728 MiB
2026/09/22 05:05:34.841, 902823, GPU-5014660a-ded1-5f90-339b-0e5f9738f416, 774 MiB
2026/09/22 05:05:34.841, 917655, GPU-5014660a-ded1-5f90-339b-0e5f9738f416, 75012 MiB
2026/09/22 05:05:34.842, 1844382, GPU-d70c11ba-69d2-8984-e060-d1284dbbf2e3, 69848 MiB
2026/09/22 05:05:34.842, 1852943, GPU-d70c11ba-69d2-8984-e060-d1284dbbf2e3, 4728 MiB
2026/09/22 05:05:34.843, 137936, GPU-ae2bc357-9c9d-ff3d-c235-bf7e8de8e94c, 1278 MiB
2026/09/22 05:05:34.843, 137983, GPU-ae2bc357-9c9d-ff3d-c235-bf7e8de8e94c, 938 MiB
2026/09/22 05:05:34.843, 138213, GPU-ae2bc357-9c9d-ff3d-c235-bf7e8de8e94c, 938 MiB
2026/09/22 05:05:34.843, 138331, GPU-ae2bc357-9c9d-ff3d-c235-bf7e8de8e94c, 938 MiB
2026/09/22 05:05:34.843, 138526, GPU-ae2bc357-9c9d-ff3d-c235-bf7e8de8e94c, 938 MiB
2026/09/22 05:05:34.843, 138832, GPU-ae2bc357-9c9d-ff3d-c235-bf7e8de8e94c, 1306 MiB
2026/09/22 05:05:34.843, 1827563, GPU-ae2bc357-9c9d-ff3d-c235-bf7e8de8e94c, 1306 MiB
2026/09/22 05:05:34.843, 1827662, GPU-ae2bc357-9c9d-ff3d-c235-bf7e8de8e94c, 1306 MiB
2026/09/22 05:05:34.845, 907585, GPU-eeb7d960-135d-5f5e-859f-f7f5efb7136d, 774 MiB
2026/09/22 05:05:34.845, 987850, GPU-eeb7d960-135d-5f5e-859f-f7f5efb7136d, 73700 MiB
2026/09/22 05:05:34.845, 1209359, GPU-d6d9222c-9b57-3843-4d93-d2a40b30ad2b, 49386 MiB
2026/09/22 05:05:34.846, 1981187, GPU-c19b526a-dfb9-68a7-ae04-b68c870482af, 1306 MiB
2026/09/22 05:05:34.846, 1981575, GPU-c19b526a-dfb9-68a7-ae04-b68c870482af, 1278 MiB
2026/09/22 05:05:34.846, 1985001, GPU-c19b526a-dfb9-68a7-ae04-b68c870482af, 1278 MiB
2026/09/22 05:05:34.846, 1985175, GPU-c19b526a-dfb9-68a7-ae04-b68c870482af, 1278 MiB
2026/09/22 05:05:34.846, 1985388, GPU-c19b526a-dfb9-68a7-ae04-b68c870482af, 1278 MiB
2026/09/22 05:05:35.847, 1844380, GPU-833bd1d4-962a-a2a9-e8ee-3f18887d8a40, 69848 MiB
2026/09/22 05:05:35.847, 1852943, GPU-833bd1d4-962a-a2a9-e8ee-3f18887d8a40, 4728 MiB
2026/09/22 05:05:35.848, 902823, GPU-5014660a-ded1-5f90-339b-0e5f9738f416, 774 MiB
2026/09/22 05:05:35.848, 917655, GPU-5014660a-ded1-5f90-339b-0e5f9738f416, 75012 MiB
2026/09/22 05:05:35.849, 1844382, GPU-d70c11ba-69d2-8984-e060-d1284dbbf2e3, 69848 MiB
2026/09/22 05:05:35.849, 1852943, GPU-d70c11ba-69d2-8984-e060-d1284dbbf2e3, 4728 MiB
2026/09/22 05:05:35.850, 137936, GPU-ae2bc357-9c9d-ff3d-c235-bf7e8de8e94c, 1278 MiB
2026/09/22 05:05:35.850, 137983, GPU-ae2bc357-9c9d-ff3d-c235-bf7e8de8e94c, 938 MiB
2026/09/22 05:05:35.850, 138213, GPU-ae2bc357-9c9d-ff3d-c235-bf7e8de8e94c, 938 MiB
2026/09/22 05:05:35.850, 138331, GPU-ae2bc357-9c9d-ff3d-c235-bf7e8de8e94c, 938 MiB
2026/09/22 05:05:35.850, 138526, GPU-ae2bc357-9c9d-ff3d-c235-bf7e8de8e94c, 938 MiB
2026/09/22 05:05:35.850, 138832, GPU-ae2bc357-9c9d-ff3d-c235-bf7e8de8e94c, 1306 MiB
2026/09/22 05:05:35.850, 1827563, GPU-ae2bc357-9c9d-ff3d-c235-bf7e8de8e94c, 1306 MiB
2026/09/22 05:05:35.850, 1827662, GPU-ae2bc357-9c9d-ff3d-c235-bf7e8de8e94c, 1306 MiB
2026/09/22 05:05:35.851, 907585, GPU-eeb7d960-135d-5f5e-859f-f7f5efb7136d, 774 MiB
2026/09/22 05:05:35.851, 987850, GPU-eeb7d960-135d-5f5e-859f-f7f5efb7136d, 73700 MiB
2026/09/22 05:05:35.852, 1209359, GPU-d6d9222c-9b57-3843-4d93-d2a40b30ad2b, 49386 MiB
2026/09/22 05:05:35.852, 1981187, GPU-c19b526a-dfb9-68a7-ae04-b68c870482af, 1306 MiB
2026/09/22 05:05:35.852, 1981575, GPU-c19b526a-dfb9-68a7-ae04-b68c870482af, 1278 MiB
2026/09/22 05:05:35.852, 1985001, GPU-c19b526a-dfb9-68a7-ae04-b68c870482af, 1278 MiB
2026/09/22 05:05:35.852, 1985175, GPU-c19b526a-dfb9-68a7-ae04-b68c870482af, 1278 MiB
2026/09/22 05:05:35.852, 1985388, GPU-c19b526a-dfb9-68a7-ae04-b68c870482af, 1278 MiB
2026/09/22 05:05:36.853, 1844380, GPU-833bd1d4-962a-a2a9-e8ee-3f18887d8a40, 69848 MiB
2026/09/22 05:05:36.853, 1852943, GPU-833bd1d4-962a-a2a9-e8ee-3f18887d8a40, 4728 MiB
2026/09/22 05:05:36.855, 902823, GPU-5014660a-ded1-5f90-339b-0e5f9738f416, 774 MiB
2026/09/22 05:05:36.855, 917655, GPU-5014660a-ded1-5f90-339b-0e5f9738f416, 75012 MiB
2026/09/22 05:05:36.856, 1844382, GPU-d70c11ba-69d2-8984-e060-d1284dbbf2e3, 69848 MiB
2026/09/22 05:05:36.856, 1852943, GPU-d70c11ba-69d2-8984-e060-d1284dbbf2e3, 4728 MiB
2026/09/22 05:05:36.857, 137936, GPU-ae2bc357-9c9d-ff3d-c235-bf7e8de8e94c, 1278 MiB
2026/09/22 05:05:36.857, 137983, GPU-ae2bc357-9c9d-ff3d-c235-bf7e8de8e94c, 938 MiB
2026/09/22 05:05:36.857, 138213, GPU-ae2bc357-9c9d-ff3d-c235-bf7e8de8e94c, 938 MiB
2026/09/22 05:05:36.857, 138331, GPU-ae2bc357-9c9d-ff3d-c235-bf7e8de8e94c, 938 MiB
2026/09/22 05:05:36.857, 138526, GPU-ae2bc357-9c9d-ff3d-c235-bf7e8de8e94c, 938 MiB
2026/09/22 05:05:36.857, 138832, GPU-ae2bc357-9c9d-ff3d-c235-bf7e8de8e94c, 1306 MiB
2026/09/22 05:05:36.857, 1827563, GPU-ae2bc357-9c9d-ff3d-c235-bf7e8de8e94c, 1306 MiB
2026/09/22 05:05:36.857, 1827662, GPU-ae2bc357-9c9d-ff3d-c235-bf7e8de8e94c, 1306 MiB
2026/09/22 05:05:36.858, 907585, GPU-eeb7d960-135d-5f5e-859f-f7f5efb7136d, 774 MiB
2026/09/22 05:05:36.858, 987850, GPU-eeb7d960-135d-5f5e-859f-f7f5efb7136d, 73700 MiB
2026/09/22 05:05:36.859, 1209359, GPU-d6d9222c-9b57-3843-4d93-d2a40b30ad2b, 49386 MiB
2026/09/22 05:05:36.859, 1981187, GPU-c19b526a-dfb9-68a7-ae04-b68c870482af, 1306 MiB
2026/09/22 05:05:36.859, 1981575, GPU-c19b526a-dfb9-68a7-ae04-b68c870482af, 1278 MiB
2026/09/22 05:05:36.859, 1985001, GPU-c19b526a-dfb9-68a7-ae04-b68c870482af, 1278 MiB
2026/09/22 05:05:36.859, 1985175, GPU-c19b526a-dfb9-68a7-ae04-b68c870482af, 1278 MiB
2026/09/22 05:05:36.859, 1985388, GPU-c19b526a-dfb9-68a7-ae04-b68c870482af, 1278 MiB
2026/09/22 05:05:37.860, 1844380, GPU-833bd1d4-962a-a2a9-e8ee-3f18887d8a40, 69848 MiB
2026/09/22 05:05:37.860, 1852943, GPU-833bd1d4-962a-a2a9-e8ee-3f18887d8a40, 4728 MiB
2026/09/22 05:05:37.862, 902823, GPU-5014660a-ded1-5f90-339b-0e5f9738f416, 774 MiB
2026/09/22 05:05:37.862, 917655, GPU-5014660a-ded1-5f90-339b-0e5f9738f416, 75012 MiB
2026/09/22 05:05:37.863, 1844382, GPU-d70c11ba-69d2-8984-e060-d1284dbbf2e3, 69848 MiB
2026/09/22 05:05:37.863, 1852943, GPU-d70c11ba-69d2-8984-e060-d1284dbbf2e3, 4728 MiB
2026/09/22 05:05:37.864, 137936, GPU-ae2bc357-9c9d-ff3d-c235-bf7e8de8e94c, 1278 MiB
2026/09/22 05:05:37.864, 137983, GPU-ae2bc357-9c9d-ff3d-c235-bf7e8de8e94c, 938 MiB
2026/09/22 05:05:37.864, 138213, GPU-ae2bc357-9c9d-ff3d-c235-bf7e8de8e94c, 938 MiB
2026/09/22 05:05:37.864, 138331, GPU-ae2bc357-9c9d-ff3d-c235-bf7e8de8e94c, 938 MiB
2026/09/22 05:05:37.864, 138526, GPU-ae2bc357-9c9d-ff3d-c235-bf7e8de8e94c, 938 MiB
2026/09/22 05:05:37.864, 138832, GPU-ae2bc357-9c9d-ff3d-c235-bf7e8de8e94c, 1306 MiB
2026/09/22 05:05:37.864, 1827563, GPU-ae2bc357-9c9d-ff3d-c235-bf7e8de8e94c, 1306 MiB
2026/09/22 05:05:37.864, 1827662, GPU-ae2bc357-9c9d-ff3d-c235-bf7e8de8e94c, 1306 MiB
2026/09/22 05:05:37.865, 907585, GPU-eeb7d960-135d-5f5e-859f-f7f5efb7136d, 774 MiB
2026/09/22 05:05:37.865, 987850, GPU-eeb7d960-135d-5f5e-859f-f7f5efb7136d, 73700 MiB
2026/09/22 05:05:37.866, 1209359, GPU-d6d9222c-9b57-3843-4d93-d2a40b30ad2b, 49386 MiB
2026/09/22 05:05:37.866, 1981187, GPU-c19b526a-dfb9-68a7-ae04-b68c870482af, 1306 MiB
2026/09/22 05:05:37.866, 1981575, GPU-c19b526a-dfb9-68a7-ae04-b68c870482af, 1278 MiB
2026/09/22 05:05:37.866, 1985001, GPU-c19b526a-dfb9-68a7-ae04-b68c870482af, 1278 MiB
2026/09/22 05:05:37.866, 1985175, GPU-c19b526a-dfb9-68a7-ae04-b68c870482af, 1278 MiB
2026/09/22 05:05:37.866, 1985388, GPU-c19b526a-dfb9-68a7-ae04-b68c870482af, 1278 MiB
2026/09/22 05:05:38.867, 1844380, GPU-833bd1d4-962a-a2a9-e8ee-3f18887d8a40, 69848 MiB
2026/09/22 05:05:38.867, 1852943, GPU-833bd1d4-962a-a2a9-e8ee-3f18887d8a40, 4728 MiB
2026/09/22 05:05:38.884, 902823, GPU-5014660a-ded1-5f90-339b-0e5f9738f416, 774 MiB
2026/09/22 05:05:38.884, 917655, GPU-5014660a-ded1-5f90-339b-0e5f9738f416, 75012 MiB
2026/09/22 05:05:38.887, 1844382, GPU-d70c11ba-69d2-8984-e060-d1284dbbf2e3, 69848 MiB
2026/09/22 05:05:38.887, 1852943, GPU-d70c11ba-69d2-8984-e060-d1284dbbf2e3, 4728 MiB
2026/09/22 05:05:38.890, 137936, GPU-ae2bc357-9c9d-ff3d-c235-bf7e8de8e94c, 1278 MiB
2026/09/22 05:05:38.890, 137983, GPU-ae2bc357-9c9d-ff3d-c235-bf7e8de8e94c, 938 MiB
2026/09/22 05:05:38.890, 138213, GPU-ae2bc357-9c9d-ff3d-c235-bf7e8de8e94c, 938 MiB
2026/09/22 05:05:38.890, 138331, GPU-ae2bc357-9c9d-ff3d-c235-bf7e8de8e94c, 938 MiB
2026/09/22 05:05:38.890, 138526, GPU-ae2bc357-9c9d-ff3d-c235-bf7e8de8e94c, 938 MiB
2026/09/22 05:05:38.890, 138832, GPU-ae2bc357-9c9d-ff3d-c235-bf7e8de8e94c, 1306 MiB
2026/09/22 05:05:38.890, 1827563, GPU-ae2bc357-9c9d-ff3d-c235-bf7e8de8e94c, 1306 MiB
2026/09/22 05:05:38.890, 1827662, GPU-ae2bc357-9c9d-ff3d-c235-bf7e8de8e94c, 1306 MiB
2026/09/22 05:05:38.891, 907585, GPU-eeb7d960-135d-5f5e-859f-f7f5efb7136d, 774 MiB
2026/09/22 05:05:38.891, 987850, GPU-eeb7d960-135d-5f5e-859f-f7f5efb7136d, 73700 MiB
2026/09/22 05:05:38.892, 1209359, GPU-d6d9222c-9b57-3843-4d93-d2a40b30ad2b, 49386 MiB
2026/09/22 05:05:38.892, 1981187, GPU-c19b526a-dfb9-68a7-ae04-b68c870482af, 1306 MiB
2026/09/22 05:05:38.892, 1981575, GPU-c19b526a-dfb9-68a7-ae04-b68c870482af, 1278 MiB
2026/09/22 05:05:38.892, 1985001, GPU-c19b526a-dfb9-68a7-ae04-b68c870482af, 1278 MiB
2026/09/22 05:05:38.892, 1985175, GPU-c19b526a-dfb9-68a7-ae04-b68c870482af, 1278 MiB
2026/09/22 05:05:38.892, 1985388, GPU-c19b526a-dfb9-68a7-ae04-b68c870482af, 1278 MiB
2026/09/22 05:05:39.894, 1844380, GPU-833bd1d4-962a-a2a9-e8ee-3f18887d8a40, 69848 MiB
2026/09/22 05:05:39.894, 1852943, GPU-833bd1d4-962a-a2a9-e8ee-3f18887d8a40, 4728 MiB
2026/09/22 05:05:39.896, 902823, GPU-5014660a-ded1-5f90-339b-0e5f9738f416, 774 MiB
2026/09/22 05:05:39.896, 917655, GPU-5014660a-ded1-5f90-339b-0e5f9738f416, 75012 MiB
2026/09/22 05:05:39.897, 1844382, GPU-d70c11ba-69d2-8984-e060-d1284dbbf2e3, 69848 MiB
2026/09/22 05:05:39.897, 1852943, GPU-d70c11ba-69d2-8984-e060-d1284dbbf2e3, 4728 MiB
2026/09/22 05:05:39.898, 137936, GPU-ae2bc357-9c9d-ff3d-c235-bf7e8de8e94c, 1278 MiB
2026/09/22 05:05:39.898, 137983, GPU-ae2bc357-9c9d-ff3d-c235-bf7e8de8e94c, 938 MiB
2026/09/22 05:05:39.898, 138213, GPU-ae2bc357-9c9d-ff3d-c235-bf7e8de8e94c, 938 MiB
2026/09/22 05:05:39.898, 138331, GPU-ae2bc357-9c9d-ff3d-c235-bf7e8de8e94c, 938 MiB
2026/09/22 05:05:39.898, 138526, GPU-ae2bc357-9c9d-ff3d-c235-bf7e8de8e94c, 938 MiB
2026/09/22 05:05:39.898, 138832, GPU-ae2bc357-9c9d-ff3d-c235-bf7e8de8e94c, 1306 MiB
2026/09/22 05:05:39.898, 1827563, GPU-ae2bc357-9c9d-ff3d-c235-bf7e8de8e94c, 1306 MiB
2026/09/22 05:05:39.898, 1827662, GPU-ae2bc357-9c9d-ff3d-c235-bf7e8de8e94c, 1306 MiB
2026/09/22 05:05:39.899, 907585, GPU-eeb7d960-135d-5f5e-859f-f7f5efb7136d, 774 MiB
2026/09/22 05:05:39.899, 987850, GPU-eeb7d960-135d-5f5e-859f-f7f5efb7136d, 73700 MiB
2026/09/22 05:05:39.900, 1209359, GPU-d6d9222c-9b57-3843-4d93-d2a40b30ad2b, 49386 MiB
2026/09/22 05:05:39.900, 1981187, GPU-c19b526a-dfb9-68a7-ae04-b68c870482af, 1306 MiB
2026/09/22 05:05:39.900, 1981575, GPU-c19b526a-dfb9-68a7-ae04-b68c870482af, 1278 MiB
2026/09/22 05:05:39.900, 1985001, GPU-c19b526a-dfb9-68a7-ae04-b68c870482af, 1278 MiB
2026/09/22 05:05:39.900, 1985175, GPU-c19b526a-dfb9-68a7-ae04-b68c870482af, 1278 MiB
2026/09/22 05:05:39.900, 1985388, GPU-c19b526a-dfb9-68a7-ae04-b68c870482af, 1278 MiB
2026/09/22 05:05:40.901, 1844380, GPU-833bd1d4-962a-a2a9-e8ee-3f18887d8a40, 69848 MiB
2026/09/22 05:05:40.901, 1852943, GPU-833bd1d4-962a-a2a9-e8ee-3f18887d8a40, 4728 MiB
2026/09/22 05:05:40.903, 902823, GPU-5014660a-ded1-5f90-339b-0e5f9738f416, 774 MiB
2026/09/22 05:05:40.903, 917655, GPU-5014660a-ded1-5f90-339b-0e5f9738f416, 75012 MiB
2026/09/22 05:05:40.904, 1844382, GPU-d70c11ba-69d2-8984-e060-d1284dbbf2e3, 69848 MiB
2026/09/22 05:05:40.904, 1852943, GPU-d70c11ba-69d2-8984-e060-d1284dbbf2e3, 4728 MiB
2026/09/22 05:05:40.905, 137936, GPU-ae2bc357-9c9d-ff3d-c235-bf7e8de8e94c, 1278 MiB
2026/09/22 05:05:40.905, 137983, GPU-ae2bc357-9c9d-ff3d-c235-bf7e8de8e94c, 938 MiB
2026/09/22 05:05:40.905, 138213, GPU-ae2bc357-9c9d-ff3d-c235-bf7e8de8e94c, 938 MiB
2026/09/22 05:05:40.905, 138331, GPU-ae2bc357-9c9d-ff3d-c235-bf7e8de8e94c, 938 MiB
2026/09/22 05:05:40.905, 138526, GPU-ae2bc357-9c9d-ff3d-c235-bf7e8de8e94c, 938 MiB
2026/09/22 05:05:40.905, 138832, GPU-ae2bc357-9c9d-ff3d-c235-bf7e8de8e94c, 1306 MiB
2026/09/22 05:05:40.905, 1827563, GPU-ae2bc357-9c9d-ff3d-c235-bf7e8de8e94c, 1306 MiB
2026/09/22 05:05:40.905, 1827662, GPU-ae2bc357-9c9d-ff3d-c235-bf7e8de8e94c, 1306 MiB
2026/09/22 05:05:40.906, 907585, GPU-eeb7d960-135d-5f5e-859f-f7f5efb7136d, 774 MiB
2026/09/22 05:05:40.906, 987850, GPU-eeb7d960-135d-5f5e-859f-f7f5efb7136d, 73700 MiB
2026/09/22 05:05:40.907, 1209359, GPU-d6d9222c-9b57-3843-4d93-d2a40b30ad2b, 49386 MiB
2026/09/22 05:05:40.907, 1981187, GPU-c19b526a-dfb9-68a7-ae04-b68c870482af, 1306 MiB
2026/09/22 05:05:40.907, 1981575, GPU-c19b526a-dfb9-68a7-ae04-b68c870482af, 1278 MiB
2026/09/22 05:05:40.907, 1985001, GPU-c19b526a-dfb9-68a7-ae04-b68c870482af, 1278 MiB
2026/09/22 05:05:40.907, 1985175, GPU-c19b526a-dfb9-68a7-ae04-b68c870482af, 1278 MiB
2026/09/22 05:05:40.907, 1985388, GPU-c19b526a-dfb9-68a7-ae04-b68c870482af, 1278 MiB
2026/09/22 05:05:41.908, 1844380, GPU-833bd1d4-962a-a2a9-e8ee-3f18887d8a40, 69848 MiB
2026/09/22 05:05:41.908, 1852943, GPU-833bd1d4-962a-a2a9-e8ee-3f18887d8a40, 4728 MiB
2026/09/22 05:05:41.910, 902823, GPU-5014660a-ded1-5f90-339b-0e5f9738f416, 774 MiB
2026/09/22 05:05:41.910, 917655, GPU-5014660a-ded1-5f90-339b-0e5f9738f416, 75012 MiB
2026/09/22 05:05:41.911, 1844382, GPU-d70c11ba-69d2-8984-e060-d1284dbbf2e3, 69848 MiB
2026/09/22 05:05:41.911, 1852943, GPU-d70c11ba-69d2-8984-e060-d1284dbbf2e3, 4728 MiB
2026/09/22 05:05:41.912, 137936, GPU-ae2bc357-9c9d-ff3d-c235-bf7e8de8e94c, 1278 MiB
2026/09/22 05:05:41.912, 137983, GPU-ae2bc357-9c9d-ff3d-c235-bf7e8de8e94c, 938 MiB
2026/09/22 05:05:41.912, 138213, GPU-ae2bc357-9c9d-ff3d-c235-bf7e8de8e94c, 938 MiB
2026/09/22 05:05:41.912, 138331, GPU-ae2bc357-9c9d-ff3d-c235-bf7e8de8e94c, 938 MiB
2026/09/22 05:05:41.912, 138526, GPU-ae2bc357-9c9d-ff3d-c235-bf7e8de8e94c, 938 MiB
2026/09/22 05:05:41.912, 138832, GPU-ae2bc357-9c9d-ff3d-c235-bf7e8de8e94c, 1306 MiB
2026/09/22 05:05:41.912, 1827563, GPU-ae2bc357-9c9d-ff3d-c235-bf7e8de8e94c, 1306 MiB
2026/09/22 05:05:41.912, 1827662, GPU-ae2bc357-9c9d-ff3d-c235-bf7e8de8e94c, 1306 MiB
2026/09/22 05:05:41.913, 907585, GPU-eeb7d960-135d-5f5e-859f-f7f5efb7136d, 774 MiB
2026/09/22 05:05:41.913, 987850, GPU-eeb7d960-135d-5f5e-859f-f7f5efb7136d, 73700 MiB
2026/09/22 05:05:41.914, 1209359, GPU-d6d9222c-9b57-3843-4d93-d2a40b30ad2b, 49386 MiB
2026/09/22 05:05:41.914, 1981187, GPU-c19b526a-dfb9-68a7-ae04-b68c870482af, 1306 MiB
2026/09/22 05:05:41.914, 1981575, GPU-c19b526a-dfb9-68a7-ae04-b68c870482af, 1278 MiB
2026/09/22 05:05:41.914, 1985001, GPU-c19b526a-dfb9-68a7-ae04-b68c870482af, 1278 MiB
2026/09/22 05:05:41.914, 1985175, GPU-c19b526a-dfb9-68a7-ae04-b68c870482af, 1278 MiB
2026/09/22 05:05:41.914, 1985388, GPU-c19b526a-dfb9-68a7-ae04-b68c870482af, 1278 MiB
2026/09/22 05:05:42.915, 1844380, GPU-833bd1d4-962a-a2a9-e8ee-3f18887d8a40, 69848 MiB
2026/09/22 05:05:42.915, 1852943, GPU-833bd1d4-962a-a2a9-e8ee-3f18887d8a40, 4728 MiB
2026/09/22 05:05:42.917, 902823, GPU-5014660a-ded1-5f90-339b-0e5f9738f416, 774 MiB
2026/09/22 05:05:42.917, 917655, GPU-5014660a-ded1-5f90-339b-0e5f9738f416, 75012 MiB
2026/09/22 05:05:42.918, 1844382, GPU-d70c11ba-69d2-8984-e060-d1284dbbf2e3, 69848 MiB
2026/09/22 05:05:42.918, 1852943, GPU-d70c11ba-69d2-8984-e060-d1284dbbf2e3, 4728 MiB
2026/09/22 05:05:42.919, 137936, GPU-ae2bc357-9c9d-ff3d-c235-bf7e8de8e94c, 1278 MiB
2026/09/22 05:05:42.919, 137983, GPU-ae2bc357-9c9d-ff3d-c235-bf7e8de8e94c, 938 MiB
2026/09/22 05:05:42.919, 138213, GPU-ae2bc357-9c9d-ff3d-c235-bf7e8de8e94c, 938 MiB
2026/09/22 05:05:42.919, 138331, GPU-ae2bc357-9c9d-ff3d-c235-bf7e8de8e94c, 938 MiB
2026/09/22 05:05:42.919, 138526, GPU-ae2bc357-9c9d-ff3d-c235-bf7e8de8e94c, 938 MiB
2026/09/22 05:05:42.919, 138832, GPU-ae2bc357-9c9d-ff3d-c235-bf7e8de8e94c, 1306 MiB
2026/09/22 05:05:42.919, 1827563, GPU-ae2bc357-9c9d-ff3d-c235-bf7e8de8e94c, 1306 MiB
2026/09/22 05:05:42.919, 1827662, GPU-ae2bc357-9c9d-ff3d-c235-bf7e8de8e94c, 1306 MiB
2026/09/22 05:05:42.920, 907585, GPU-eeb7d960-135d-5f5e-859f-f7f5efb7136d, 774 MiB
2026/09/22 05:05:42.920, 987850, GPU-eeb7d960-135d-5f5e-859f-f7f5efb7136d, 73700 MiB
2026/09/22 05:05:42.921, 1209359, GPU-d6d9222c-9b57-3843-4d93-d2a40b30ad2b, 49386 MiB
2026/09/22 05:05:42.921, 1981187, GPU-c19b526a-dfb9-68a7-ae04-b68c870482af, 1306 MiB
2026/09/22 05:05:42.921, 1981575, GPU-c19b526a-dfb9-68a7-ae04-b68c870482af, 1278 MiB
2026/09/22 05:05:42.921, 1985001, GPU-c19b526a-dfb9-68a7-ae04-b68c870482af, 1278 MiB
2026/09/22 05:05:42.921, 1985175, GPU-c19b526a-dfb9-68a7-ae04-b68c870482af, 1278 MiB
2026/09/22 05:05:42.921, 1985388, GPU-c19b526a-dfb9-68a7-ae04-b68c870482af, 1278 MiB
2026/09/22 05:05:43.922, 1844380, GPU-833bd1d4-962a-a2a9-e8ee-3f18887d8a40, 69848 MiB
2026/09/22 05:05:43.922, 1852943, GPU-833bd1d4-962a-a2a9-e8ee-3f18887d8a40, 4728 MiB
2026/09/22 05:05:43.924, 902823, GPU-5014660a-ded1-5f90-339b-0e5f9738f416, 774 MiB
2026/09/22 05:05:43.924, 917655, GPU-5014660a-ded1-5f90-339b-0e5f9738f416, 75012 MiB
2026/09/22 05:05:43.925, 1844382, GPU-d70c11ba-69d2-8984-e060-d1284dbbf2e3, 69848 MiB
2026/09/22 05:05:43.925, 1852943, GPU-d70c11ba-69d2-8984-e060-d1284dbbf2e3, 4728 MiB
2026/09/22 05:05:43.927, 137936, GPU-ae2bc357-9c9d-ff3d-c235-bf7e8de8e94c, 1278 MiB
2026/09/22 05:05:43.927, 137983, GPU-ae2bc357-9c9d-ff3d-c235-bf7e8de8e94c, 938 MiB
2026/09/22 05:05:43.927, 138213, GPU-ae2bc357-9c9d-ff3d-c235-bf7e8de8e94c, 938 MiB
2026/09/22 05:05:43.927, 138331, GPU-ae2bc357-9c9d-ff3d-c235-bf7e8de8e94c, 938 MiB
2026/09/22 05:05:43.927, 138526, GPU-ae2bc357-9c9d-ff3d-c235-bf7e8de8e94c, 938 MiB
2026/09/22 05:05:43.927, 138832, GPU-ae2bc357-9c9d-ff3d-c235-bf7e8de8e94c, 1306 MiB
2026/09/22 05:05:43.927, 1827563, GPU-ae2bc357-9c9d-ff3d-c235-bf7e8de8e94c, 1306 MiB
2026/09/22 05:05:43.927, 1827662, GPU-ae2bc357-9c9d-ff3d-c235-bf7e8de8e94c, 1306 MiB
2026/09/22 05:05:43.928, 907585, GPU-eeb7d960-135d-5f5e-859f-f7f5efb7136d, 774 MiB
2026/09/22 05:05:43.928, 987850, GPU-eeb7d960-135d-5f5e-859f-f7f5efb7136d, 73700 MiB
2026/09/22 05:05:43.928, 1209359, GPU-d6d9222c-9b57-3843-4d93-d2a40b30ad2b, 49386 MiB
2026/09/22 05:05:43.929, 1981187, GPU-c19b526a-dfb9-68a7-ae04-b68c870482af, 1306 MiB
2026/09/22 05:05:43.929, 1981575, GPU-c19b526a-dfb9-68a7-ae04-b68c870482af, 1278 MiB
2026/09/22 05:05:43.929, 1985001, GPU-c19b526a-dfb9-68a7-ae04-b68c870482af, 1278 MiB
2026/09/22 05:05:43.929, 1985175, GPU-c19b526a-dfb9-68a7-ae04-b68c870482af, 1278 MiB
2026/09/22 05:05:43.929, 1985388, GPU-c19b526a-dfb9-68a7-ae04-b68c870482af, 1278 MiB
2026/09/22 05:05:44.930, 1844380, GPU-833bd1d4-962a-a2a9-e8ee-3f18887d8a40, 69848 MiB
2026/09/22 05:05:44.930, 1852943, GPU-833bd1d4-962a-a2a9-e8ee-3f18887d8a40, 4728 MiB
2026/09/22 05:05:44.931, 902823, GPU-5014660a-ded1-5f90-339b-0e5f9738f416, 774 MiB
2026/09/22 05:05:44.931, 917655, GPU-5014660a-ded1-5f90-339b-0e5f9738f416, 75012 MiB
2026/09/22 05:05:44.932, 1844382, GPU-d70c11ba-69d2-8984-e060-d1284dbbf2e3, 69848 MiB
2026/09/22 05:05:44.932, 1852943, GPU-d70c11ba-69d2-8984-e060-d1284dbbf2e3, 4728 MiB
2026/09/22 05:05:44.933, 137936, GPU-ae2bc357-9c9d-ff3d-c235-bf7e8de8e94c, 1278 MiB
2026/09/22 05:05:44.933, 137983, GPU-ae2bc357-9c9d-ff3d-c235-bf7e8de8e94c, 938 MiB
2026/09/22 05:05:44.933, 138213, GPU-ae2bc357-9c9d-ff3d-c235-bf7e8de8e94c, 938 MiB
2026/09/22 05:05:44.933, 138331, GPU-ae2bc357-9c9d-ff3d-c235-bf7e8de8e94c, 938 MiB
2026/09/22 05:05:44.933, 138526, GPU-ae2bc357-9c9d-ff3d-c235-bf7e8de8e94c, 938 MiB
2026/09/22 05:05:44.933, 138832, GPU-ae2bc357-9c9d-ff3d-c235-bf7e8de8e94c, 1306 MiB
2026/09/22 05:05:44.933, 1827563, GPU-ae2bc357-9c9d-ff3d-c235-bf7e8de8e94c, 1306 MiB
2026/09/22 05:05:44.933, 1827662, GPU-ae2bc357-9c9d-ff3d-c235-bf7e8de8e94c, 1306 MiB
2026/09/22 05:05:44.934, 907585, GPU-eeb7d960-135d-5f5e-859f-f7f5efb7136d, 774 MiB
2026/09/22 05:05:44.934, 987850, GPU-eeb7d960-135d-5f5e-859f-f7f5efb7136d, 73700 MiB
2026/09/22 05:05:44.938, 1209359, GPU-d6d9222c-9b57-3843-4d93-d2a40b30ad2b, 49386 MiB
2026/09/22 05:05:44.942, 1981187, GPU-c19b526a-dfb9-68a7-ae04-b68c870482af, 1306 MiB
2026/09/22 05:05:44.942, 1981575, GPU-c19b526a-dfb9-68a7-ae04-b68c870482af, 1278 MiB
2026/09/22 05:05:44.942, 1985001, GPU-c19b526a-dfb9-68a7-ae04-b68c870482af, 1278 MiB
2026/09/22 05:05:44.942, 1985175, GPU-c19b526a-dfb9-68a7-ae04-b68c870482af, 1278 MiB
2026/09/22 05:05:44.942, 1985388, GPU-c19b526a-dfb9-68a7-ae04-b68c870482af, 1278 MiB
2026/09/22 05:05:45.960, 1844380, GPU-833bd1d4-962a-a2a9-e8ee-3f18887d8a40, 69848 MiB
2026/09/22 05:05:45.960, 1852943, GPU-833bd1d4-962a-a2a9-e8ee-3f18887d8a40, 4728 MiB
2026/09/22 05:05:45.961, 902823, GPU-5014660a-ded1-5f90-339b-0e5f9738f416, 774 MiB
2026/09/22 05:05:45.961, 917655, GPU-5014660a-ded1-5f90-339b-0e5f9738f416, 75012 MiB
2026/09/22 05:05:45.962, 1844382, GPU-d70c11ba-69d2-8984-e060-d1284dbbf2e3, 69848 MiB
2026/09/22 05:05:45.962, 1852943, GPU-d70c11ba-69d2-8984-e060-d1284dbbf2e3, 4728 MiB
2026/09/22 05:05:45.963, 137936, GPU-ae2bc357-9c9d-ff3d-c235-bf7e8de8e94c, 1278 MiB
2026/09/22 05:05:45.963, 137983, GPU-ae2bc357-9c9d-ff3d-c235-bf7e8de8e94c, 938 MiB
2026/09/22 05:05:45.963, 138213, GPU-ae2bc357-9c9d-ff3d-c235-bf7e8de8e94c, 938 MiB
2026/09/22 05:05:45.963, 138331, GPU-ae2bc357-9c9d-ff3d-c235-bf7e8de8e94c, 938 MiB
2026/09/22 05:05:45.963, 138526, GPU-ae2bc357-9c9d-ff3d-c235-bf7e8de8e94c, 938 MiB
2026/09/22 05:05:45.963, 138832, GPU-ae2bc357-9c9d-ff3d-c235-bf7e8de8e94c, 1306 MiB
2026/09/22 05:05:45.963, 1827563, GPU-ae2bc357-9c9d-ff3d-c235-bf7e8de8e94c, 1306 MiB
2026/09/22 05:05:45.963, 1827662, GPU-ae2bc357-9c9d-ff3d-c235-bf7e8de8e94c, 1306 MiB
2026/09/22 05:05:45.964, 907585, GPU-eeb7d960-135d-5f5e-859f-f7f5efb7136d, 774 MiB
2026/09/22 05:05:45.964, 987850, GPU-eeb7d960-135d-5f5e-859f-f7f5efb7136d, 73700 MiB
2026/09/22 05:05:45.965, 1209359, GPU-d6d9222c-9b57-3843-4d93-d2a40b30ad2b, 49386 MiB
2026/09/22 05:05:45.965, 1981187, GPU-c19b526a-dfb9-68a7-ae04-b68c870482af, 1306 MiB
2026/09/22 05:05:45.965, 1981575, GPU-c19b526a-dfb9-68a7-ae04-b68c870482af, 1278 MiB
2026/09/22 05:05:45.965, 1985001, GPU-c19b526a-dfb9-68a7-ae04-b68c870482af, 1278 MiB
2026/09/22 05:05:45.965, 1985175, GPU-c19b526a-dfb9-68a7-ae04-b68c870482af, 1278 MiB
2026/09/22 05:05:45.965, 1985388, GPU-c19b526a-dfb9-68a7-ae04-b68c870482af, 1278 MiB
2026/09/22 05:05:46.966, 1844380, GPU-833bd1d4-962a-a2a9-e8ee-3f18887d8a40, 69848 MiB
2026/09/22 05:05:46.966, 1852943, GPU-833bd1d4-962a-a2a9-e8ee-3f18887d8a40, 4728 MiB
2026/09/22 05:05:46.972, 902823, GPU-5014660a-ded1-5f90-339b-0e5f9738f416, 774 MiB
2026/09/22 05:05:46.972, 917655, GPU-5014660a-ded1-5f90-339b-0e5f9738f416, 75012 MiB
2026/09/22 05:05:46.979, 1844382, GPU-d70c11ba-69d2-8984-e060-d1284dbbf2e3, 69848 MiB
2026/09/22 05:05:46.979, 1852943, GPU-d70c11ba-69d2-8984-e060-d1284dbbf2e3, 4728 MiB
2026/09/22 05:05:46.992, 137936, GPU-ae2bc357-9c9d-ff3d-c235-bf7e8de8e94c, 1278 MiB
2026/09/22 05:05:46.992, 137983, GPU-ae2bc357-9c9d-ff3d-c235-bf7e8de8e94c, 938 MiB
2026/09/22 05:05:46.992, 138213, GPU-ae2bc357-9c9d-ff3d-c235-bf7e8de8e94c, 938 MiB
2026/09/22 05:05:46.992, 138331, GPU-ae2bc357-9c9d-ff3d-c235-bf7e8de8e94c, 938 MiB
2026/09/22 05:05:46.992, 138526, GPU-ae2bc357-9c9d-ff3d-c235-bf7e8de8e94c, 938 MiB
2026/09/22 05:05:46.992, 138832, GPU-ae2bc357-9c9d-ff3d-c235-bf7e8de8e94c, 1306 MiB
2026/09/22 05:05:46.992, 1827563, GPU-ae2bc357-9c9d-ff3d-c235-bf7e8de8e94c, 1306 MiB
2026/09/22 05:05:46.992, 1827662, GPU-ae2bc357-9c9d-ff3d-c235-bf7e8de8e94c, 1306 MiB
2026/09/22 05:05:46.998, 907585, GPU-eeb7d960-135d-5f5e-859f-f7f5efb7136d, 774 MiB
2026/09/22 05:05:46.998, 987850, GPU-eeb7d960-135d-5f5e-859f-f7f5efb7136d, 73700 MiB
2026/09/22 05:05:47.003, 1209359, GPU-d6d9222c-9b57-3843-4d93-d2a40b30ad2b, 49386 MiB
2026/09/22 05:05:47.009, 1981187, GPU-c19b526a-dfb9-68a7-ae04-b68c870482af, 1306 MiB
2026/09/22 05:05:47.009, 1981575, GPU-c19b526a-dfb9-68a7-ae04-b68c870482af, 1278 MiB
2026/09/22 05:05:47.009, 1985001, GPU-c19b526a-dfb9-68a7-ae04-b68c870482af, 1278 MiB
2026/09/22 05:05:47.009, 1985175, GPU-c19b526a-dfb9-68a7-ae04-b68c870482af, 1278 MiB
2026/09/22 05:05:47.009, 1985388, GPU-c19b526a-dfb9-68a7-ae04-b68c870482af, 1278 MiB
2026/09/22 05:05:48.023, 1844380, GPU-833bd1d4-962a-a2a9-e8ee-3f18887d8a40, 69848 MiB
2026/09/22 05:05:48.023, 1852943, GPU-833bd1d4-962a-a2a9-e8ee-3f18887d8a40, 4728 MiB
2026/09/22 05:05:48.027, 902823, GPU-5014660a-ded1-5f90-339b-0e5f9738f416, 774 MiB
2026/09/22 05:05:48.027, 917655, GPU-5014660a-ded1-5f90-339b-0e5f9738f416, 75012 MiB
2026/09/22 05:05:48.028, 1844382, GPU-d70c11ba-69d2-8984-e060-d1284dbbf2e3, 69848 MiB
2026/09/22 05:05:48.028, 1852943, GPU-d70c11ba-69d2-8984-e060-d1284dbbf2e3, 4728 MiB
2026/09/22 05:05:48.029, 137936, GPU-ae2bc357-9c9d-ff3d-c235-bf7e8de8e94c, 1278 MiB
2026/09/22 05:05:48.029, 137983, GPU-ae2bc357-9c9d-ff3d-c235-bf7e8de8e94c, 938 MiB
2026/09/22 05:05:48.029, 138213, GPU-ae2bc357-9c9d-ff3d-c235-bf7e8de8e94c, 938 MiB
2026/09/22 05:05:48.029, 138331, GPU-ae2bc357-9c9d-ff3d-c235-bf7e8de8e94c, 938 MiB
2026/09/22 05:05:48.029, 138526, GPU-ae2bc357-9c9d-ff3d-c235-bf7e8de8e94c, 938 MiB
2026/09/22 05:05:48.029, 138832, GPU-ae2bc357-9c9d-ff3d-c235-bf7e8de8e94c, 1306 MiB
2026/09/22 05:05:48.029, 1827563, GPU-ae2bc357-9c9d-ff3d-c235-bf7e8de8e94c, 1306 MiB
2026/09/22 05:05:48.029, 1827662, GPU-ae2bc357-9c9d-ff3d-c235-bf7e8de8e94c, 1306 MiB
2026/09/22 05:05:48.030, 907585, GPU-eeb7d960-135d-5f5e-859f-f7f5efb7136d, 774 MiB
2026/09/22 05:05:48.030, 987850, GPU-eeb7d960-135d-5f5e-859f-f7f5efb7136d, 73700 MiB
2026/09/22 05:05:48.031, 1209359, GPU-d6d9222c-9b57-3843-4d93-d2a40b30ad2b, 49386 MiB
2026/09/22 05:05:48.031, 1981187, GPU-c19b526a-dfb9-68a7-ae04-b68c870482af, 1306 MiB
2026/09/22 05:05:48.031, 1981575, GPU-c19b526a-dfb9-68a7-ae04-b68c870482af, 1278 MiB
2026/09/22 05:05:48.031, 1985001, GPU-c19b526a-dfb9-68a7-ae04-b68c870482af, 1278 MiB
2026/09/22 05:05:48.031, 1985175, GPU-c19b526a-dfb9-68a7-ae04-b68c870482af, 1278 MiB
2026/09/22 05:05:48.031, 1985388, GPU-c19b526a-dfb9-68a7-ae04-b68c870482af, 1278 MiB
2026/09/22 05:05:49.032, 1844380, GPU-833bd1d4-962a-a2a9-e8ee-3f18887d8a40, 69848 MiB
2026/09/22 05:05:49.032, 1852943, GPU-833bd1d4-962a-a2a9-e8ee-3f18887d8a40, 4728 MiB
2026/09/22 05:05:49.035, 902823, GPU-5014660a-ded1-5f90-339b-0e5f9738f416, 774 MiB
2026/09/22 05:05:49.035, 917655, GPU-5014660a-ded1-5f90-339b-0e5f9738f416, 75012 MiB
2026/09/22 05:05:49.036, 1844382, GPU-d70c11ba-69d2-8984-e060-d1284dbbf2e3, 69848 MiB
2026/09/22 05:05:49.036, 1852943, GPU-d70c11ba-69d2-8984-e060-d1284dbbf2e3, 4728 MiB
2026/09/22 05:05:49.039, 137936, GPU-ae2bc357-9c9d-ff3d-c235-bf7e8de8e94c, 1278 MiB
2026/09/22 05:05:49.039, 137983, GPU-ae2bc357-9c9d-ff3d-c235-bf7e8de8e94c, 938 MiB
2026/09/22 05:05:49.039, 138213, GPU-ae2bc357-9c9d-ff3d-c235-bf7e8de8e94c, 938 MiB
2026/09/22 05:05:49.039, 138331, GPU-ae2bc357-9c9d-ff3d-c235-bf7e8de8e94c, 938 MiB
2026/09/22 05:05:49.039, 138526, GPU-ae2bc357-9c9d-ff3d-c235-bf7e8de8e94c, 938 MiB
2026/09/22 05:05:49.039, 138832, GPU-ae2bc357-9c9d-ff3d-c235-bf7e8de8e94c, 1306 MiB
2026/09/22 05:05:49.039, 1827563, GPU-ae2bc357-9c9d-ff3d-c235-bf7e8de8e94c, 1306 MiB
2026/09/22 05:05:49.039, 1827662, GPU-ae2bc357-9c9d-ff3d-c235-bf7e8de8e94c, 1306 MiB
2026/09/22 05:05:49.042, 907585, GPU-eeb7d960-135d-5f5e-859f-f7f5efb7136d, 774 MiB
2026/09/22 05:05:49.042, 987850, GPU-eeb7d960-135d-5f5e-859f-f7f5efb7136d, 73700 MiB
2026/09/22 05:05:49.043, 1209359, GPU-d6d9222c-9b57-3843-4d93-d2a40b30ad2b, 49386 MiB
2026/09/22 05:05:49.044, 1981187, GPU-c19b526a-dfb9-68a7-ae04-b68c870482af, 1306 MiB
2026/09/22 05:05:49.044, 1981575, GPU-c19b526a-dfb9-68a7-ae04-b68c870482af, 1278 MiB
2026/09/22 05:05:49.044, 1985001, GPU-c19b526a-dfb9-68a7-ae04-b68c870482af, 1278 MiB
2026/09/22 05:05:49.044, 1985175, GPU-c19b526a-dfb9-68a7-ae04-b68c870482af, 1278 MiB
2026/09/22 05:05:49.044, 1985388, GPU-c19b526a-dfb9-68a7-ae04-b68c870482af, 1278 MiB
2026/09/22 05:05:50.045, 1844380, GPU-833bd1d4-962a-a2a9-e8ee-3f18887d8a40, 69848 MiB
2026/09/22 05:05:50.045, 1852943, GPU-833bd1d4-962a-a2a9-e8ee-3f18887d8a40, 4728 MiB
2026/09/22 05:05:50.047, 902823, GPU-5014660a-ded1-5f90-339b-0e5f9738f416, 774 MiB
2026/09/22 05:05:50.047, 917655, GPU-5014660a-ded1-5f90-339b-0e5f9738f416, 75012 MiB
2026/09/22 05:05:50.048, 1844382, GPU-d70c11ba-69d2-8984-e060-d1284dbbf2e3, 69848 MiB
2026/09/22 05:05:50.048, 1852943, GPU-d70c11ba-69d2-8984-e060-d1284dbbf2e3, 4728 MiB
2026/09/22 05:05:50.051, 137936, GPU-ae2bc357-9c9d-ff3d-c235-bf7e8de8e94c, 1278 MiB
2026/09/22 05:05:50.051, 137983, GPU-ae2bc357-9c9d-ff3d-c235-bf7e8de8e94c, 938 MiB
2026/09/22 05:05:50.051, 138213, GPU-ae2bc357-9c9d-ff3d-c235-bf7e8de8e94c, 938 MiB
2026/09/22 05:05:50.051, 138331, GPU-ae2bc357-9c9d-ff3d-c235-bf7e8de8e94c, 938 MiB
2026/09/22 05:05:50.051, 138526, GPU-ae2bc357-9c9d-ff3d-c235-bf7e8de8e94c, 938 MiB
2026/09/22 05:05:50.051, 138832, GPU-ae2bc357-9c9d-ff3d-c235-bf7e8de8e94c, 1306 MiB
2026/09/22 05:05:50.051, 1827563, GPU-ae2bc357-9c9d-ff3d-c235-bf7e8de8e94c, 1306 MiB
2026/09/22 05:05:50.051, 1827662, GPU-ae2bc357-9c9d-ff3d-c235-bf7e8de8e94c, 1306 MiB
2026/09/22 05:05:50.052, 907585, GPU-eeb7d960-135d-5f5e-859f-f7f5efb7136d, 774 MiB
2026/09/22 05:05:50.052, 987850, GPU-eeb7d960-135d-5f5e-859f-f7f5efb7136d, 73700 MiB
2026/09/22 05:05:50.053, 1209359, GPU-d6d9222c-9b57-3843-4d93-d2a40b30ad2b, 49386 MiB
2026/09/22 05:05:50.054, 1981187, GPU-c19b526a-dfb9-68a7-ae04-b68c870482af, 1306 MiB
2026/09/22 05:05:50.054, 1981575, GPU-c19b526a-dfb9-68a7-ae04-b68c870482af, 1278 MiB
2026/09/22 05:05:50.054, 1985001, GPU-c19b526a-dfb9-68a7-ae04-b68c870482af, 1278 MiB
2026/09/22 05:05:50.054, 1985175, GPU-c19b526a-dfb9-68a7-ae04-b68c870482af, 1278 MiB
2026/09/22 05:05:50.054, 1985388, GPU-c19b526a-dfb9-68a7-ae04-b68c870482af, 1278 MiB
2026/09/22 05:05:51.054, 1844380, GPU-833bd1d4-962a-a2a9-e8ee-3f18887d8a40, 69848 MiB
2026/09/22 05:05:51.054, 1852943, GPU-833bd1d4-962a-a2a9-e8ee-3f18887d8a40, 4728 MiB
2026/09/22 05:05:51.057, 902823, GPU-5014660a-ded1-5f90-339b-0e5f9738f416, 774 MiB
2026/09/22 05:05:51.057, 917655, GPU-5014660a-ded1-5f90-339b-0e5f9738f416, 75012 MiB
2026/09/22 05:05:51.058, 1844382, GPU-d70c11ba-69d2-8984-e060-d1284dbbf2e3, 69848 MiB
2026/09/22 05:05:51.058, 1852943, GPU-d70c11ba-69d2-8984-e060-d1284dbbf2e3, 4728 MiB
2026/09/22 05:05:51.059, 137936, GPU-ae2bc357-9c9d-ff3d-c235-bf7e8de8e94c, 1278 MiB
2026/09/22 05:05:51.059, 137983, GPU-ae2bc357-9c9d-ff3d-c235-bf7e8de8e94c, 938 MiB
2026/09/22 05:05:51.059, 138213, GPU-ae2bc357-9c9d-ff3d-c235-bf7e8de8e94c, 938 MiB
2026/09/22 05:05:51.059, 138331, GPU-ae2bc357-9c9d-ff3d-c235-bf7e8de8e94c, 938 MiB
2026/09/22 05:05:51.059, 138526, GPU-ae2bc357-9c9d-ff3d-c235-bf7e8de8e94c, 938 MiB
2026/09/22 05:05:51.059, 138832, GPU-ae2bc357-9c9d-ff3d-c235-bf7e8de8e94c, 1306 MiB
2026/09/22 05:05:51.059, 1827563, GPU-ae2bc357-9c9d-ff3d-c235-bf7e8de8e94c, 1306 MiB
2026/09/22 05:05:51.059, 1827662, GPU-ae2bc357-9c9d-ff3d-c235-bf7e8de8e94c, 1306 MiB
2026/09/22 05:05:51.061, 907585, GPU-eeb7d960-135d-5f5e-859f-f7f5efb7136d, 774 MiB
2026/09/22 05:05:51.061, 987850, GPU-eeb7d960-135d-5f5e-859f-f7f5efb7136d, 73700 MiB
2026/09/22 05:05:51.061, 1209359, GPU-d6d9222c-9b57-3843-4d93-d2a40b30ad2b, 49386 MiB
2026/09/22 05:05:51.073, 1981187, GPU-c19b526a-dfb9-68a7-ae04-b68c870482af, 1306 MiB
2026/09/22 05:05:51.073, 1981575, GPU-c19b526a-dfb9-68a7-ae04-b68c870482af, 1278 MiB
2026/09/22 05:05:51.073, 1985001, GPU-c19b526a-dfb9-68a7-ae04-b68c870482af, 1278 MiB
2026/09/22 05:05:51.073, 1985175, GPU-c19b526a-dfb9-68a7-ae04-b68c870482af, 1278 MiB
2026/09/22 05:05:51.073, 1985388, GPU-c19b526a-dfb9-68a7-ae04-b68c870482af, 1278 MiB
2026/09/22 05:05:52.083, 1844380, GPU-833bd1d4-962a-a2a9-e8ee-3f18887d8a40, 69848 MiB
2026/09/22 05:05:52.083, 1852943, GPU-833bd1d4-962a-a2a9-e8ee-3f18887d8a40, 4728 MiB
2026/09/22 05:05:52.086, 902823, GPU-5014660a-ded1-5f90-339b-0e5f9738f416, 774 MiB
2026/09/22 05:05:52.086, 917655, GPU-5014660a-ded1-5f90-339b-0e5f9738f416, 75012 MiB
2026/09/22 05:05:52.086, 1844382, GPU-d70c11ba-69d2-8984-e060-d1284dbbf2e3, 69848 MiB
2026/09/22 05:05:52.086, 1852943, GPU-d70c11ba-69d2-8984-e060-d1284dbbf2e3, 4728 MiB
2026/09/22 05:05:52.087, 137936, GPU-ae2bc357-9c9d-ff3d-c235-bf7e8de8e94c, 1278 MiB
2026/09/22 05:05:52.087, 137983, GPU-ae2bc357-9c9d-ff3d-c235-bf7e8de8e94c, 938 MiB
2026/09/22 05:05:52.087, 138213, GPU-ae2bc357-9c9d-ff3d-c235-bf7e8de8e94c, 938 MiB
2026/09/22 05:05:52.087, 138331, GPU-ae2bc357-9c9d-ff3d-c235-bf7e8de8e94c, 938 MiB
2026/09/22 05:05:52.087, 138526, GPU-ae2bc357-9c9d-ff3d-c235-bf7e8de8e94c, 938 MiB
2026/09/22 05:05:52.087, 138832, GPU-ae2bc357-9c9d-ff3d-c235-bf7e8de8e94c, 1306 MiB
2026/09/22 05:05:52.087, 1827563, GPU-ae2bc357-9c9d-ff3d-c235-bf7e8de8e94c, 1306 MiB
2026/09/22 05:05:52.087, 1827662, GPU-ae2bc357-9c9d-ff3d-c235-bf7e8de8e94c, 1306 MiB
2026/09/22 05:05:52.088, 907585, GPU-eeb7d960-135d-5f5e-859f-f7f5efb7136d, 774 MiB
2026/09/22 05:05:52.088, 987850, GPU-eeb7d960-135d-5f5e-859f-f7f5efb7136d, 73700 MiB
2026/09/22 05:05:52.089, 1209359, GPU-d6d9222c-9b57-3843-4d93-d2a40b30ad2b, 49386 MiB
2026/09/22 05:05:52.089, 1981187, GPU-c19b526a-dfb9-68a7-ae04-b68c870482af, 1306 MiB
2026/09/22 05:05:52.089, 1981575, GPU-c19b526a-dfb9-68a7-ae04-b68c870482af, 1278 MiB
2026/09/22 05:05:52.089, 1985001, GPU-c19b526a-dfb9-68a7-ae04-b68c870482af, 1278 MiB
2026/09/22 05:05:52.089, 1985175, GPU-c19b526a-dfb9-68a7-ae04-b68c870482af, 1278 MiB
2026/09/22 05:05:52.089, 1985388, GPU-c19b526a-dfb9-68a7-ae04-b68c870482af, 1278 MiB
2026/09/22 05:05:53.090, 1844380, GPU-833bd1d4-962a-a2a9-e8ee-3f18887d8a40, 69848 MiB
2026/09/22 05:05:53.090, 1852943, GPU-833bd1d4-962a-a2a9-e8ee-3f18887d8a40, 4728 MiB
2026/09/22 05:05:53.093, 902823, GPU-5014660a-ded1-5f90-339b-0e5f9738f416, 774 MiB
2026/09/22 05:05:53.093, 917655, GPU-5014660a-ded1-5f90-339b-0e5f9738f416, 75012 MiB
2026/09/22 05:05:53.094, 1844382, GPU-d70c11ba-69d2-8984-e060-d1284dbbf2e3, 69848 MiB
2026/09/22 05:05:53.094, 1852943, GPU-d70c11ba-69d2-8984-e060-d1284dbbf2e3, 4728 MiB
2026/09/22 05:05:53.095, 137936, GPU-ae2bc357-9c9d-ff3d-c235-bf7e8de8e94c, 1278 MiB
2026/09/22 05:05:53.095, 137983, GPU-ae2bc357-9c9d-ff3d-c235-bf7e8de8e94c, 938 MiB
2026/09/22 05:05:53.095, 138213, GPU-ae2bc357-9c9d-ff3d-c235-bf7e8de8e94c, 938 MiB
2026/09/22 05:05:53.095, 138331, GPU-ae2bc357-9c9d-ff3d-c235-bf7e8de8e94c, 938 MiB
2026/09/22 05:05:53.095, 138526, GPU-ae2bc357-9c9d-ff3d-c235-bf7e8de8e94c, 938 MiB
2026/09/22 05:05:53.095, 138832, GPU-ae2bc357-9c9d-ff3d-c235-bf7e8de8e94c, 1306 MiB
2026/09/22 05:05:53.095, 1827563, GPU-ae2bc357-9c9d-ff3d-c235-bf7e8de8e94c, 1306 MiB
2026/09/22 05:05:53.095, 1827662, GPU-ae2bc357-9c9d-ff3d-c235-bf7e8de8e94c, 1306 MiB
2026/09/22 05:05:53.096, 907585, GPU-eeb7d960-135d-5f5e-859f-f7f5efb7136d, 774 MiB
2026/09/22 05:05:53.096, 987850, GPU-eeb7d960-135d-5f5e-859f-f7f5efb7136d, 73700 MiB
2026/09/22 05:05:53.097, 1209359, GPU-d6d9222c-9b57-3843-4d93-d2a40b30ad2b, 49386 MiB
2026/09/22 05:05:53.097, 1981187, GPU-c19b526a-dfb9-68a7-ae04-b68c870482af, 1306 MiB
2026/09/22 05:05:53.097, 1981575, GPU-c19b526a-dfb9-68a7-ae04-b68c870482af, 1278 MiB
2026/09/22 05:05:53.097, 1985001, GPU-c19b526a-dfb9-68a7-ae04-b68c870482af, 1278 MiB
2026/09/22 05:05:53.097, 1985175, GPU-c19b526a-dfb9-68a7-ae04-b68c870482af, 1278 MiB
2026/09/22 05:05:53.097, 1985388, GPU-c19b526a-dfb9-68a7-ae04-b68c870482af, 1278 MiB
2026/09/22 05:05:54.098, 1844380, GPU-833bd1d4-962a-a2a9-e8ee-3f18887d8a40, 69848 MiB
2026/09/22 05:05:54.098, 1852943, GPU-833bd1d4-962a-a2a9-e8ee-3f18887d8a40, 4728 MiB
2026/09/22 05:05:54.100, 902823, GPU-5014660a-ded1-5f90-339b-0e5f9738f416, 774 MiB
2026/09/22 05:05:54.100, 917655, GPU-5014660a-ded1-5f90-339b-0e5f9738f416, 75012 MiB
2026/09/22 05:05:54.101, 1844382, GPU-d70c11ba-69d2-8984-e060-d1284dbbf2e3, 69848 MiB
2026/09/22 05:05:54.101, 1852943, GPU-d70c11ba-69d2-8984-e060-d1284dbbf2e3, 4728 MiB
2026/09/22 05:05:54.102, 137936, GPU-ae2bc357-9c9d-ff3d-c235-bf7e8de8e94c, 1278 MiB
2026/09/22 05:05:54.102, 137983, GPU-ae2bc357-9c9d-ff3d-c235-bf7e8de8e94c, 938 MiB
2026/09/22 05:05:54.102, 138213, GPU-ae2bc357-9c9d-ff3d-c235-bf7e8de8e94c, 938 MiB
2026/09/22 05:05:54.102, 138331, GPU-ae2bc357-9c9d-ff3d-c235-bf7e8de8e94c, 938 MiB
2026/09/22 05:05:54.102, 138526, GPU-ae2bc357-9c9d-ff3d-c235-bf7e8de8e94c, 938 MiB
2026/09/22 05:05:54.102, 138832, GPU-ae2bc357-9c9d-ff3d-c235-bf7e8de8e94c, 1306 MiB
2026/09/22 05:05:54.102, 1827563, GPU-ae2bc357-9c9d-ff3d-c235-bf7e8de8e94c, 1306 MiB
2026/09/22 05:05:54.102, 1827662, GPU-ae2bc357-9c9d-ff3d-c235-bf7e8de8e94c, 1306 MiB
2026/09/22 05:05:54.103, 907585, GPU-eeb7d960-135d-5f5e-859f-f7f5efb7136d, 774 MiB
2026/09/22 05:05:54.103, 987850, GPU-eeb7d960-135d-5f5e-859f-f7f5efb7136d, 73700 MiB
2026/09/22 05:05:54.104, 1209359, GPU-d6d9222c-9b57-3843-4d93-d2a40b30ad2b, 49386 MiB
2026/09/22 05:05:54.104, 1981187, GPU-c19b526a-dfb9-68a7-ae04-b68c870482af, 1306 MiB
2026/09/22 05:05:54.104, 1981575, GPU-c19b526a-dfb9-68a7-ae04-b68c870482af, 1278 MiB
2026/09/22 05:05:54.104, 1985001, GPU-c19b526a-dfb9-68a7-ae04-b68c870482af, 1278 MiB
2026/09/22 05:05:54.104, 1985175, GPU-c19b526a-dfb9-68a7-ae04-b68c870482af, 1278 MiB
2026/09/22 05:05:54.104, 1985388, GPU-c19b526a-dfb9-68a7-ae04-b68c870482af, 1278 MiB
2026/09/22 05:05:55.105, 1844380, GPU-833bd1d4-962a-a2a9-e8ee-3f18887d8a40, 69848 MiB
2026/09/22 05:05:55.105, 1852943, GPU-833bd1d4-962a-a2a9-e8ee-3f18887d8a40, 4728 MiB
2026/09/22 05:05:55.107, 902823, GPU-5014660a-ded1-5f90-339b-0e5f9738f416, 774 MiB
2026/09/22 05:05:55.107, 917655, GPU-5014660a-ded1-5f90-339b-0e5f9738f416, 75012 MiB
2026/09/22 05:05:55.108, 1844382, GPU-d70c11ba-69d2-8984-e060-d1284dbbf2e3, 69848 MiB
2026/09/22 05:05:55.108, 1852943, GPU-d70c11ba-69d2-8984-e060-d1284dbbf2e3, 4728 MiB
2026/09/22 05:05:55.111, 137936, GPU-ae2bc357-9c9d-ff3d-c235-bf7e8de8e94c, 1278 MiB
2026/09/22 05:05:55.111, 137983, GPU-ae2bc357-9c9d-ff3d-c235-bf7e8de8e94c, 938 MiB
2026/09/22 05:05:55.111, 138213, GPU-ae2bc357-9c9d-ff3d-c235-bf7e8de8e94c, 938 MiB
2026/09/22 05:05:55.111, 138331, GPU-ae2bc357-9c9d-ff3d-c235-bf7e8de8e94c, 938 MiB
2026/09/22 05:05:55.111, 138526, GPU-ae2bc357-9c9d-ff3d-c235-bf7e8de8e94c, 938 MiB
2026/09/22 05:05:55.111, 138832, GPU-ae2bc357-9c9d-ff3d-c235-bf7e8de8e94c, 1306 MiB
2026/09/22 05:05:55.111, 1827563, GPU-ae2bc357-9c9d-ff3d-c235-bf7e8de8e94c, 1306 MiB
2026/09/22 05:05:55.111, 1827662, GPU-ae2bc357-9c9d-ff3d-c235-bf7e8de8e94c, 1306 MiB
2026/09/22 05:05:55.115, 907585, GPU-eeb7d960-135d-5f5e-859f-f7f5efb7136d, 774 MiB
2026/09/22 05:05:55.115, 987850, GPU-eeb7d960-135d-5f5e-859f-f7f5efb7136d, 73700 MiB
2026/09/22 05:05:55.116, 1209359, GPU-d6d9222c-9b57-3843-4d93-d2a40b30ad2b, 49386 MiB
2026/09/22 05:05:55.118, 1981187, GPU-c19b526a-dfb9-68a7-ae04-b68c870482af, 1306 MiB
2026/09/22 05:05:55.118, 1981575, GPU-c19b526a-dfb9-68a7-ae04-b68c870482af, 1278 MiB
2026/09/22 05:05:55.118, 1985001, GPU-c19b526a-dfb9-68a7-ae04-b68c870482af, 1278 MiB
2026/09/22 05:05:55.118, 1985175, GPU-c19b526a-dfb9-68a7-ae04-b68c870482af, 1278 MiB
2026/09/22 05:05:55.118, 1985388, GPU-c19b526a-dfb9-68a7-ae04-b68c870482af, 1278 MiB
2026/09/22 05:05:55.118, 1996354, GPU-c19b526a-dfb9-68a7-ae04-b68c870482af, 32 MiB
2026/09/22 05:05:56.121, 1844380, GPU-833bd1d4-962a-a2a9-e8ee-3f18887d8a40, 69848 MiB
2026/09/22 05:05:56.121, 1852943, GPU-833bd1d4-962a-a2a9-e8ee-3f18887d8a40, 4728 MiB
2026/09/22 05:05:56.122, 902823, GPU-5014660a-ded1-5f90-339b-0e5f9738f416, 774 MiB
2026/09/22 05:05:56.122, 917655, GPU-5014660a-ded1-5f90-339b-0e5f9738f416, 75012 MiB
2026/09/22 05:05:56.124, 1844382, GPU-d70c11ba-69d2-8984-e060-d1284dbbf2e3, 69848 MiB
2026/09/22 05:05:56.124, 1852943, GPU-d70c11ba-69d2-8984-e060-d1284dbbf2e3, 4728 MiB
2026/09/22 05:05:56.127, 137936, GPU-ae2bc357-9c9d-ff3d-c235-bf7e8de8e94c, 1278 MiB
2026/09/22 05:05:56.127, 137983, GPU-ae2bc357-9c9d-ff3d-c235-bf7e8de8e94c, 938 MiB
2026/09/22 05:05:56.127, 138213, GPU-ae2bc357-9c9d-ff3d-c235-bf7e8de8e94c, 938 MiB
2026/09/22 05:05:56.127, 138331, GPU-ae2bc357-9c9d-ff3d-c235-bf7e8de8e94c, 938 MiB
2026/09/22 05:05:56.127, 138526, GPU-ae2bc357-9c9d-ff3d-c235-bf7e8de8e94c, 938 MiB
2026/09/22 05:05:56.127, 138832, GPU-ae2bc357-9c9d-ff3d-c235-bf7e8de8e94c, 1306 MiB
2026/09/22 05:05:56.127, 1827563, GPU-ae2bc357-9c9d-ff3d-c235-bf7e8de8e94c, 1306 MiB
2026/09/22 05:05:56.127, 1827662, GPU-ae2bc357-9c9d-ff3d-c235-bf7e8de8e94c, 1306 MiB
2026/09/22 05:05:56.128, 907585, GPU-eeb7d960-135d-5f5e-859f-f7f5efb7136d, 774 MiB
2026/09/22 05:05:56.128, 987850, GPU-eeb7d960-135d-5f5e-859f-f7f5efb7136d, 73700 MiB
2026/09/22 05:05:56.129, 1209359, GPU-d6d9222c-9b57-3843-4d93-d2a40b30ad2b, 49386 MiB
2026/09/22 05:05:56.130, 1981187, GPU-c19b526a-dfb9-68a7-ae04-b68c870482af, 1306 MiB
2026/09/22 05:05:56.130, 1981575, GPU-c19b526a-dfb9-68a7-ae04-b68c870482af, 1278 MiB
2026/09/22 05:05:56.130, 1985001, GPU-c19b526a-dfb9-68a7-ae04-b68c870482af, 1278 MiB
2026/09/22 05:05:56.130, 1985175, GPU-c19b526a-dfb9-68a7-ae04-b68c870482af, 1278 MiB
2026/09/22 05:05:56.130, 1985388, GPU-c19b526a-dfb9-68a7-ae04-b68c870482af, 1278 MiB
2026/09/22 05:05:56.130, 1996354, GPU-c19b526a-dfb9-68a7-ae04-b68c870482af, 1278 MiB
2026/09/22 05:05:56.130, 1996517, GPU-c19b526a-dfb9-68a7-ae04-b68c870482af, 14 MiB
2026/09/22 05:05:57.131, 1844380, GPU-833bd1d4-962a-a2a9-e8ee-3f18887d8a40, 69848 MiB
2026/09/22 05:05:57.131, 1852943, GPU-833bd1d4-962a-a2a9-e8ee-3f18887d8a40, 4728 MiB
2026/09/22 05:05:57.133, 902823, GPU-5014660a-ded1-5f90-339b-0e5f9738f416, 774 MiB
2026/09/22 05:05:57.133, 917655, GPU-5014660a-ded1-5f90-339b-0e5f9738f416, 75012 MiB
2026/09/22 05:05:57.133, 1844382, GPU-d70c11ba-69d2-8984-e060-d1284dbbf2e3, 69848 MiB
2026/09/22 05:05:57.133, 1852943, GPU-d70c11ba-69d2-8984-e060-d1284dbbf2e3, 4728 MiB
2026/09/22 05:05:57.134, 137936, GPU-ae2bc357-9c9d-ff3d-c235-bf7e8de8e94c, 1278 MiB
2026/09/22 05:05:57.134, 137983, GPU-ae2bc357-9c9d-ff3d-c235-bf7e8de8e94c, 938 MiB
2026/09/22 05:05:57.134, 138213, GPU-ae2bc357-9c9d-ff3d-c235-bf7e8de8e94c, 938 MiB
2026/09/22 05:05:57.134, 138331, GPU-ae2bc357-9c9d-ff3d-c235-bf7e8de8e94c, 938 MiB
2026/09/22 05:05:57.134, 138526, GPU-ae2bc357-9c9d-ff3d-c235-bf7e8de8e94c, 938 MiB
2026/09/22 05:05:57.134, 138832, GPU-ae2bc357-9c9d-ff3d-c235-bf7e8de8e94c, 1306 MiB
2026/09/22 05:05:57.134, 1827563, GPU-ae2bc357-9c9d-ff3d-c235-bf7e8de8e94c, 1306 MiB
2026/09/22 05:05:57.134, 1827662, GPU-ae2bc357-9c9d-ff3d-c235-bf7e8de8e94c, 1306 MiB
2026/09/22 05:05:57.135, 907585, GPU-eeb7d960-135d-5f5e-859f-f7f5efb7136d, 774 MiB
2026/09/22 05:05:57.135, 987850, GPU-eeb7d960-135d-5f5e-859f-f7f5efb7136d, 73700 MiB
2026/09/22 05:05:57.136, 1209359, GPU-d6d9222c-9b57-3843-4d93-d2a40b30ad2b, 49386 MiB
2026/09/22 05:05:57.136, 1981187, GPU-c19b526a-dfb9-68a7-ae04-b68c870482af, 1306 MiB
2026/09/22 05:05:57.136, 1981575, GPU-c19b526a-dfb9-68a7-ae04-b68c870482af, 1278 MiB
2026/09/22 05:05:57.136, 1985001, GPU-c19b526a-dfb9-68a7-ae04-b68c870482af, 1278 MiB
2026/09/22 05:05:57.136, 1985175, GPU-c19b526a-dfb9-68a7-ae04-b68c870482af, 1278 MiB
2026/09/22 05:05:57.136, 1985388, GPU-c19b526a-dfb9-68a7-ae04-b68c870482af, 1278 MiB
2026/09/22 05:05:57.136, 1996354, GPU-c19b526a-dfb9-68a7-ae04-b68c870482af, 1278 MiB
2026/09/22 05:05:57.136, 1996517, GPU-c19b526a-dfb9-68a7-ae04-b68c870482af, 1278 MiB
2026/09/22 05:05:58.137, 1844380, GPU-833bd1d4-962a-a2a9-e8ee-3f18887d8a40, 69848 MiB
2026/09/22 05:05:58.137, 1852943, GPU-833bd1d4-962a-a2a9-e8ee-3f18887d8a40, 4728 MiB
2026/09/22 05:05:58.139, 902823, GPU-5014660a-ded1-5f90-339b-0e5f9738f416, 774 MiB
2026/09/22 05:05:58.139, 917655, GPU-5014660a-ded1-5f90-339b-0e5f9738f416, 75012 MiB
2026/09/22 05:05:58.139, 1844382, GPU-d70c11ba-69d2-8984-e060-d1284dbbf2e3, 69848 MiB
2026/09/22 05:05:58.139, 1852943, GPU-d70c11ba-69d2-8984-e060-d1284dbbf2e3, 4728 MiB
2026/09/22 05:05:58.140, 137936, GPU-ae2bc357-9c9d-ff3d-c235-bf7e8de8e94c, 1278 MiB
2026/09/22 05:05:58.140, 137983, GPU-ae2bc357-9c9d-ff3d-c235-bf7e8de8e94c, 938 MiB
2026/09/22 05:05:58.140, 138213, GPU-ae2bc357-9c9d-ff3d-c235-bf7e8de8e94c, 938 MiB
2026/09/22 05:05:58.140, 138331, GPU-ae2bc357-9c9d-ff3d-c235-bf7e8de8e94c, 938 MiB
2026/09/22 05:05:58.140, 138526, GPU-ae2bc357-9c9d-ff3d-c235-bf7e8de8e94c, 938 MiB
2026/09/22 05:05:58.140, 138832, GPU-ae2bc357-9c9d-ff3d-c235-bf7e8de8e94c, 1306 MiB
2026/09/22 05:05:58.140, 1827563, GPU-ae2bc357-9c9d-ff3d-c235-bf7e8de8e94c, 1306 MiB
2026/09/22 05:05:58.140, 1827662, GPU-ae2bc357-9c9d-ff3d-c235-bf7e8de8e94c, 1306 MiB
2026/09/22 05:05:58.141, 907585, GPU-eeb7d960-135d-5f5e-859f-f7f5efb7136d, 774 MiB
2026/09/22 05:05:58.141, 987850, GPU-eeb7d960-135d-5f5e-859f-f7f5efb7136d, 73700 MiB
2026/09/22 05:05:58.142, 1209359, GPU-d6d9222c-9b57-3843-4d93-d2a40b30ad2b, 49386 MiB
2026/09/22 05:05:58.143, 1981187, GPU-c19b526a-dfb9-68a7-ae04-b68c870482af, 1306 MiB
2026/09/22 05:05:58.143, 1981575, GPU-c19b526a-dfb9-68a7-ae04-b68c870482af, 1278 MiB
2026/09/22 05:05:58.143, 1985001, GPU-c19b526a-dfb9-68a7-ae04-b68c870482af, 1278 MiB
2026/09/22 05:05:58.143, 1985175, GPU-c19b526a-dfb9-68a7-ae04-b68c870482af, 1278 MiB
2026/09/22 05:05:58.143, 1985388, GPU-c19b526a-dfb9-68a7-ae04-b68c870482af, 1278 MiB
2026/09/22 05:05:58.143, 1996354, GPU-c19b526a-dfb9-68a7-ae04-b68c870482af, 1278 MiB
2026/09/22 05:05:58.143, 1996517, GPU-c19b526a-dfb9-68a7-ae04-b68c870482af, 1278 MiB
2026/09/22 05:05:59.144, 1844380, GPU-833bd1d4-962a-a2a9-e8ee-3f18887d8a40, 69848 MiB
2026/09/22 05:05:59.144, 1852943, GPU-833bd1d4-962a-a2a9-e8ee-3f18887d8a40, 4728 MiB
2026/09/22 05:05:59.146, 902823, GPU-5014660a-ded1-5f90-339b-0e5f9738f416, 774 MiB
2026/09/22 05:05:59.146, 917655, GPU-5014660a-ded1-5f90-339b-0e5f9738f416, 75012 MiB
2026/09/22 05:05:59.147, 1844382, GPU-d70c11ba-69d2-8984-e060-d1284dbbf2e3, 69848 MiB
2026/09/22 05:05:59.147, 1852943, GPU-d70c11ba-69d2-8984-e060-d1284dbbf2e3, 4728 MiB
2026/09/22 05:05:59.152, 137936, GPU-ae2bc357-9c9d-ff3d-c235-bf7e8de8e94c, 1278 MiB
2026/09/22 05:05:59.152, 137983, GPU-ae2bc357-9c9d-ff3d-c235-bf7e8de8e94c, 938 MiB
2026/09/22 05:05:59.152, 138213, GPU-ae2bc357-9c9d-ff3d-c235-bf7e8de8e94c, 938 MiB
2026/09/22 05:05:59.152, 138331, GPU-ae2bc357-9c9d-ff3d-c235-bf7e8de8e94c, 938 MiB
2026/09/22 05:05:59.152, 138526, GPU-ae2bc357-9c9d-ff3d-c235-bf7e8de8e94c, 938 MiB
2026/09/22 05:05:59.152, 138832, GPU-ae2bc357-9c9d-ff3d-c235-bf7e8de8e94c, 1306 MiB
2026/09/22 05:05:59.152, 1827563, GPU-ae2bc357-9c9d-ff3d-c235-bf7e8de8e94c, 1306 MiB
2026/09/22 05:05:59.152, 1827662, GPU-ae2bc357-9c9d-ff3d-c235-bf7e8de8e94c, 1306 MiB
2026/09/22 05:05:59.153, 907585, GPU-eeb7d960-135d-5f5e-859f-f7f5efb7136d, 774 MiB
2026/09/22 05:05:59.153, 987850, GPU-eeb7d960-135d-5f5e-859f-f7f5efb7136d, 73700 MiB
2026/09/22 05:05:59.154, 1209359, GPU-d6d9222c-9b57-3843-4d93-d2a40b30ad2b, 49386 MiB
2026/09/22 05:05:59.154, 1981187, GPU-c19b526a-dfb9-68a7-ae04-b68c870482af, 1306 MiB
2026/09/22 05:05:59.154, 1981575, GPU-c19b526a-dfb9-68a7-ae04-b68c870482af, 1278 MiB
2026/09/22 05:05:59.154, 1985001, GPU-c19b526a-dfb9-68a7-ae04-b68c870482af, 1278 MiB
2026/09/22 05:05:59.154, 1985175, GPU-c19b526a-dfb9-68a7-ae04-b68c870482af, 1278 MiB
2026/09/22 05:05:59.154, 1985388, GPU-c19b526a-dfb9-68a7-ae04-b68c870482af, 1278 MiB
2026/09/22 05:05:59.154, 1996354, GPU-c19b526a-dfb9-68a7-ae04-b68c870482af, 1278 MiB
2026/09/22 05:05:59.154, 1996517, GPU-c19b526a-dfb9-68a7-ae04-b68c870482af, 1278 MiB
2026/09/22 05:06:00.155, 1844380, GPU-833bd1d4-962a-a2a9-e8ee-3f18887d8a40, 69848 MiB
2026/09/22 05:06:00.155, 1852943, GPU-833bd1d4-962a-a2a9-e8ee-3f18887d8a40, 4728 MiB
2026/09/22 05:06:00.162, 902823, GPU-5014660a-ded1-5f90-339b-0e5f9738f416, 774 MiB
2026/09/22 05:06:00.162, 917655, GPU-5014660a-ded1-5f90-339b-0e5f9738f416, 75012 MiB
2026/09/22 05:06:00.166, 1844382, GPU-d70c11ba-69d2-8984-e060-d1284dbbf2e3, 69848 MiB
2026/09/22 05:06:00.166, 1852943, GPU-d70c11ba-69d2-8984-e060-d1284dbbf2e3, 4728 MiB
2026/09/22 05:06:00.171, 137936, GPU-ae2bc357-9c9d-ff3d-c235-bf7e8de8e94c, 1278 MiB
2026/09/22 05:06:00.171, 137983, GPU-ae2bc357-9c9d-ff3d-c235-bf7e8de8e94c, 938 MiB
2026/09/22 05:06:00.171, 138213, GPU-ae2bc357-9c9d-ff3d-c235-bf7e8de8e94c, 938 MiB
2026/09/22 05:06:00.171, 138331, GPU-ae2bc357-9c9d-ff3d-c235-bf7e8de8e94c, 938 MiB
2026/09/22 05:06:00.171, 138526, GPU-ae2bc357-9c9d-ff3d-c235-bf7e8de8e94c, 938 MiB
2026/09/22 05:06:00.171, 138832, GPU-ae2bc357-9c9d-ff3d-c235-bf7e8de8e94c, 1306 MiB
2026/09/22 05:06:00.171, 1827563, GPU-ae2bc357-9c9d-ff3d-c235-bf7e8de8e94c, 1306 MiB
2026/09/22 05:06:00.171, 1827662, GPU-ae2bc357-9c9d-ff3d-c235-bf7e8de8e94c, 1306 MiB
2026/09/22 05:06:00.175, 907585, GPU-eeb7d960-135d-5f5e-859f-f7f5efb7136d, 774 MiB
2026/09/22 05:06:00.175, 987850, GPU-eeb7d960-135d-5f5e-859f-f7f5efb7136d, 73700 MiB
2026/09/22 05:06:00.177, 1209359, GPU-d6d9222c-9b57-3843-4d93-d2a40b30ad2b, 49386 MiB
2026/09/22 05:06:00.179, 1981187, GPU-c19b526a-dfb9-68a7-ae04-b68c870482af, 1306 MiB
2026/09/22 05:06:00.179, 1981575, GPU-c19b526a-dfb9-68a7-ae04-b68c870482af, 1278 MiB
2026/09/22 05:06:00.179, 1985001, GPU-c19b526a-dfb9-68a7-ae04-b68c870482af, 1278 MiB
2026/09/22 05:06:00.179, 1985175, GPU-c19b526a-dfb9-68a7-ae04-b68c870482af, 1278 MiB
2026/09/22 05:06:00.179, 1985388, GPU-c19b526a-dfb9-68a7-ae04-b68c870482af, 1278 MiB
2026/09/22 05:06:00.179, 1996354, GPU-c19b526a-dfb9-68a7-ae04-b68c870482af, 1278 MiB
2026/09/22 05:06:00.179, 1996517, GPU-c19b526a-dfb9-68a7-ae04-b68c870482af, 1278 MiB
2026/09/22 05:06:01.182, 1844380, GPU-833bd1d4-962a-a2a9-e8ee-3f18887d8a40, 69848 MiB
2026/09/22 05:06:01.182, 1852943, GPU-833bd1d4-962a-a2a9-e8ee-3f18887d8a40, 4728 MiB
2026/09/22 05:06:01.184, 902823, GPU-5014660a-ded1-5f90-339b-0e5f9738f416, 774 MiB
2026/09/22 05:06:01.184, 917655, GPU-5014660a-ded1-5f90-339b-0e5f9738f416, 75012 MiB
2026/09/22 05:06:01.185, 1844382, GPU-d70c11ba-69d2-8984-e060-d1284dbbf2e3, 69848 MiB
2026/09/22 05:06:01.185, 1852943, GPU-d70c11ba-69d2-8984-e060-d1284dbbf2e3, 4728 MiB
2026/09/22 05:06:01.186, 137936, GPU-ae2bc357-9c9d-ff3d-c235-bf7e8de8e94c, 1278 MiB
2026/09/22 05:06:01.186, 137983, GPU-ae2bc357-9c9d-ff3d-c235-bf7e8de8e94c, 938 MiB
2026/09/22 05:06:01.186, 138213, GPU-ae2bc357-9c9d-ff3d-c235-bf7e8de8e94c, 938 MiB
2026/09/22 05:06:01.186, 138331, GPU-ae2bc357-9c9d-ff3d-c235-bf7e8de8e94c, 938 MiB
2026/09/22 05:06:01.186, 138526, GPU-ae2bc357-9c9d-ff3d-c235-bf7e8de8e94c, 938 MiB
2026/09/22 05:06:01.186, 138832, GPU-ae2bc357-9c9d-ff3d-c235-bf7e8de8e94c, 1306 MiB
2026/09/22 05:06:01.186, 1827563, GPU-ae2bc357-9c9d-ff3d-c235-bf7e8de8e94c, 1306 MiB
2026/09/22 05:06:01.186, 1827662, GPU-ae2bc357-9c9d-ff3d-c235-bf7e8de8e94c, 1306 MiB
2026/09/22 05:06:01.187, 907585, GPU-eeb7d960-135d-5f5e-859f-f7f5efb7136d, 774 MiB
2026/09/22 05:06:01.187, 987850, GPU-eeb7d960-135d-5f5e-859f-f7f5efb7136d, 73700 MiB
2026/09/22 05:06:01.188, 1209359, GPU-d6d9222c-9b57-3843-4d93-d2a40b30ad2b, 49386 MiB
2026/09/22 05:06:01.188, 1981187, GPU-c19b526a-dfb9-68a7-ae04-b68c870482af, 1306 MiB
2026/09/22 05:06:01.188, 1981575, GPU-c19b526a-dfb9-68a7-ae04-b68c870482af, 1278 MiB
2026/09/22 05:06:01.188, 1985001, GPU-c19b526a-dfb9-68a7-ae04-b68c870482af, 1278 MiB
2026/09/22 05:06:01.188, 1985175, GPU-c19b526a-dfb9-68a7-ae04-b68c870482af, 1278 MiB
2026/09/22 05:06:01.188, 1985388, GPU-c19b526a-dfb9-68a7-ae04-b68c870482af, 1278 MiB
2026/09/22 05:06:01.188, 1996354, GPU-c19b526a-dfb9-68a7-ae04-b68c870482af, 1278 MiB
2026/09/22 05:06:01.188, 1996517, GPU-c19b526a-dfb9-68a7-ae04-b68c870482af, 1278 MiB
2026/09/22 05:06:02.189, 1844380, GPU-833bd1d4-962a-a2a9-e8ee-3f18887d8a40, 69848 MiB
2026/09/22 05:06:02.189, 1852943, GPU-833bd1d4-962a-a2a9-e8ee-3f18887d8a40, 4728 MiB
2026/09/22 05:06:02.194, 902823, GPU-5014660a-ded1-5f90-339b-0e5f9738f416, 774 MiB
2026/09/22 05:06:02.194, 917655, GPU-5014660a-ded1-5f90-339b-0e5f9738f416, 75012 MiB
2026/09/22 05:06:02.195, 1844382, GPU-d70c11ba-69d2-8984-e060-d1284dbbf2e3, 69848 MiB
2026/09/22 05:06:02.195, 1852943, GPU-d70c11ba-69d2-8984-e060-d1284dbbf2e3, 4728 MiB
2026/09/22 05:06:02.197, 137936, GPU-ae2bc357-9c9d-ff3d-c235-bf7e8de8e94c, 1278 MiB
2026/09/22 05:06:02.197, 137983, GPU-ae2bc357-9c9d-ff3d-c235-bf7e8de8e94c, 938 MiB
2026/09/22 05:06:02.197, 138213, GPU-ae2bc357-9c9d-ff3d-c235-bf7e8de8e94c, 938 MiB
2026/09/22 05:06:02.197, 138331, GPU-ae2bc357-9c9d-ff3d-c235-bf7e8de8e94c, 938 MiB
2026/09/22 05:06:02.197, 138526, GPU-ae2bc357-9c9d-ff3d-c235-bf7e8de8e94c, 938 MiB
2026/09/22 05:06:02.197, 138832, GPU-ae2bc357-9c9d-ff3d-c235-bf7e8de8e94c, 1306 MiB
2026/09/22 05:06:02.197, 1827563, GPU-ae2bc357-9c9d-ff3d-c235-bf7e8de8e94c, 1306 MiB
2026/09/22 05:06:02.197, 1827662, GPU-ae2bc357-9c9d-ff3d-c235-bf7e8de8e94c, 1306 MiB
2026/09/22 05:06:02.199, 907585, GPU-eeb7d960-135d-5f5e-859f-f7f5efb7136d, 774 MiB
2026/09/22 05:06:02.199, 987850, GPU-eeb7d960-135d-5f5e-859f-f7f5efb7136d, 73700 MiB
2026/09/22 05:06:02.199, 1209359, GPU-d6d9222c-9b57-3843-4d93-d2a40b30ad2b, 49386 MiB
2026/09/22 05:06:02.200, 1981187, GPU-c19b526a-dfb9-68a7-ae04-b68c870482af, 1306 MiB
2026/09/22 05:06:02.200, 1981575, GPU-c19b526a-dfb9-68a7-ae04-b68c870482af, 1278 MiB
2026/09/22 05:06:02.200, 1985001, GPU-c19b526a-dfb9-68a7-ae04-b68c870482af, 1278 MiB
2026/09/22 05:06:02.200, 1985175, GPU-c19b526a-dfb9-68a7-ae04-b68c870482af, 1278 MiB
2026/09/22 05:06:02.200, 1985388, GPU-c19b526a-dfb9-68a7-ae04-b68c870482af, 1278 MiB
2026/09/22 05:06:02.200, 1996354, GPU-c19b526a-dfb9-68a7-ae04-b68c870482af, 1278 MiB
2026/09/22 05:06:02.200, 1996517, GPU-c19b526a-dfb9-68a7-ae04-b68c870482af, 1278 MiB
2026/09/22 05:06:03.200, 1844380, GPU-833bd1d4-962a-a2a9-e8ee-3f18887d8a40, 69848 MiB
2026/09/22 05:06:03.200, 1852943, GPU-833bd1d4-962a-a2a9-e8ee-3f18887d8a40, 4728 MiB
2026/09/22 05:06:03.202, 902823, GPU-5014660a-ded1-5f90-339b-0e5f9738f416, 774 MiB
2026/09/22 05:06:03.202, 917655, GPU-5014660a-ded1-5f90-339b-0e5f9738f416, 75012 MiB
2026/09/22 05:06:03.203, 1844382, GPU-d70c11ba-69d2-8984-e060-d1284dbbf2e3, 69848 MiB
2026/09/22 05:06:03.203, 1852943, GPU-d70c11ba-69d2-8984-e060-d1284dbbf2e3, 4728 MiB
2026/09/22 05:06:03.204, 137936, GPU-ae2bc357-9c9d-ff3d-c235-bf7e8de8e94c, 1278 MiB
2026/09/22 05:06:03.204, 137983, GPU-ae2bc357-9c9d-ff3d-c235-bf7e8de8e94c, 938 MiB
2026/09/22 05:06:03.204, 138213, GPU-ae2bc357-9c9d-ff3d-c235-bf7e8de8e94c, 938 MiB
2026/09/22 05:06:03.204, 138331, GPU-ae2bc357-9c9d-ff3d-c235-bf7e8de8e94c, 938 MiB
2026/09/22 05:06:03.204, 138526, GPU-ae2bc357-9c9d-ff3d-c235-bf7e8de8e94c, 938 MiB
2026/09/22 05:06:03.204, 138832, GPU-ae2bc357-9c9d-ff3d-c235-bf7e8de8e94c, 1306 MiB
2026/09/22 05:06:03.204, 1827563, GPU-ae2bc357-9c9d-ff3d-c235-bf7e8de8e94c, 1306 MiB
2026/09/22 05:06:03.204, 1827662, GPU-ae2bc357-9c9d-ff3d-c235-bf7e8de8e94c, 1306 MiB
2026/09/22 05:06:03.206, 907585, GPU-eeb7d960-135d-5f5e-859f-f7f5efb7136d, 774 MiB
2026/09/22 05:06:03.206, 987850, GPU-eeb7d960-135d-5f5e-859f-f7f5efb7136d, 73700 MiB
2026/09/22 05:06:03.206, 1209359, GPU-d6d9222c-9b57-3843-4d93-d2a40b30ad2b, 49386 MiB
2026/09/22 05:06:03.207, 1981187, GPU-c19b526a-dfb9-68a7-ae04-b68c870482af, 1306 MiB
2026/09/22 05:06:03.207, 1981575, GPU-c19b526a-dfb9-68a7-ae04-b68c870482af, 1278 MiB
2026/09/22 05:06:03.207, 1985001, GPU-c19b526a-dfb9-68a7-ae04-b68c870482af, 1278 MiB
2026/09/22 05:06:03.207, 1985175, GPU-c19b526a-dfb9-68a7-ae04-b68c870482af, 1278 MiB
2026/09/22 05:06:03.207, 1985388, GPU-c19b526a-dfb9-68a7-ae04-b68c870482af, 1278 MiB
2026/09/22 05:06:03.207, 1996354, GPU-c19b526a-dfb9-68a7-ae04-b68c870482af, 1278 MiB
2026/09/22 05:06:03.207, 1996517, GPU-c19b526a-dfb9-68a7-ae04-b68c870482af, 1278 MiB
2026/09/22 05:06:04.208, 1844380, GPU-833bd1d4-962a-a2a9-e8ee-3f18887d8a40, 69848 MiB
2026/09/22 05:06:04.208, 1852943, GPU-833bd1d4-962a-a2a9-e8ee-3f18887d8a40, 4728 MiB
2026/09/22 05:06:04.210, 902823, GPU-5014660a-ded1-5f90-339b-0e5f9738f416, 774 MiB
2026/09/22 05:06:04.210, 917655, GPU-5014660a-ded1-5f90-339b-0e5f9738f416, 75012 MiB
2026/09/22 05:06:04.211, 1844382, GPU-d70c11ba-69d2-8984-e060-d1284dbbf2e3, 69848 MiB
2026/09/22 05:06:04.211, 1852943, GPU-d70c11ba-69d2-8984-e060-d1284dbbf2e3, 4728 MiB
2026/09/22 05:06:04.212, 137936, GPU-ae2bc357-9c9d-ff3d-c235-bf7e8de8e94c, 1278 MiB
2026/09/22 05:06:04.212, 137983, GPU-ae2bc357-9c9d-ff3d-c235-bf7e8de8e94c, 938 MiB
2026/09/22 05:06:04.212, 138213, GPU-ae2bc357-9c9d-ff3d-c235-bf7e8de8e94c, 938 MiB
2026/09/22 05:06:04.212, 138331, GPU-ae2bc357-9c9d-ff3d-c235-bf7e8de8e94c, 938 MiB
2026/09/22 05:06:04.212, 138526, GPU-ae2bc357-9c9d-ff3d-c235-bf7e8de8e94c, 938 MiB
2026/09/22 05:06:04.212, 138832, GPU-ae2bc357-9c9d-ff3d-c235-bf7e8de8e94c, 1306 MiB
2026/09/22 05:06:04.212, 1827563, GPU-ae2bc357-9c9d-ff3d-c235-bf7e8de8e94c, 1306 MiB
2026/09/22 05:06:04.212, 1827662, GPU-ae2bc357-9c9d-ff3d-c235-bf7e8de8e94c, 1306 MiB
2026/09/22 05:06:04.214, 907585, GPU-eeb7d960-135d-5f5e-859f-f7f5efb7136d, 774 MiB
2026/09/22 05:06:04.214, 987850, GPU-eeb7d960-135d-5f5e-859f-f7f5efb7136d, 73700 MiB
2026/09/22 05:06:04.214, 1209359, GPU-d6d9222c-9b57-3843-4d93-d2a40b30ad2b, 49386 MiB
2026/09/22 05:06:04.215, 1981187, GPU-c19b526a-dfb9-68a7-ae04-b68c870482af, 1306 MiB
2026/09/22 05:06:04.215, 1981575, GPU-c19b526a-dfb9-68a7-ae04-b68c870482af, 1278 MiB
2026/09/22 05:06:04.215, 1985001, GPU-c19b526a-dfb9-68a7-ae04-b68c870482af, 1278 MiB
2026/09/22 05:06:04.215, 1985175, GPU-c19b526a-dfb9-68a7-ae04-b68c870482af, 1278 MiB
2026/09/22 05:06:04.215, 1985388, GPU-c19b526a-dfb9-68a7-ae04-b68c870482af, 1278 MiB
2026/09/22 05:06:04.215, 1996354, GPU-c19b526a-dfb9-68a7-ae04-b68c870482af, 1278 MiB
2026/09/22 05:06:04.215, 1996517, GPU-c19b526a-dfb9-68a7-ae04-b68c870482af, 1278 MiB
2026/09/22 05:06:05.216, 1844380, GPU-833bd1d4-962a-a2a9-e8ee-3f18887d8a40, 69848 MiB
2026/09/22 05:06:05.216, 1852943, GPU-833bd1d4-962a-a2a9-e8ee-3f18887d8a40, 4728 MiB
2026/09/22 05:06:05.218, 902823, GPU-5014660a-ded1-5f90-339b-0e5f9738f416, 774 MiB
2026/09/22 05:06:05.218, 917655, GPU-5014660a-ded1-5f90-339b-0e5f9738f416, 75012 MiB
2026/09/22 05:06:05.218, 1844382, GPU-d70c11ba-69d2-8984-e060-d1284dbbf2e3, 69848 MiB
2026/09/22 05:06:05.218, 1852943, GPU-d70c11ba-69d2-8984-e060-d1284dbbf2e3, 4728 MiB
2026/09/22 05:06:05.219, 137936, GPU-ae2bc357-9c9d-ff3d-c235-bf7e8de8e94c, 1278 MiB
2026/09/22 05:06:05.219, 137983, GPU-ae2bc357-9c9d-ff3d-c235-bf7e8de8e94c, 938 MiB
2026/09/22 05:06:05.219, 138213, GPU-ae2bc357-9c9d-ff3d-c235-bf7e8de8e94c, 938 MiB
2026/09/22 05:06:05.219, 138331, GPU-ae2bc357-9c9d-ff3d-c235-bf7e8de8e94c, 938 MiB
2026/09/22 05:06:05.219, 138526, GPU-ae2bc357-9c9d-ff3d-c235-bf7e8de8e94c, 938 MiB
2026/09/22 05:06:05.219, 138832, GPU-ae2bc357-9c9d-ff3d-c235-bf7e8de8e94c, 1306 MiB
2026/09/22 05:06:05.219, 1827563, GPU-ae2bc357-9c9d-ff3d-c235-bf7e8de8e94c, 1306 MiB
2026/09/22 05:06:05.219, 1827662, GPU-ae2bc357-9c9d-ff3d-c235-bf7e8de8e94c, 1306 MiB
2026/09/22 05:06:05.220, 907585, GPU-eeb7d960-135d-5f5e-859f-f7f5efb7136d, 774 MiB
2026/09/22 05:06:05.220, 987850, GPU-eeb7d960-135d-5f5e-859f-f7f5efb7136d, 73700 MiB
2026/09/22 05:06:05.221, 1209359, GPU-d6d9222c-9b57-3843-4d93-d2a40b30ad2b, 49386 MiB
2026/09/22 05:06:05.221, 1981187, GPU-c19b526a-dfb9-68a7-ae04-b68c870482af, 1306 MiB
2026/09/22 05:06:05.221, 1981575, GPU-c19b526a-dfb9-68a7-ae04-b68c870482af, 1278 MiB
2026/09/22 05:06:05.221, 1985001, GPU-c19b526a-dfb9-68a7-ae04-b68c870482af, 1278 MiB
2026/09/22 05:06:05.221, 1985175, GPU-c19b526a-dfb9-68a7-ae04-b68c870482af, 1278 MiB
2026/09/22 05:06:05.221, 1985388, GPU-c19b526a-dfb9-68a7-ae04-b68c870482af, 1278 MiB
2026/09/22 05:06:05.221, 1996354, GPU-c19b526a-dfb9-68a7-ae04-b68c870482af, 1278 MiB
2026/09/22 05:06:05.221, 1996517, GPU-c19b526a-dfb9-68a7-ae04-b68c870482af, 1278 MiB
2026/09/22 05:06:06.222, 1844380, GPU-833bd1d4-962a-a2a9-e8ee-3f18887d8a40, 69848 MiB
2026/09/22 05:06:06.222, 1852943, GPU-833bd1d4-962a-a2a9-e8ee-3f18887d8a40, 4728 MiB
2026/09/22 05:06:06.232, 902823, GPU-5014660a-ded1-5f90-339b-0e5f9738f416, 774 MiB
2026/09/22 05:06:06.232, 917655, GPU-5014660a-ded1-5f90-339b-0e5f9738f416, 75012 MiB
2026/09/22 05:06:06.239, 1844382, GPU-d70c11ba-69d2-8984-e060-d1284dbbf2e3, 69848 MiB
2026/09/22 05:06:06.239, 1852943, GPU-d70c11ba-69d2-8984-e060-d1284dbbf2e3, 4728 MiB
2026/09/22 05:06:06.253, 137936, GPU-ae2bc357-9c9d-ff3d-c235-bf7e8de8e94c, 1278 MiB
2026/09/22 05:06:06.253, 137983, GPU-ae2bc357-9c9d-ff3d-c235-bf7e8de8e94c, 938 MiB
2026/09/22 05:06:06.253, 138213, GPU-ae2bc357-9c9d-ff3d-c235-bf7e8de8e94c, 938 MiB
2026/09/22 05:06:06.253, 138331, GPU-ae2bc357-9c9d-ff3d-c235-bf7e8de8e94c, 938 MiB
2026/09/22 05:06:06.253, 138526, GPU-ae2bc357-9c9d-ff3d-c235-bf7e8de8e94c, 938 MiB
2026/09/22 05:06:06.253, 138832, GPU-ae2bc357-9c9d-ff3d-c235-bf7e8de8e94c, 1306 MiB
2026/09/22 05:06:06.253, 1827563, GPU-ae2bc357-9c9d-ff3d-c235-bf7e8de8e94c, 1306 MiB
2026/09/22 05:06:06.253, 1827662, GPU-ae2bc357-9c9d-ff3d-c235-bf7e8de8e94c, 1306 MiB
2026/09/22 05:06:06.260, 907585, GPU-eeb7d960-135d-5f5e-859f-f7f5efb7136d, 774 MiB
2026/09/22 05:06:06.260, 987850, GPU-eeb7d960-135d-5f5e-859f-f7f5efb7136d, 73700 MiB
2026/09/22 05:06:06.265, 1209359, GPU-d6d9222c-9b57-3843-4d93-d2a40b30ad2b, 49386 MiB
2026/09/22 05:06:06.267, 1981187, GPU-c19b526a-dfb9-68a7-ae04-b68c870482af, 1306 MiB
2026/09/22 05:06:06.267, 1981575, GPU-c19b526a-dfb9-68a7-ae04-b68c870482af, 1278 MiB
2026/09/22 05:06:06.267, 1985001, GPU-c19b526a-dfb9-68a7-ae04-b68c870482af, 1278 MiB
2026/09/22 05:06:06.267, 1985175, GPU-c19b526a-dfb9-68a7-ae04-b68c870482af, 1278 MiB
2026/09/22 05:06:06.267, 1985388, GPU-c19b526a-dfb9-68a7-ae04-b68c870482af, 1278 MiB
2026/09/22 05:06:06.267, 1996354, GPU-c19b526a-dfb9-68a7-ae04-b68c870482af, 1278 MiB
2026/09/22 05:06:06.267, 1996517, GPU-c19b526a-dfb9-68a7-ae04-b68c870482af, 1278 MiB
2026/09/22 05:06:07.269, 1844380, GPU-833bd1d4-962a-a2a9-e8ee-3f18887d8a40, 69848 MiB
2026/09/22 05:06:07.269, 1852943, GPU-833bd1d4-962a-a2a9-e8ee-3f18887d8a40, 4728 MiB
2026/09/22 05:06:07.271, 902823, GPU-5014660a-ded1-5f90-339b-0e5f9738f416, 774 MiB
2026/09/22 05:06:07.271, 917655, GPU-5014660a-ded1-5f90-339b-0e5f9738f416, 75012 MiB
2026/09/22 05:06:07.271, 1844382, GPU-d70c11ba-69d2-8984-e060-d1284dbbf2e3, 69848 MiB
2026/09/22 05:06:07.271, 1852943, GPU-d70c11ba-69d2-8984-e060-d1284dbbf2e3, 4728 MiB
2026/09/22 05:06:07.272, 137936, GPU-ae2bc357-9c9d-ff3d-c235-bf7e8de8e94c, 1278 MiB
2026/09/22 05:06:07.272, 137983, GPU-ae2bc357-9c9d-ff3d-c235-bf7e8de8e94c, 938 MiB
2026/09/22 05:06:07.272, 138213, GPU-ae2bc357-9c9d-ff3d-c235-bf7e8de8e94c, 938 MiB
2026/09/22 05:06:07.272, 138331, GPU-ae2bc357-9c9d-ff3d-c235-bf7e8de8e94c, 938 MiB
2026/09/22 05:06:07.272, 138526, GPU-ae2bc357-9c9d-ff3d-c235-bf7e8de8e94c, 938 MiB
2026/09/22 05:06:07.272, 138832, GPU-ae2bc357-9c9d-ff3d-c235-bf7e8de8e94c, 1306 MiB
2026/09/22 05:06:07.272, 1827563, GPU-ae2bc357-9c9d-ff3d-c235-bf7e8de8e94c, 1306 MiB
2026/09/22 05:06:07.272, 1827662, GPU-ae2bc357-9c9d-ff3d-c235-bf7e8de8e94c, 1306 MiB
2026/09/22 05:06:07.273, 907585, GPU-eeb7d960-135d-5f5e-859f-f7f5efb7136d, 774 MiB
2026/09/22 05:06:07.273, 987850, GPU-eeb7d960-135d-5f5e-859f-f7f5efb7136d, 73700 MiB
2026/09/22 05:06:07.274, 1209359, GPU-d6d9222c-9b57-3843-4d93-d2a40b30ad2b, 49386 MiB
2026/09/22 05:06:07.274, 1981187, GPU-c19b526a-dfb9-68a7-ae04-b68c870482af, 1306 MiB
2026/09/22 05:06:07.274, 1981575, GPU-c19b526a-dfb9-68a7-ae04-b68c870482af, 1278 MiB
2026/09/22 05:06:07.274, 1985001, GPU-c19b526a-dfb9-68a7-ae04-b68c870482af, 1278 MiB
2026/09/22 05:06:07.274, 1985175, GPU-c19b526a-dfb9-68a7-ae04-b68c870482af, 1278 MiB
2026/09/22 05:06:07.274, 1985388, GPU-c19b526a-dfb9-68a7-ae04-b68c870482af, 1278 MiB
2026/09/22 05:06:07.274, 1996354, GPU-c19b526a-dfb9-68a7-ae04-b68c870482af, 1278 MiB
2026/09/22 05:06:07.274, 1996517, GPU-c19b526a-dfb9-68a7-ae04-b68c870482af, 1278 MiB
2026/09/22 05:06:08.275, 1844380, GPU-833bd1d4-962a-a2a9-e8ee-3f18887d8a40, 69848 MiB
2026/09/22 05:06:08.275, 1852943, GPU-833bd1d4-962a-a2a9-e8ee-3f18887d8a40, 4728 MiB
2026/09/22 05:06:08.277, 902823, GPU-5014660a-ded1-5f90-339b-0e5f9738f416, 774 MiB
2026/09/22 05:06:08.277, 917655, GPU-5014660a-ded1-5f90-339b-0e5f9738f416, 75012 MiB
2026/09/22 05:06:08.278, 1844382, GPU-d70c11ba-69d2-8984-e060-d1284dbbf2e3, 69848 MiB
2026/09/22 05:06:08.278, 1852943, GPU-d70c11ba-69d2-8984-e060-d1284dbbf2e3, 4728 MiB
2026/09/22 05:06:08.287, 137936, GPU-ae2bc357-9c9d-ff3d-c235-bf7e8de8e94c, 1278 MiB
2026/09/22 05:06:08.287, 137983, GPU-ae2bc357-9c9d-ff3d-c235-bf7e8de8e94c, 938 MiB
2026/09/22 05:06:08.287, 138213, GPU-ae2bc357-9c9d-ff3d-c235-bf7e8de8e94c, 938 MiB
2026/09/22 05:06:08.287, 138331, GPU-ae2bc357-9c9d-ff3d-c235-bf7e8de8e94c, 938 MiB
2026/09/22 05:06:08.287, 138526, GPU-ae2bc357-9c9d-ff3d-c235-bf7e8de8e94c, 938 MiB
2026/09/22 05:06:08.287, 138832, GPU-ae2bc357-9c9d-ff3d-c235-bf7e8de8e94c, 1306 MiB
2026/09/22 05:06:08.287, 1827563, GPU-ae2bc357-9c9d-ff3d-c235-bf7e8de8e94c, 1306 MiB
2026/09/22 05:06:08.287, 1827662, GPU-ae2bc357-9c9d-ff3d-c235-bf7e8de8e94c, 1306 MiB
2026/09/22 05:06:08.294, 907585, GPU-eeb7d960-135d-5f5e-859f-f7f5efb7136d, 774 MiB
2026/09/22 05:06:08.294, 987850, GPU-eeb7d960-135d-5f5e-859f-f7f5efb7136d, 73700 MiB
2026/09/22 05:06:08.304, 1209359, GPU-d6d9222c-9b57-3843-4d93-d2a40b30ad2b, 49386 MiB
2026/09/22 05:06:08.306, 1981187, GPU-c19b526a-dfb9-68a7-ae04-b68c870482af, 1306 MiB
2026/09/22 05:06:08.306, 1981575, GPU-c19b526a-dfb9-68a7-ae04-b68c870482af, 1278 MiB
2026/09/22 05:06:08.306, 1985001, GPU-c19b526a-dfb9-68a7-ae04-b68c870482af, 1278 MiB
2026/09/22 05:06:08.306, 1985175, GPU-c19b526a-dfb9-68a7-ae04-b68c870482af, 1278 MiB
2026/09/22 05:06:08.306, 1985388, GPU-c19b526a-dfb9-68a7-ae04-b68c870482af, 1278 MiB
2026/09/22 05:06:08.306, 1996354, GPU-c19b526a-dfb9-68a7-ae04-b68c870482af, 1278 MiB
2026/09/22 05:06:08.306, 1996517, GPU-c19b526a-dfb9-68a7-ae04-b68c870482af, 1278 MiB
2026/09/22 05:06:09.316, 1844380, GPU-833bd1d4-962a-a2a9-e8ee-3f18887d8a40, 69848 MiB
2026/09/22 05:06:09.316, 1852943, GPU-833bd1d4-962a-a2a9-e8ee-3f18887d8a40, 4728 MiB
2026/09/22 05:06:09.317, 902823, GPU-5014660a-ded1-5f90-339b-0e5f9738f416, 774 MiB
2026/09/22 05:06:09.317, 917655, GPU-5014660a-ded1-5f90-339b-0e5f9738f416, 75012 MiB
2026/09/22 05:06:09.318, 1844382, GPU-d70c11ba-69d2-8984-e060-d1284dbbf2e3, 69848 MiB
2026/09/22 05:06:09.318, 1852943, GPU-d70c11ba-69d2-8984-e060-d1284dbbf2e3, 4728 MiB
2026/09/22 05:06:09.319, 137936, GPU-ae2bc357-9c9d-ff3d-c235-bf7e8de8e94c, 1278 MiB
2026/09/22 05:06:09.319, 137983, GPU-ae2bc357-9c9d-ff3d-c235-bf7e8de8e94c, 938 MiB
2026/09/22 05:06:09.319, 138213, GPU-ae2bc357-9c9d-ff3d-c235-bf7e8de8e94c, 938 MiB
2026/09/22 05:06:09.319, 138331, GPU-ae2bc357-9c9d-ff3d-c235-bf7e8de8e94c, 938 MiB
2026/09/22 05:06:09.319, 138526, GPU-ae2bc357-9c9d-ff3d-c235-bf7e8de8e94c, 938 MiB
2026/09/22 05:06:09.319, 138832, GPU-ae2bc357-9c9d-ff3d-c235-bf7e8de8e94c, 1306 MiB
2026/09/22 05:06:09.319, 1827563, GPU-ae2bc357-9c9d-ff3d-c235-bf7e8de8e94c, 1306 MiB
2026/09/22 05:06:09.319, 1827662, GPU-ae2bc357-9c9d-ff3d-c235-bf7e8de8e94c, 1306 MiB
2026/09/22 05:06:09.320, 907585, GPU-eeb7d960-135d-5f5e-859f-f7f5efb7136d, 774 MiB
2026/09/22 05:06:09.320, 987850, GPU-eeb7d960-135d-5f5e-859f-f7f5efb7136d, 73700 MiB
2026/09/22 05:06:09.321, 1209359, GPU-d6d9222c-9b57-3843-4d93-d2a40b30ad2b, 49386 MiB
2026/09/22 05:06:09.321, 1981187, GPU-c19b526a-dfb9-68a7-ae04-b68c870482af, 1306 MiB
2026/09/22 05:06:09.321, 1981575, GPU-c19b526a-dfb9-68a7-ae04-b68c870482af, 1278 MiB
2026/09/22 05:06:09.321, 1985001, GPU-c19b526a-dfb9-68a7-ae04-b68c870482af, 1278 MiB
2026/09/22 05:06:09.321, 1985175, GPU-c19b526a-dfb9-68a7-ae04-b68c870482af, 1278 MiB
2026/09/22 05:06:09.321, 1985388, GPU-c19b526a-dfb9-68a7-ae04-b68c870482af, 1278 MiB
2026/09/22 05:06:09.321, 1996354, GPU-c19b526a-dfb9-68a7-ae04-b68c870482af, 1278 MiB
2026/09/22 05:06:09.321, 1996517, GPU-c19b526a-dfb9-68a7-ae04-b68c870482af, 1278 MiB
2026/09/22 05:06:10.322, 1844380, GPU-833bd1d4-962a-a2a9-e8ee-3f18887d8a40, 69848 MiB
2026/09/22 05:06:10.322, 1852943, GPU-833bd1d4-962a-a2a9-e8ee-3f18887d8a40, 4728 MiB
2026/09/22 05:06:10.324, 902823, GPU-5014660a-ded1-5f90-339b-0e5f9738f416, 774 MiB
2026/09/22 05:06:10.324, 917655, GPU-5014660a-ded1-5f90-339b-0e5f9738f416, 75012 MiB
2026/09/22 05:06:10.326, 1844382, GPU-d70c11ba-69d2-8984-e060-d1284dbbf2e3, 69848 MiB
2026/09/22 05:06:10.326, 1852943, GPU-d70c11ba-69d2-8984-e060-d1284dbbf2e3, 4728 MiB
2026/09/22 05:06:10.330, 137936, GPU-ae2bc357-9c9d-ff3d-c235-bf7e8de8e94c, 1278 MiB
2026/09/22 05:06:10.330, 137983, GPU-ae2bc357-9c9d-ff3d-c235-bf7e8de8e94c, 938 MiB
2026/09/22 05:06:10.330, 138213, GPU-ae2bc357-9c9d-ff3d-c235-bf7e8de8e94c, 938 MiB
2026/09/22 05:06:10.330, 138331, GPU-ae2bc357-9c9d-ff3d-c235-bf7e8de8e94c, 938 MiB
2026/09/22 05:06:10.330, 138526, GPU-ae2bc357-9c9d-ff3d-c235-bf7e8de8e94c, 938 MiB
2026/09/22 05:06:10.330, 138832, GPU-ae2bc357-9c9d-ff3d-c235-bf7e8de8e94c, 1306 MiB
2026/09/22 05:06:10.330, 1827563, GPU-ae2bc357-9c9d-ff3d-c235-bf7e8de8e94c, 1306 MiB
2026/09/22 05:06:10.330, 1827662, GPU-ae2bc357-9c9d-ff3d-c235-bf7e8de8e94c, 1306 MiB
2026/09/22 05:06:10.331, 907585, GPU-eeb7d960-135d-5f5e-859f-f7f5efb7136d, 774 MiB
2026/09/22 05:06:10.331, 987850, GPU-eeb7d960-135d-5f5e-859f-f7f5efb7136d, 73700 MiB
2026/09/22 05:06:10.332, 1209359, GPU-d6d9222c-9b57-3843-4d93-d2a40b30ad2b, 49386 MiB
2026/09/22 05:06:10.332, 1981187, GPU-c19b526a-dfb9-68a7-ae04-b68c870482af, 1306 MiB
2026/09/22 05:06:10.332, 1981575, GPU-c19b526a-dfb9-68a7-ae04-b68c870482af, 1278 MiB
2026/09/22 05:06:10.332, 1985001, GPU-c19b526a-dfb9-68a7-ae04-b68c870482af, 1278 MiB
2026/09/22 05:06:10.332, 1985175, GPU-c19b526a-dfb9-68a7-ae04-b68c870482af, 1278 MiB
2026/09/22 05:06:10.332, 1985388, GPU-c19b526a-dfb9-68a7-ae04-b68c870482af, 1278 MiB
2026/09/22 05:06:10.332, 1996354, GPU-c19b526a-dfb9-68a7-ae04-b68c870482af, 1278 MiB
2026/09/22 05:06:10.332, 1996517, GPU-c19b526a-dfb9-68a7-ae04-b68c870482af, 1278 MiB
2026/09/22 05:06:11.334, 1844380, GPU-833bd1d4-962a-a2a9-e8ee-3f18887d8a40, 69848 MiB
2026/09/22 05:06:11.334, 1852943, GPU-833bd1d4-962a-a2a9-e8ee-3f18887d8a40, 4728 MiB
2026/09/22 05:06:11.335, 902823, GPU-5014660a-ded1-5f90-339b-0e5f9738f416, 774 MiB
2026/09/22 05:06:11.335, 917655, GPU-5014660a-ded1-5f90-339b-0e5f9738f416, 75012 MiB
2026/09/22 05:06:11.336, 1844382, GPU-d70c11ba-69d2-8984-e060-d1284dbbf2e3, 69848 MiB
2026/09/22 05:06:11.336, 1852943, GPU-d70c11ba-69d2-8984-e060-d1284dbbf2e3, 4728 MiB
2026/09/22 05:06:11.337, 137936, GPU-ae2bc357-9c9d-ff3d-c235-bf7e8de8e94c, 1278 MiB
2026/09/22 05:06:11.337, 137983, GPU-ae2bc357-9c9d-ff3d-c235-bf7e8de8e94c, 938 MiB
2026/09/22 05:06:11.337, 138213, GPU-ae2bc357-9c9d-ff3d-c235-bf7e8de8e94c, 938 MiB
2026/09/22 05:06:11.337, 138331, GPU-ae2bc357-9c9d-ff3d-c235-bf7e8de8e94c, 938 MiB
2026/09/22 05:06:11.337, 138526, GPU-ae2bc357-9c9d-ff3d-c235-bf7e8de8e94c, 938 MiB
2026/09/22 05:06:11.337, 138832, GPU-ae2bc357-9c9d-ff3d-c235-bf7e8de8e94c, 1306 MiB
2026/09/22 05:06:11.337, 1827563, GPU-ae2bc357-9c9d-ff3d-c235-bf7e8de8e94c, 1306 MiB
2026/09/22 05:06:11.337, 1827662, GPU-ae2bc357-9c9d-ff3d-c235-bf7e8de8e94c, 1306 MiB
2026/09/22 05:06:11.338, 907585, GPU-eeb7d960-135d-5f5e-859f-f7f5efb7136d, 774 MiB
2026/09/22 05:06:11.338, 987850, GPU-eeb7d960-135d-5f5e-859f-f7f5efb7136d, 73700 MiB
2026/09/22 05:06:11.338, 1209359, GPU-d6d9222c-9b57-3843-4d93-d2a40b30ad2b, 49386 MiB
2026/09/22 05:06:11.339, 1981187, GPU-c19b526a-dfb9-68a7-ae04-b68c870482af, 1306 MiB
2026/09/22 05:06:11.339, 1981575, GPU-c19b526a-dfb9-68a7-ae04-b68c870482af, 1278 MiB
2026/09/22 05:06:11.339, 1985001, GPU-c19b526a-dfb9-68a7-ae04-b68c870482af, 1278 MiB
2026/09/22 05:06:11.339, 1985175, GPU-c19b526a-dfb9-68a7-ae04-b68c870482af, 1278 MiB
2026/09/22 05:06:11.339, 1985388, GPU-c19b526a-dfb9-68a7-ae04-b68c870482af, 1278 MiB
2026/09/22 05:06:11.339, 1996354, GPU-c19b526a-dfb9-68a7-ae04-b68c870482af, 1278 MiB
2026/09/22 05:06:11.339, 1996517, GPU-c19b526a-dfb9-68a7-ae04-b68c870482af, 1278 MiB
2026/09/22 05:06:12.340, 1844380, GPU-833bd1d4-962a-a2a9-e8ee-3f18887d8a40, 69848 MiB
2026/09/22 05:06:12.340, 1852943, GPU-833bd1d4-962a-a2a9-e8ee-3f18887d8a40, 4728 MiB
2026/09/22 05:06:12.341, 902823, GPU-5014660a-ded1-5f90-339b-0e5f9738f416, 774 MiB
2026/09/22 05:06:12.341, 917655, GPU-5014660a-ded1-5f90-339b-0e5f9738f416, 75012 MiB
2026/09/22 05:06:12.342, 1844382, GPU-d70c11ba-69d2-8984-e060-d1284dbbf2e3, 69848 MiB
2026/09/22 05:06:12.342, 1852943, GPU-d70c11ba-69d2-8984-e060-d1284dbbf2e3, 4728 MiB
2026/09/22 05:06:12.343, 137936, GPU-ae2bc357-9c9d-ff3d-c235-bf7e8de8e94c, 1278 MiB
2026/09/22 05:06:12.343, 137983, GPU-ae2bc357-9c9d-ff3d-c235-bf7e8de8e94c, 938 MiB
2026/09/22 05:06:12.343, 138213, GPU-ae2bc357-9c9d-ff3d-c235-bf7e8de8e94c, 938 MiB
2026/09/22 05:06:12.343, 138331, GPU-ae2bc357-9c9d-ff3d-c235-bf7e8de8e94c, 938 MiB
2026/09/22 05:06:12.343, 138526, GPU-ae2bc357-9c9d-ff3d-c235-bf7e8de8e94c, 938 MiB
2026/09/22 05:06:12.343, 138832, GPU-ae2bc357-9c9d-ff3d-c235-bf7e8de8e94c, 1306 MiB
2026/09/22 05:06:12.343, 1827563, GPU-ae2bc357-9c9d-ff3d-c235-bf7e8de8e94c, 1306 MiB
2026/09/22 05:06:12.343, 1827662, GPU-ae2bc357-9c9d-ff3d-c235-bf7e8de8e94c, 1306 MiB
2026/09/22 05:06:12.343, 907585, GPU-eeb7d960-135d-5f5e-859f-f7f5efb7136d, 774 MiB
2026/09/22 05:06:12.343, 987850, GPU-eeb7d960-135d-5f5e-859f-f7f5efb7136d, 73700 MiB
2026/09/22 05:06:12.344, 1209359, GPU-d6d9222c-9b57-3843-4d93-d2a40b30ad2b, 49386 MiB
2026/09/22 05:06:12.344, 1981187, GPU-c19b526a-dfb9-68a7-ae04-b68c870482af, 1306 MiB
2026/09/22 05:06:12.344, 1981575, GPU-c19b526a-dfb9-68a7-ae04-b68c870482af, 1278 MiB
2026/09/22 05:06:12.344, 1985001, GPU-c19b526a-dfb9-68a7-ae04-b68c870482af, 1278 MiB
2026/09/22 05:06:12.344, 1985175, GPU-c19b526a-dfb9-68a7-ae04-b68c870482af, 1278 MiB
2026/09/22 05:06:12.344, 1985388, GPU-c19b526a-dfb9-68a7-ae04-b68c870482af, 1278 MiB
2026/09/22 05:06:12.344, 1996354, GPU-c19b526a-dfb9-68a7-ae04-b68c870482af, 1278 MiB
2026/09/22 05:06:12.344, 1996517, GPU-c19b526a-dfb9-68a7-ae04-b68c870482af, 1278 MiB
2026/09/22 05:06:13.345, 1844380, GPU-833bd1d4-962a-a2a9-e8ee-3f18887d8a40, 69848 MiB
2026/09/22 05:06:13.345, 1852943, GPU-833bd1d4-962a-a2a9-e8ee-3f18887d8a40, 4728 MiB
2026/09/22 05:06:13.349, 902823, GPU-5014660a-ded1-5f90-339b-0e5f9738f416, 774 MiB
2026/09/22 05:06:13.349, 917655, GPU-5014660a-ded1-5f90-339b-0e5f9738f416, 75012 MiB
2026/09/22 05:06:13.350, 1844382, GPU-d70c11ba-69d2-8984-e060-d1284dbbf2e3, 69848 MiB
2026/09/22 05:06:13.350, 1852943, GPU-d70c11ba-69d2-8984-e060-d1284dbbf2e3, 4728 MiB
2026/09/22 05:06:13.354, 137936, GPU-ae2bc357-9c9d-ff3d-c235-bf7e8de8e94c, 1278 MiB
2026/09/22 05:06:13.354, 137983, GPU-ae2bc357-9c9d-ff3d-c235-bf7e8de8e94c, 938 MiB
2026/09/22 05:06:13.354, 138213, GPU-ae2bc357-9c9d-ff3d-c235-bf7e8de8e94c, 938 MiB
2026/09/22 05:06:13.354, 138331, GPU-ae2bc357-9c9d-ff3d-c235-bf7e8de8e94c, 938 MiB
2026/09/22 05:06:13.354, 138526, GPU-ae2bc357-9c9d-ff3d-c235-bf7e8de8e94c, 938 MiB
2026/09/22 05:06:13.354, 138832, GPU-ae2bc357-9c9d-ff3d-c235-bf7e8de8e94c, 1306 MiB
2026/09/22 05:06:13.354, 1827563, GPU-ae2bc357-9c9d-ff3d-c235-bf7e8de8e94c, 1306 MiB
2026/09/22 05:06:13.354, 1827662, GPU-ae2bc357-9c9d-ff3d-c235-bf7e8de8e94c, 1306 MiB
2026/09/22 05:06:13.357, 907585, GPU-eeb7d960-135d-5f5e-859f-f7f5efb7136d, 774 MiB
2026/09/22 05:06:13.357, 987850, GPU-eeb7d960-135d-5f5e-859f-f7f5efb7136d, 73700 MiB
2026/09/22 05:06:13.357, 1209359, GPU-d6d9222c-9b57-3843-4d93-d2a40b30ad2b, 49386 MiB
2026/09/22 05:06:13.357, 1981187, GPU-c19b526a-dfb9-68a7-ae04-b68c870482af, 1306 MiB
2026/09/22 05:06:13.357, 1981575, GPU-c19b526a-dfb9-68a7-ae04-b68c870482af, 1278 MiB
2026/09/22 05:06:13.357, 1985001, GPU-c19b526a-dfb9-68a7-ae04-b68c870482af, 1278 MiB
2026/09/22 05:06:13.357, 1985175, GPU-c19b526a-dfb9-68a7-ae04-b68c870482af, 1278 MiB
2026/09/22 05:06:13.357, 1985388, GPU-c19b526a-dfb9-68a7-ae04-b68c870482af, 1278 MiB
2026/09/22 05:06:13.357, 1996354, GPU-c19b526a-dfb9-68a7-ae04-b68c870482af, 1278 MiB
2026/09/22 05:06:13.357, 1996517, GPU-c19b526a-dfb9-68a7-ae04-b68c870482af, 1278 MiB
2026/09/22 05:06:14.358, 1844380, GPU-833bd1d4-962a-a2a9-e8ee-3f18887d8a40, 69848 MiB
2026/09/22 05:06:14.358, 1852943, GPU-833bd1d4-962a-a2a9-e8ee-3f18887d8a40, 4728 MiB
2026/09/22 05:06:14.416, 902823, GPU-5014660a-ded1-5f90-339b-0e5f9738f416, 774 MiB
2026/09/22 05:06:14.416, 917655, GPU-5014660a-ded1-5f90-339b-0e5f9738f416, 75012 MiB
2026/09/22 05:06:14.418, 1844382, GPU-d70c11ba-69d2-8984-e060-d1284dbbf2e3, 69848 MiB
2026/09/22 05:06:14.418, 1852943, GPU-d70c11ba-69d2-8984-e060-d1284dbbf2e3, 4728 MiB
2026/09/22 05:06:14.421, 137936, GPU-ae2bc357-9c9d-ff3d-c235-bf7e8de8e94c, 1278 MiB
2026/09/22 05:06:14.421, 137983, GPU-ae2bc357-9c9d-ff3d-c235-bf7e8de8e94c, 938 MiB
2026/09/22 05:06:14.421, 138213, GPU-ae2bc357-9c9d-ff3d-c235-bf7e8de8e94c, 938 MiB
2026/09/22 05:06:14.421, 138331, GPU-ae2bc357-9c9d-ff3d-c235-bf7e8de8e94c, 938 MiB
2026/09/22 05:06:14.421, 138526, GPU-ae2bc357-9c9d-ff3d-c235-bf7e8de8e94c, 938 MiB
2026/09/22 05:06:14.421, 138832, GPU-ae2bc357-9c9d-ff3d-c235-bf7e8de8e94c, 1306 MiB
2026/09/22 05:06:14.421, 1827563, GPU-ae2bc357-9c9d-ff3d-c235-bf7e8de8e94c, 1306 MiB
2026/09/22 05:06:14.421, 1827662, GPU-ae2bc357-9c9d-ff3d-c235-bf7e8de8e94c, 1306 MiB
2026/09/22 05:06:14.424, 907585, GPU-eeb7d960-135d-5f5e-859f-f7f5efb7136d, 774 MiB
2026/09/22 05:06:14.424, 987850, GPU-eeb7d960-135d-5f5e-859f-f7f5efb7136d, 73700 MiB
2026/09/22 05:06:14.425, 1209359, GPU-d6d9222c-9b57-3843-4d93-d2a40b30ad2b, 49386 MiB
2026/09/22 05:06:14.426, 1981187, GPU-c19b526a-dfb9-68a7-ae04-b68c870482af, 1306 MiB
2026/09/22 05:06:14.426, 1981575, GPU-c19b526a-dfb9-68a7-ae04-b68c870482af, 1278 MiB
2026/09/22 05:06:14.426, 1985001, GPU-c19b526a-dfb9-68a7-ae04-b68c870482af, 1278 MiB
2026/09/22 05:06:14.426, 1985175, GPU-c19b526a-dfb9-68a7-ae04-b68c870482af, 1278 MiB
2026/09/22 05:06:14.426, 1985388, GPU-c19b526a-dfb9-68a7-ae04-b68c870482af, 1278 MiB
2026/09/22 05:06:14.426, 1996354, GPU-c19b526a-dfb9-68a7-ae04-b68c870482af, 1278 MiB
2026/09/22 05:06:14.426, 1996517, GPU-c19b526a-dfb9-68a7-ae04-b68c870482af, 1278 MiB
2026/09/22 05:06:15.427, 1844380, GPU-833bd1d4-962a-a2a9-e8ee-3f18887d8a40, 69848 MiB
2026/09/22 05:06:15.427, 1852943, GPU-833bd1d4-962a-a2a9-e8ee-3f18887d8a40, 4728 MiB
2026/09/22 05:06:15.429, 902823, GPU-5014660a-ded1-5f90-339b-0e5f9738f416, 774 MiB
2026/09/22 05:06:15.429, 917655, GPU-5014660a-ded1-5f90-339b-0e5f9738f416, 75012 MiB
2026/09/22 05:06:15.430, 1844382, GPU-d70c11ba-69d2-8984-e060-d1284dbbf2e3, 69848 MiB
2026/09/22 05:06:15.430, 1852943, GPU-d70c11ba-69d2-8984-e060-d1284dbbf2e3, 4728 MiB
2026/09/22 05:06:15.431, 137936, GPU-ae2bc357-9c9d-ff3d-c235-bf7e8de8e94c, 1278 MiB
2026/09/22 05:06:15.431, 137983, GPU-ae2bc357-9c9d-ff3d-c235-bf7e8de8e94c, 938 MiB
2026/09/22 05:06:15.431, 138213, GPU-ae2bc357-9c9d-ff3d-c235-bf7e8de8e94c, 938 MiB
2026/09/22 05:06:15.431, 138331, GPU-ae2bc357-9c9d-ff3d-c235-bf7e8de8e94c, 938 MiB
2026/09/22 05:06:15.431, 138526, GPU-ae2bc357-9c9d-ff3d-c235-bf7e8de8e94c, 938 MiB
2026/09/22 05:06:15.431, 138832, GPU-ae2bc357-9c9d-ff3d-c235-bf7e8de8e94c, 1306 MiB
2026/09/22 05:06:15.431, 1827563, GPU-ae2bc357-9c9d-ff3d-c235-bf7e8de8e94c, 1306 MiB
2026/09/22 05:06:15.431, 1827662, GPU-ae2bc357-9c9d-ff3d-c235-bf7e8de8e94c, 1306 MiB
2026/09/22 05:06:15.432, 907585, GPU-eeb7d960-135d-5f5e-859f-f7f5efb7136d, 774 MiB
2026/09/22 05:06:15.432, 987850, GPU-eeb7d960-135d-5f5e-859f-f7f5efb7136d, 73700 MiB
2026/09/22 05:06:15.432, 1209359, GPU-d6d9222c-9b57-3843-4d93-d2a40b30ad2b, 49386 MiB
2026/09/22 05:06:15.432, 1981187, GPU-c19b526a-dfb9-68a7-ae04-b68c870482af, 1306 MiB
2026/09/22 05:06:15.432, 1981575, GPU-c19b526a-dfb9-68a7-ae04-b68c870482af, 1278 MiB
2026/09/22 05:06:15.432, 1985001, GPU-c19b526a-dfb9-68a7-ae04-b68c870482af, 1278 MiB
2026/09/22 05:06:15.432, 1985175, GPU-c19b526a-dfb9-68a7-ae04-b68c870482af, 1278 MiB
2026/09/22 05:06:15.432, 1985388, GPU-c19b526a-dfb9-68a7-ae04-b68c870482af, 1278 MiB
2026/09/22 05:06:15.432, 1996354, GPU-c19b526a-dfb9-68a7-ae04-b68c870482af, 1278 MiB
2026/09/22 05:06:15.432, 1996517, GPU-c19b526a-dfb9-68a7-ae04-b68c870482af, 1278 MiB
2026/09/22 05:06:16.433, 1844380, GPU-833bd1d4-962a-a2a9-e8ee-3f18887d8a40, 69848 MiB
2026/09/22 05:06:16.433, 1852943, GPU-833bd1d4-962a-a2a9-e8ee-3f18887d8a40, 4728 MiB
2026/09/22 05:06:16.436, 902823, GPU-5014660a-ded1-5f90-339b-0e5f9738f416, 774 MiB
2026/09/22 05:06:16.436, 917655, GPU-5014660a-ded1-5f90-339b-0e5f9738f416, 75012 MiB
2026/09/22 05:06:16.437, 1844382, GPU-d70c11ba-69d2-8984-e060-d1284dbbf2e3, 69848 MiB
2026/09/22 05:06:16.437, 1852943, GPU-d70c11ba-69d2-8984-e060-d1284dbbf2e3, 4728 MiB
2026/09/22 05:06:16.440, 137936, GPU-ae2bc357-9c9d-ff3d-c235-bf7e8de8e94c, 1278 MiB
2026/09/22 05:06:16.440, 137983, GPU-ae2bc357-9c9d-ff3d-c235-bf7e8de8e94c, 938 MiB
2026/09/22 05:06:16.440, 138213, GPU-ae2bc357-9c9d-ff3d-c235-bf7e8de8e94c, 938 MiB
2026/09/22 05:06:16.440, 138331, GPU-ae2bc357-9c9d-ff3d-c235-bf7e8de8e94c, 938 MiB
2026/09/22 05:06:16.440, 138526, GPU-ae2bc357-9c9d-ff3d-c235-bf7e8de8e94c, 938 MiB
2026/09/22 05:06:16.440, 138832, GPU-ae2bc357-9c9d-ff3d-c235-bf7e8de8e94c, 1306 MiB
2026/09/22 05:06:16.440, 1827563, GPU-ae2bc357-9c9d-ff3d-c235-bf7e8de8e94c, 1306 MiB
2026/09/22 05:06:16.440, 1827662, GPU-ae2bc357-9c9d-ff3d-c235-bf7e8de8e94c, 1306 MiB
2026/09/22 05:06:16.442, 907585, GPU-eeb7d960-135d-5f5e-859f-f7f5efb7136d, 774 MiB
2026/09/22 05:06:16.442, 987850, GPU-eeb7d960-135d-5f5e-859f-f7f5efb7136d, 73700 MiB
2026/09/22 05:06:16.444, 1209359, GPU-d6d9222c-9b57-3843-4d93-d2a40b30ad2b, 49386 MiB
2026/09/22 05:06:16.446, 1981187, GPU-c19b526a-dfb9-68a7-ae04-b68c870482af, 1306 MiB
2026/09/22 05:06:16.446, 1981575, GPU-c19b526a-dfb9-68a7-ae04-b68c870482af, 1278 MiB
2026/09/22 05:06:16.446, 1985001, GPU-c19b526a-dfb9-68a7-ae04-b68c870482af, 1278 MiB
2026/09/22 05:06:16.446, 1985175, GPU-c19b526a-dfb9-68a7-ae04-b68c870482af, 1278 MiB
2026/09/22 05:06:16.446, 1985388, GPU-c19b526a-dfb9-68a7-ae04-b68c870482af, 1278 MiB
2026/09/22 05:06:16.446, 1996354, GPU-c19b526a-dfb9-68a7-ae04-b68c870482af, 1278 MiB
2026/09/22 05:06:16.446, 1996517, GPU-c19b526a-dfb9-68a7-ae04-b68c870482af, 1278 MiB
2026/09/22 05:06:17.448, 1844380, GPU-833bd1d4-962a-a2a9-e8ee-3f18887d8a40, 69848 MiB
2026/09/22 05:06:17.448, 1852943, GPU-833bd1d4-962a-a2a9-e8ee-3f18887d8a40, 4728 MiB
2026/09/22 05:06:17.454, 902823, GPU-5014660a-ded1-5f90-339b-0e5f9738f416, 774 MiB
2026/09/22 05:06:17.454, 917655, GPU-5014660a-ded1-5f90-339b-0e5f9738f416, 75012 MiB
2026/09/22 05:06:17.454, 1844382, GPU-d70c11ba-69d2-8984-e060-d1284dbbf2e3, 69848 MiB
2026/09/22 05:06:17.454, 1852943, GPU-d70c11ba-69d2-8984-e060-d1284dbbf2e3, 4728 MiB
2026/09/22 05:06:17.457, 137936, GPU-ae2bc357-9c9d-ff3d-c235-bf7e8de8e94c, 1278 MiB
2026/09/22 05:06:17.457, 137983, GPU-ae2bc357-9c9d-ff3d-c235-bf7e8de8e94c, 938 MiB
2026/09/22 05:06:17.457, 138213, GPU-ae2bc357-9c9d-ff3d-c235-bf7e8de8e94c, 938 MiB
2026/09/22 05:06:17.457, 138331, GPU-ae2bc357-9c9d-ff3d-c235-bf7e8de8e94c, 938 MiB
2026/09/22 05:06:17.457, 138526, GPU-ae2bc357-9c9d-ff3d-c235-bf7e8de8e94c, 938 MiB
2026/09/22 05:06:17.457, 138832, GPU-ae2bc357-9c9d-ff3d-c235-bf7e8de8e94c, 1306 MiB
2026/09/22 05:06:17.457, 1827563, GPU-ae2bc357-9c9d-ff3d-c235-bf7e8de8e94c, 1306 MiB
2026/09/22 05:06:17.457, 1827662, GPU-ae2bc357-9c9d-ff3d-c235-bf7e8de8e94c, 1306 MiB
2026/09/22 05:06:17.459, 907585, GPU-eeb7d960-135d-5f5e-859f-f7f5efb7136d, 774 MiB
2026/09/22 05:06:17.459, 987850, GPU-eeb7d960-135d-5f5e-859f-f7f5efb7136d, 73700 MiB
2026/09/22 05:06:17.460, 1209359, GPU-d6d9222c-9b57-3843-4d93-d2a40b30ad2b, 49386 MiB
2026/09/22 05:06:17.460, 1981187, GPU-c19b526a-dfb9-68a7-ae04-b68c870482af, 1306 MiB
2026/09/22 05:06:17.460, 1981575, GPU-c19b526a-dfb9-68a7-ae04-b68c870482af, 1278 MiB
2026/09/22 05:06:17.460, 1985001, GPU-c19b526a-dfb9-68a7-ae04-b68c870482af, 1278 MiB
2026/09/22 05:06:17.460, 1985175, GPU-c19b526a-dfb9-68a7-ae04-b68c870482af, 1278 MiB
2026/09/22 05:06:17.460, 1985388, GPU-c19b526a-dfb9-68a7-ae04-b68c870482af, 1278 MiB
2026/09/22 05:06:17.460, 1996354, GPU-c19b526a-dfb9-68a7-ae04-b68c870482af, 1278 MiB
2026/09/22 05:06:17.460, 1996517, GPU-c19b526a-dfb9-68a7-ae04-b68c870482af, 1278 MiB
2026/09/22 05:06:18.461, 1844380, GPU-833bd1d4-962a-a2a9-e8ee-3f18887d8a40, 69848 MiB
2026/09/22 05:06:18.461, 1852943, GPU-833bd1d4-962a-a2a9-e8ee-3f18887d8a40, 4728 MiB
2026/09/22 05:06:18.463, 902823, GPU-5014660a-ded1-5f90-339b-0e5f9738f416, 774 MiB
2026/09/22 05:06:18.463, 917655, GPU-5014660a-ded1-5f90-339b-0e5f9738f416, 75012 MiB
2026/09/22 05:06:18.463, 1844382, GPU-d70c11ba-69d2-8984-e060-d1284dbbf2e3, 69848 MiB
2026/09/22 05:06:18.463, 1852943, GPU-d70c11ba-69d2-8984-e060-d1284dbbf2e3, 4728 MiB
2026/09/22 05:06:18.464, 137936, GPU-ae2bc357-9c9d-ff3d-c235-bf7e8de8e94c, 1278 MiB
2026/09/22 05:06:18.464, 137983, GPU-ae2bc357-9c9d-ff3d-c235-bf7e8de8e94c, 938 MiB
2026/09/22 05:06:18.464, 138213, GPU-ae2bc357-9c9d-ff3d-c235-bf7e8de8e94c, 938 MiB
2026/09/22 05:06:18.464, 138331, GPU-ae2bc357-9c9d-ff3d-c235-bf7e8de8e94c, 938 MiB
2026/09/22 05:06:18.464, 138526, GPU-ae2bc357-9c9d-ff3d-c235-bf7e8de8e94c, 938 MiB
2026/09/22 05:06:18.464, 138832, GPU-ae2bc357-9c9d-ff3d-c235-bf7e8de8e94c, 1306 MiB
2026/09/22 05:06:18.464, 1827563, GPU-ae2bc357-9c9d-ff3d-c235-bf7e8de8e94c, 1306 MiB
2026/09/22 05:06:18.464, 1827662, GPU-ae2bc357-9c9d-ff3d-c235-bf7e8de8e94c, 1306 MiB
2026/09/22 05:06:18.465, 907585, GPU-eeb7d960-135d-5f5e-859f-f7f5efb7136d, 774 MiB
2026/09/22 05:06:18.465, 987850, GPU-eeb7d960-135d-5f5e-859f-f7f5efb7136d, 73700 MiB
2026/09/22 05:06:18.466, 1209359, GPU-d6d9222c-9b57-3843-4d93-d2a40b30ad2b, 49386 MiB
2026/09/22 05:06:18.466, 1981187, GPU-c19b526a-dfb9-68a7-ae04-b68c870482af, 1306 MiB
2026/09/22 05:06:18.466, 1981575, GPU-c19b526a-dfb9-68a7-ae04-b68c870482af, 1278 MiB
2026/09/22 05:06:18.466, 1985001, GPU-c19b526a-dfb9-68a7-ae04-b68c870482af, 1278 MiB
2026/09/22 05:06:18.466, 1985175, GPU-c19b526a-dfb9-68a7-ae04-b68c870482af, 1278 MiB
2026/09/22 05:06:18.466, 1985388, GPU-c19b526a-dfb9-68a7-ae04-b68c870482af, 1278 MiB
2026/09/22 05:06:18.466, 1996354, GPU-c19b526a-dfb9-68a7-ae04-b68c870482af, 1278 MiB
2026/09/22 05:06:18.466, 1996517, GPU-c19b526a-dfb9-68a7-ae04-b68c870482af, 1278 MiB
2026/09/22 05:06:18.466, 1999242, GPU-c19b526a-dfb9-68a7-ae04-b68c870482af, 518 MiB
2026/09/22 05:06:19.467, 1844380, GPU-833bd1d4-962a-a2a9-e8ee-3f18887d8a40, 69848 MiB
2026/09/22 05:06:19.467, 1852943, GPU-833bd1d4-962a-a2a9-e8ee-3f18887d8a40, 4728 MiB
2026/09/22 05:06:19.476, 902823, GPU-5014660a-ded1-5f90-339b-0e5f9738f416, 774 MiB
2026/09/22 05:06:19.476, 917655, GPU-5014660a-ded1-5f90-339b-0e5f9738f416, 75012 MiB
2026/09/22 05:06:19.479, 1844382, GPU-d70c11ba-69d2-8984-e060-d1284dbbf2e3, 69848 MiB
2026/09/22 05:06:19.479, 1852943, GPU-d70c11ba-69d2-8984-e060-d1284dbbf2e3, 4728 MiB
2026/09/22 05:06:19.480, 137936, GPU-ae2bc357-9c9d-ff3d-c235-bf7e8de8e94c, 1278 MiB
2026/09/22 05:06:19.480, 137983, GPU-ae2bc357-9c9d-ff3d-c235-bf7e8de8e94c, 938 MiB
2026/09/22 05:06:19.480, 138213, GPU-ae2bc357-9c9d-ff3d-c235-bf7e8de8e94c, 938 MiB
2026/09/22 05:06:19.480, 138331, GPU-ae2bc357-9c9d-ff3d-c235-bf7e8de8e94c, 938 MiB
2026/09/22 05:06:19.480, 138526, GPU-ae2bc357-9c9d-ff3d-c235-bf7e8de8e94c, 938 MiB
2026/09/22 05:06:19.480, 138832, GPU-ae2bc357-9c9d-ff3d-c235-bf7e8de8e94c, 1306 MiB
2026/09/22 05:06:19.480, 1827563, GPU-ae2bc357-9c9d-ff3d-c235-bf7e8de8e94c, 1306 MiB
2026/09/22 05:06:19.480, 1827662, GPU-ae2bc357-9c9d-ff3d-c235-bf7e8de8e94c, 1306 MiB
2026/09/22 05:06:19.482, 907585, GPU-eeb7d960-135d-5f5e-859f-f7f5efb7136d, 774 MiB
2026/09/22 05:06:19.482, 987850, GPU-eeb7d960-135d-5f5e-859f-f7f5efb7136d, 73700 MiB
2026/09/22 05:06:19.483, 1209359, GPU-d6d9222c-9b57-3843-4d93-d2a40b30ad2b, 49386 MiB
2026/09/22 05:06:19.483, 1981187, GPU-c19b526a-dfb9-68a7-ae04-b68c870482af, 1306 MiB
2026/09/22 05:06:19.483, 1981575, GPU-c19b526a-dfb9-68a7-ae04-b68c870482af, 1278 MiB
2026/09/22 05:06:19.483, 1985001, GPU-c19b526a-dfb9-68a7-ae04-b68c870482af, 1278 MiB
2026/09/22 05:06:19.483, 1985175, GPU-c19b526a-dfb9-68a7-ae04-b68c870482af, 1278 MiB
2026/09/22 05:06:19.483, 1985388, GPU-c19b526a-dfb9-68a7-ae04-b68c870482af, 1278 MiB
2026/09/22 05:06:19.483, 1996354, GPU-c19b526a-dfb9-68a7-ae04-b68c870482af, 1278 MiB
2026/09/22 05:06:19.483, 1996517, GPU-c19b526a-dfb9-68a7-ae04-b68c870482af, 1278 MiB
2026/09/22 05:06:19.483, 1999242, GPU-c19b526a-dfb9-68a7-ae04-b68c870482af, 1278 MiB
2026/09/22 05:06:20.484, 1844380, GPU-833bd1d4-962a-a2a9-e8ee-3f18887d8a40, 69848 MiB
2026/09/22 05:06:20.484, 1852943, GPU-833bd1d4-962a-a2a9-e8ee-3f18887d8a40, 4728 MiB
2026/09/22 05:06:20.486, 902823, GPU-5014660a-ded1-5f90-339b-0e5f9738f416, 774 MiB
2026/09/22 05:06:20.486, 917655, GPU-5014660a-ded1-5f90-339b-0e5f9738f416, 75012 MiB
2026/09/22 05:06:20.486, 1844382, GPU-d70c11ba-69d2-8984-e060-d1284dbbf2e3, 69848 MiB
2026/09/22 05:06:20.486, 1852943, GPU-d70c11ba-69d2-8984-e060-d1284dbbf2e3, 4728 MiB
2026/09/22 05:06:20.487, 137936, GPU-ae2bc357-9c9d-ff3d-c235-bf7e8de8e94c, 1278 MiB
2026/09/22 05:06:20.487, 137983, GPU-ae2bc357-9c9d-ff3d-c235-bf7e8de8e94c, 938 MiB
2026/09/22 05:06:20.487, 138213, GPU-ae2bc357-9c9d-ff3d-c235-bf7e8de8e94c, 938 MiB
2026/09/22 05:06:20.487, 138331, GPU-ae2bc357-9c9d-ff3d-c235-bf7e8de8e94c, 938 MiB
2026/09/22 05:06:20.487, 138526, GPU-ae2bc357-9c9d-ff3d-c235-bf7e8de8e94c, 938 MiB
2026/09/22 05:06:20.487, 138832, GPU-ae2bc357-9c9d-ff3d-c235-bf7e8de8e94c, 1306 MiB
2026/09/22 05:06:20.487, 1827563, GPU-ae2bc357-9c9d-ff3d-c235-bf7e8de8e94c, 1306 MiB
2026/09/22 05:06:20.487, 1827662, GPU-ae2bc357-9c9d-ff3d-c235-bf7e8de8e94c, 1306 MiB
2026/09/22 05:06:20.489, 907585, GPU-eeb7d960-135d-5f5e-859f-f7f5efb7136d, 774 MiB
2026/09/22 05:06:20.489, 987850, GPU-eeb7d960-135d-5f5e-859f-f7f5efb7136d, 73700 MiB
2026/09/22 05:06:20.492, 1209359, GPU-d6d9222c-9b57-3843-4d93-d2a40b30ad2b, 49386 MiB
2026/09/22 05:06:20.493, 1981187, GPU-c19b526a-dfb9-68a7-ae04-b68c870482af, 1306 MiB
2026/09/22 05:06:20.493, 1981575, GPU-c19b526a-dfb9-68a7-ae04-b68c870482af, 1278 MiB
2026/09/22 05:06:20.493, 1985001, GPU-c19b526a-dfb9-68a7-ae04-b68c870482af, 1278 MiB
2026/09/22 05:06:20.493, 1985175, GPU-c19b526a-dfb9-68a7-ae04-b68c870482af, 1278 MiB
2026/09/22 05:06:20.493, 1985388, GPU-c19b526a-dfb9-68a7-ae04-b68c870482af, 1278 MiB
2026/09/22 05:06:20.493, 1996354, GPU-c19b526a-dfb9-68a7-ae04-b68c870482af, 1278 MiB
2026/09/22 05:06:20.493, 1996517, GPU-c19b526a-dfb9-68a7-ae04-b68c870482af, 1278 MiB
2026/09/22 05:06:20.493, 1999242, GPU-c19b526a-dfb9-68a7-ae04-b68c870482af, 1278 MiB
2026/09/22 05:06:21.494, 1844380, GPU-833bd1d4-962a-a2a9-e8ee-3f18887d8a40, 69848 MiB
2026/09/22 05:06:21.494, 1852943, GPU-833bd1d4-962a-a2a9-e8ee-3f18887d8a40, 4728 MiB
2026/09/22 05:06:21.496, 902823, GPU-5014660a-ded1-5f90-339b-0e5f9738f416, 774 MiB
2026/09/22 05:06:21.496, 917655, GPU-5014660a-ded1-5f90-339b-0e5f9738f416, 75012 MiB
2026/09/22 05:06:21.496, 1844382, GPU-d70c11ba-69d2-8984-e060-d1284dbbf2e3, 69848 MiB
2026/09/22 05:06:21.496, 1852943, GPU-d70c11ba-69d2-8984-e060-d1284dbbf2e3, 4728 MiB
2026/09/22 05:06:21.497, 137936, GPU-ae2bc357-9c9d-ff3d-c235-bf7e8de8e94c, 1278 MiB
2026/09/22 05:06:21.497, 137983, GPU-ae2bc357-9c9d-ff3d-c235-bf7e8de8e94c, 938 MiB
2026/09/22 05:06:21.497, 138213, GPU-ae2bc357-9c9d-ff3d-c235-bf7e8de8e94c, 938 MiB
2026/09/22 05:06:21.497, 138331, GPU-ae2bc357-9c9d-ff3d-c235-bf7e8de8e94c, 938 MiB
2026/09/22 05:06:21.497, 138526, GPU-ae2bc357-9c9d-ff3d-c235-bf7e8de8e94c, 938 MiB
2026/09/22 05:06:21.497, 138832, GPU-ae2bc357-9c9d-ff3d-c235-bf7e8de8e94c, 1306 MiB
2026/09/22 05:06:21.497, 1827563, GPU-ae2bc357-9c9d-ff3d-c235-bf7e8de8e94c, 1306 MiB
2026/09/22 05:06:21.497, 1827662, GPU-ae2bc357-9c9d-ff3d-c235-bf7e8de8e94c, 1306 MiB
2026/09/22 05:06:21.498, 907585, GPU-eeb7d960-135d-5f5e-859f-f7f5efb7136d, 774 MiB
2026/09/22 05:06:21.498, 987850, GPU-eeb7d960-135d-5f5e-859f-f7f5efb7136d, 73700 MiB
2026/09/22 05:06:21.500, 1209359, GPU-d6d9222c-9b57-3843-4d93-d2a40b30ad2b, 49386 MiB
2026/09/22 05:06:21.501, 1981187, GPU-c19b526a-dfb9-68a7-ae04-b68c870482af, 1306 MiB
2026/09/22 05:06:21.501, 1981575, GPU-c19b526a-dfb9-68a7-ae04-b68c870482af, 1278 MiB
2026/09/22 05:06:21.501, 1985001, GPU-c19b526a-dfb9-68a7-ae04-b68c870482af, 1278 MiB
2026/09/22 05:06:21.501, 1985175, GPU-c19b526a-dfb9-68a7-ae04-b68c870482af, 1278 MiB
2026/09/22 05:06:21.501, 1985388, GPU-c19b526a-dfb9-68a7-ae04-b68c870482af, 1278 MiB
2026/09/22 05:06:21.501, 1996354, GPU-c19b526a-dfb9-68a7-ae04-b68c870482af, 1278 MiB
2026/09/22 05:06:21.501, 1996517, GPU-c19b526a-dfb9-68a7-ae04-b68c870482af, 1278 MiB
2026/09/22 05:06:21.501, 1999242, GPU-c19b526a-dfb9-68a7-ae04-b68c870482af, 1278 MiB
2026/09/22 05:06:22.502, 1844380, GPU-833bd1d4-962a-a2a9-e8ee-3f18887d8a40, 69848 MiB
2026/09/22 05:06:22.502, 1852943, GPU-833bd1d4-962a-a2a9-e8ee-3f18887d8a40, 4728 MiB
2026/09/22 05:06:22.503, 902823, GPU-5014660a-ded1-5f90-339b-0e5f9738f416, 774 MiB
2026/09/22 05:06:22.503, 917655, GPU-5014660a-ded1-5f90-339b-0e5f9738f416, 75012 MiB
2026/09/22 05:06:22.504, 1844382, GPU-d70c11ba-69d2-8984-e060-d1284dbbf2e3, 69848 MiB
2026/09/22 05:06:22.504, 1852943, GPU-d70c11ba-69d2-8984-e060-d1284dbbf2e3, 4728 MiB
2026/09/22 05:06:22.504, 137936, GPU-ae2bc357-9c9d-ff3d-c235-bf7e8de8e94c, 1278 MiB
2026/09/22 05:06:22.504, 137983, GPU-ae2bc357-9c9d-ff3d-c235-bf7e8de8e94c, 938 MiB
2026/09/22 05:06:22.504, 138213, GPU-ae2bc357-9c9d-ff3d-c235-bf7e8de8e94c, 938 MiB
2026/09/22 05:06:22.504, 138331, GPU-ae2bc357-9c9d-ff3d-c235-bf7e8de8e94c, 938 MiB
2026/09/22 05:06:22.504, 138526, GPU-ae2bc357-9c9d-ff3d-c235-bf7e8de8e94c, 938 MiB
2026/09/22 05:06:22.504, 138832, GPU-ae2bc357-9c9d-ff3d-c235-bf7e8de8e94c, 1306 MiB
2026/09/22 05:06:22.504, 1827563, GPU-ae2bc357-9c9d-ff3d-c235-bf7e8de8e94c, 1306 MiB
2026/09/22 05:06:22.504, 1827662, GPU-ae2bc357-9c9d-ff3d-c235-bf7e8de8e94c, 1306 MiB
2026/09/22 05:06:22.505, 907585, GPU-eeb7d960-135d-5f5e-859f-f7f5efb7136d, 774 MiB
2026/09/22 05:06:22.505, 987850, GPU-eeb7d960-135d-5f5e-859f-f7f5efb7136d, 73700 MiB
2026/09/22 05:06:22.505, 1209359, GPU-d6d9222c-9b57-3843-4d93-d2a40b30ad2b, 49386 MiB
2026/09/22 05:06:22.506, 1981187, GPU-c19b526a-dfb9-68a7-ae04-b68c870482af, 1306 MiB
2026/09/22 05:06:22.506, 1981575, GPU-c19b526a-dfb9-68a7-ae04-b68c870482af, 1278 MiB
2026/09/22 05:06:22.506, 1985001, GPU-c19b526a-dfb9-68a7-ae04-b68c870482af, 1278 MiB
2026/09/22 05:06:22.506, 1985175, GPU-c19b526a-dfb9-68a7-ae04-b68c870482af, 1278 MiB
2026/09/22 05:06:22.506, 1985388, GPU-c19b526a-dfb9-68a7-ae04-b68c870482af, 1278 MiB
2026/09/22 05:06:22.506, 1996354, GPU-c19b526a-dfb9-68a7-ae04-b68c870482af, 1278 MiB
2026/09/22 05:06:22.506, 1996517, GPU-c19b526a-dfb9-68a7-ae04-b68c870482af, 1278 MiB
2026/09/22 05:06:22.506, 1999242, GPU-c19b526a-dfb9-68a7-ae04-b68c870482af, 1278 MiB
2026/09/22 05:06:23.507, 1844380, GPU-833bd1d4-962a-a2a9-e8ee-3f18887d8a40, 69848 MiB
2026/09/22 05:06:23.507, 1852943, GPU-833bd1d4-962a-a2a9-e8ee-3f18887d8a40, 4728 MiB
2026/09/22 05:06:23.509, 902823, GPU-5014660a-ded1-5f90-339b-0e5f9738f416, 774 MiB
2026/09/22 05:06:23.509, 917655, GPU-5014660a-ded1-5f90-339b-0e5f9738f416, 75012 MiB
2026/09/22 05:06:23.509, 1844382, GPU-d70c11ba-69d2-8984-e060-d1284dbbf2e3, 69848 MiB
2026/09/22 05:06:23.509, 1852943, GPU-d70c11ba-69d2-8984-e060-d1284dbbf2e3, 4728 MiB
2026/09/22 05:06:23.510, 137936, GPU-ae2bc357-9c9d-ff3d-c235-bf7e8de8e94c, 1278 MiB
2026/09/22 05:06:23.510, 137983, GPU-ae2bc357-9c9d-ff3d-c235-bf7e8de8e94c, 938 MiB
2026/09/22 05:06:23.510, 138213, GPU-ae2bc357-9c9d-ff3d-c235-bf7e8de8e94c, 938 MiB
2026/09/22 05:06:23.510, 138331, GPU-ae2bc357-9c9d-ff3d-c235-bf7e8de8e94c, 938 MiB
2026/09/22 05:06:23.510, 138526, GPU-ae2bc357-9c9d-ff3d-c235-bf7e8de8e94c, 938 MiB
2026/09/22 05:06:23.510, 138832, GPU-ae2bc357-9c9d-ff3d-c235-bf7e8de8e94c, 1306 MiB
2026/09/22 05:06:23.510, 1827563, GPU-ae2bc357-9c9d-ff3d-c235-bf7e8de8e94c, 1306 MiB
2026/09/22 05:06:23.510, 1827662, GPU-ae2bc357-9c9d-ff3d-c235-bf7e8de8e94c, 1306 MiB
2026/09/22 05:06:23.511, 907585, GPU-eeb7d960-135d-5f5e-859f-f7f5efb7136d, 774 MiB
2026/09/22 05:06:23.511, 987850, GPU-eeb7d960-135d-5f5e-859f-f7f5efb7136d, 73700 MiB
2026/09/22 05:06:23.511, 1209359, GPU-d6d9222c-9b57-3843-4d93-d2a40b30ad2b, 49386 MiB
2026/09/22 05:06:23.512, 1981187, GPU-c19b526a-dfb9-68a7-ae04-b68c870482af, 1306 MiB
2026/09/22 05:06:23.512, 1981575, GPU-c19b526a-dfb9-68a7-ae04-b68c870482af, 1278 MiB
2026/09/22 05:06:23.512, 1985001, GPU-c19b526a-dfb9-68a7-ae04-b68c870482af, 1278 MiB
2026/09/22 05:06:23.512, 1985175, GPU-c19b526a-dfb9-68a7-ae04-b68c870482af, 1278 MiB
2026/09/22 05:06:23.512, 1985388, GPU-c19b526a-dfb9-68a7-ae04-b68c870482af, 1278 MiB
2026/09/22 05:06:23.512, 1996354, GPU-c19b526a-dfb9-68a7-ae04-b68c870482af, 1278 MiB
2026/09/22 05:06:23.512, 1996517, GPU-c19b526a-dfb9-68a7-ae04-b68c870482af, 1278 MiB
2026/09/22 05:06:23.512, 1999242, GPU-c19b526a-dfb9-68a7-ae04-b68c870482af, 1278 MiB
2026/09/22 05:06:24.513, 1844380, GPU-833bd1d4-962a-a2a9-e8ee-3f18887d8a40, 69848 MiB
2026/09/22 05:06:24.513, 1852943, GPU-833bd1d4-962a-a2a9-e8ee-3f18887d8a40, 4728 MiB
2026/09/22 05:06:24.518, 902823, GPU-5014660a-ded1-5f90-339b-0e5f9738f416, 774 MiB
2026/09/22 05:06:24.518, 917655, GPU-5014660a-ded1-5f90-339b-0e5f9738f416, 75012 MiB
2026/09/22 05:06:24.519, 1844382, GPU-d70c11ba-69d2-8984-e060-d1284dbbf2e3, 69848 MiB
2026/09/22 05:06:24.519, 1852943, GPU-d70c11ba-69d2-8984-e060-d1284dbbf2e3, 4728 MiB
2026/09/22 05:06:24.520, 137936, GPU-ae2bc357-9c9d-ff3d-c235-bf7e8de8e94c, 1278 MiB
2026/09/22 05:06:24.520, 137983, GPU-ae2bc357-9c9d-ff3d-c235-bf7e8de8e94c, 938 MiB
2026/09/22 05:06:24.520, 138213, GPU-ae2bc357-9c9d-ff3d-c235-bf7e8de8e94c, 938 MiB
2026/09/22 05:06:24.520, 138331, GPU-ae2bc357-9c9d-ff3d-c235-bf7e8de8e94c, 938 MiB
2026/09/22 05:06:24.520, 138526, GPU-ae2bc357-9c9d-ff3d-c235-bf7e8de8e94c, 938 MiB
2026/09/22 05:06:24.520, 138832, GPU-ae2bc357-9c9d-ff3d-c235-bf7e8de8e94c, 1306 MiB
2026/09/22 05:06:24.520, 1827563, GPU-ae2bc357-9c9d-ff3d-c235-bf7e8de8e94c, 1306 MiB
2026/09/22 05:06:24.520, 1827662, GPU-ae2bc357-9c9d-ff3d-c235-bf7e8de8e94c, 1306 MiB
2026/09/22 05:06:24.521, 907585, GPU-eeb7d960-135d-5f5e-859f-f7f5efb7136d, 774 MiB
2026/09/22 05:06:24.521, 987850, GPU-eeb7d960-135d-5f5e-859f-f7f5efb7136d, 73700 MiB
2026/09/22 05:06:24.522, 1209359, GPU-d6d9222c-9b57-3843-4d93-d2a40b30ad2b, 49386 MiB
2026/09/22 05:06:24.522, 1981187, GPU-c19b526a-dfb9-68a7-ae04-b68c870482af, 1306 MiB
2026/09/22 05:06:24.522, 1981575, GPU-c19b526a-dfb9-68a7-ae04-b68c870482af, 1278 MiB
2026/09/22 05:06:24.522, 1985001, GPU-c19b526a-dfb9-68a7-ae04-b68c870482af, 1278 MiB
2026/09/22 05:06:24.522, 1985175, GPU-c19b526a-dfb9-68a7-ae04-b68c870482af, 1278 MiB
2026/09/22 05:06:24.522, 1985388, GPU-c19b526a-dfb9-68a7-ae04-b68c870482af, 1278 MiB
2026/09/22 05:06:24.522, 1996354, GPU-c19b526a-dfb9-68a7-ae04-b68c870482af, 1278 MiB
2026/09/22 05:06:24.522, 1996517, GPU-c19b526a-dfb9-68a7-ae04-b68c870482af, 1278 MiB
2026/09/22 05:06:24.522, 1999242, GPU-c19b526a-dfb9-68a7-ae04-b68c870482af, 1278 MiB
2026/09/22 05:06:25.523, 1844380, GPU-833bd1d4-962a-a2a9-e8ee-3f18887d8a40, 69848 MiB
2026/09/22 05:06:25.523, 1852943, GPU-833bd1d4-962a-a2a9-e8ee-3f18887d8a40, 4728 MiB
2026/09/22 05:06:25.525, 902823, GPU-5014660a-ded1-5f90-339b-0e5f9738f416, 774 MiB
2026/09/22 05:06:25.525, 917655, GPU-5014660a-ded1-5f90-339b-0e5f9738f416, 75012 MiB
2026/09/22 05:06:25.525, 1844382, GPU-d70c11ba-69d2-8984-e060-d1284dbbf2e3, 69848 MiB
2026/09/22 05:06:25.525, 1852943, GPU-d70c11ba-69d2-8984-e060-d1284dbbf2e3, 4728 MiB
2026/09/22 05:06:25.526, 137936, GPU-ae2bc357-9c9d-ff3d-c235-bf7e8de8e94c, 1278 MiB
2026/09/22 05:06:25.526, 137983, GPU-ae2bc357-9c9d-ff3d-c235-bf7e8de8e94c, 938 MiB
2026/09/22 05:06:25.526, 138213, GPU-ae2bc357-9c9d-ff3d-c235-bf7e8de8e94c, 938 MiB
2026/09/22 05:06:25.526, 138331, GPU-ae2bc357-9c9d-ff3d-c235-bf7e8de8e94c, 938 MiB
2026/09/22 05:06:25.526, 138526, GPU-ae2bc357-9c9d-ff3d-c235-bf7e8de8e94c, 938 MiB
2026/09/22 05:06:25.526, 138832, GPU-ae2bc357-9c9d-ff3d-c235-bf7e8de8e94c, 1306 MiB
2026/09/22 05:06:25.526, 1827563, GPU-ae2bc357-9c9d-ff3d-c235-bf7e8de8e94c, 1306 MiB
2026/09/22 05:06:25.526, 1827662, GPU-ae2bc357-9c9d-ff3d-c235-bf7e8de8e94c, 1306 MiB
2026/09/22 05:06:25.526, 907585, GPU-eeb7d960-135d-5f5e-859f-f7f5efb7136d, 774 MiB
2026/09/22 05:06:25.526, 987850, GPU-eeb7d960-135d-5f5e-859f-f7f5efb7136d, 73700 MiB
2026/09/22 05:06:25.527, 1209359, GPU-d6d9222c-9b57-3843-4d93-d2a40b30ad2b, 49386 MiB
2026/09/22 05:06:25.527, 1981187, GPU-c19b526a-dfb9-68a7-ae04-b68c870482af, 1306 MiB
2026/09/22 05:06:25.527, 1981575, GPU-c19b526a-dfb9-68a7-ae04-b68c870482af, 1278 MiB
2026/09/22 05:06:25.527, 1985001, GPU-c19b526a-dfb9-68a7-ae04-b68c870482af, 1278 MiB
2026/09/22 05:06:25.527, 1985175, GPU-c19b526a-dfb9-68a7-ae04-b68c870482af, 1278 MiB
2026/09/22 05:06:25.527, 1985388, GPU-c19b526a-dfb9-68a7-ae04-b68c870482af, 1278 MiB
2026/09/22 05:06:25.527, 1996354, GPU-c19b526a-dfb9-68a7-ae04-b68c870482af, 1278 MiB
2026/09/22 05:06:25.527, 1996517, GPU-c19b526a-dfb9-68a7-ae04-b68c870482af, 1278 MiB
2026/09/22 05:06:25.527, 1999242, GPU-c19b526a-dfb9-68a7-ae04-b68c870482af, 1278 MiB
2026/09/22 05:06:26.528, 1844380, GPU-833bd1d4-962a-a2a9-e8ee-3f18887d8a40, 69848 MiB
2026/09/22 05:06:26.528, 1852943, GPU-833bd1d4-962a-a2a9-e8ee-3f18887d8a40, 4728 MiB
2026/09/22 05:06:26.533, 902823, GPU-5014660a-ded1-5f90-339b-0e5f9738f416, 774 MiB
2026/09/22 05:06:26.533, 917655, GPU-5014660a-ded1-5f90-339b-0e5f9738f416, 75012 MiB
2026/09/22 05:06:26.534, 1844382, GPU-d70c11ba-69d2-8984-e060-d1284dbbf2e3, 69848 MiB
2026/09/22 05:06:26.534, 1852943, GPU-d70c11ba-69d2-8984-e060-d1284dbbf2e3, 4728 MiB
2026/09/22 05:06:26.538, 137936, GPU-ae2bc357-9c9d-ff3d-c235-bf7e8de8e94c, 1278 MiB
2026/09/22 05:06:26.538, 137983, GPU-ae2bc357-9c9d-ff3d-c235-bf7e8de8e94c, 938 MiB
2026/09/22 05:06:26.538, 138213, GPU-ae2bc357-9c9d-ff3d-c235-bf7e8de8e94c, 938 MiB
2026/09/22 05:06:26.538, 138331, GPU-ae2bc357-9c9d-ff3d-c235-bf7e8de8e94c, 938 MiB
2026/09/22 05:06:26.538, 138526, GPU-ae2bc357-9c9d-ff3d-c235-bf7e8de8e94c, 938 MiB
2026/09/22 05:06:26.538, 138832, GPU-ae2bc357-9c9d-ff3d-c235-bf7e8de8e94c, 1306 MiB
2026/09/22 05:06:26.538, 1827563, GPU-ae2bc357-9c9d-ff3d-c235-bf7e8de8e94c, 1306 MiB
2026/09/22 05:06:26.538, 1827662, GPU-ae2bc357-9c9d-ff3d-c235-bf7e8de8e94c, 1306 MiB
2026/09/22 05:06:26.540, 907585, GPU-eeb7d960-135d-5f5e-859f-f7f5efb7136d, 774 MiB
2026/09/22 05:06:26.540, 987850, GPU-eeb7d960-135d-5f5e-859f-f7f5efb7136d, 73700 MiB
2026/09/22 05:06:26.541, 1209359, GPU-d6d9222c-9b57-3843-4d93-d2a40b30ad2b, 49386 MiB
2026/09/22 05:06:26.542, 1981187, GPU-c19b526a-dfb9-68a7-ae04-b68c870482af, 1306 MiB
2026/09/22 05:06:26.542, 1981575, GPU-c19b526a-dfb9-68a7-ae04-b68c870482af, 1278 MiB
2026/09/22 05:06:26.542, 1985001, GPU-c19b526a-dfb9-68a7-ae04-b68c870482af, 1278 MiB
2026/09/22 05:06:26.542, 1985175, GPU-c19b526a-dfb9-68a7-ae04-b68c870482af, 1278 MiB
2026/09/22 05:06:26.542, 1985388, GPU-c19b526a-dfb9-68a7-ae04-b68c870482af, 1278 MiB
2026/09/22 05:06:26.542, 1996354, GPU-c19b526a-dfb9-68a7-ae04-b68c870482af, 1278 MiB
2026/09/22 05:06:26.542, 1996517, GPU-c19b526a-dfb9-68a7-ae04-b68c870482af, 1278 MiB
2026/09/22 05:06:26.542, 1999242, GPU-c19b526a-dfb9-68a7-ae04-b68c870482af, 1278 MiB
2026/09/22 05:06:27.544, 1844380, GPU-833bd1d4-962a-a2a9-e8ee-3f18887d8a40, 69848 MiB
2026/09/22 05:06:27.544, 1852943, GPU-833bd1d4-962a-a2a9-e8ee-3f18887d8a40, 4728 MiB
2026/09/22 05:06:27.549, 902823, GPU-5014660a-ded1-5f90-339b-0e5f9738f416, 774 MiB
2026/09/22 05:06:27.549, 917655, GPU-5014660a-ded1-5f90-339b-0e5f9738f416, 75012 MiB
2026/09/22 05:06:27.552, 1844382, GPU-d70c11ba-69d2-8984-e060-d1284dbbf2e3, 69848 MiB
2026/09/22 05:06:27.552, 1852943, GPU-d70c11ba-69d2-8984-e060-d1284dbbf2e3, 4728 MiB
2026/09/22 05:06:27.555, 137936, GPU-ae2bc357-9c9d-ff3d-c235-bf7e8de8e94c, 1278 MiB
2026/09/22 05:06:27.555, 137983, GPU-ae2bc357-9c9d-ff3d-c235-bf7e8de8e94c, 938 MiB
2026/09/22 05:06:27.555, 138213, GPU-ae2bc357-9c9d-ff3d-c235-bf7e8de8e94c, 938 MiB
2026/09/22 05:06:27.555, 138331, GPU-ae2bc357-9c9d-ff3d-c235-bf7e8de8e94c, 938 MiB
2026/09/22 05:06:27.555, 138526, GPU-ae2bc357-9c9d-ff3d-c235-bf7e8de8e94c, 938 MiB
2026/09/22 05:06:27.555, 138832, GPU-ae2bc357-9c9d-ff3d-c235-bf7e8de8e94c, 1306 MiB
2026/09/22 05:06:27.555, 1827563, GPU-ae2bc357-9c9d-ff3d-c235-bf7e8de8e94c, 1306 MiB
2026/09/22 05:06:27.555, 1827662, GPU-ae2bc357-9c9d-ff3d-c235-bf7e8de8e94c, 1306 MiB
2026/09/22 05:06:27.556, 907585, GPU-eeb7d960-135d-5f5e-859f-f7f5efb7136d, 774 MiB
2026/09/22 05:06:27.556, 987850, GPU-eeb7d960-135d-5f5e-859f-f7f5efb7136d, 73700 MiB
2026/09/22 05:06:27.557, 1209359, GPU-d6d9222c-9b57-3843-4d93-d2a40b30ad2b, 49386 MiB
2026/09/22 05:06:27.557, 1981187, GPU-c19b526a-dfb9-68a7-ae04-b68c870482af, 1306 MiB
2026/09/22 05:06:27.557, 1981575, GPU-c19b526a-dfb9-68a7-ae04-b68c870482af, 1278 MiB
2026/09/22 05:06:27.557, 1985001, GPU-c19b526a-dfb9-68a7-ae04-b68c870482af, 1278 MiB
2026/09/22 05:06:27.557, 1985175, GPU-c19b526a-dfb9-68a7-ae04-b68c870482af, 1278 MiB
2026/09/22 05:06:27.557, 1985388, GPU-c19b526a-dfb9-68a7-ae04-b68c870482af, 1278 MiB
2026/09/22 05:06:27.557, 1996354, GPU-c19b526a-dfb9-68a7-ae04-b68c870482af, 1278 MiB
2026/09/22 05:06:27.557, 1996517, GPU-c19b526a-dfb9-68a7-ae04-b68c870482af, 1278 MiB
2026/09/22 05:06:27.557, 1999242, GPU-c19b526a-dfb9-68a7-ae04-b68c870482af, 1278 MiB
2026/09/22 05:06:28.559, 1844380, GPU-833bd1d4-962a-a2a9-e8ee-3f18887d8a40, 69848 MiB
2026/09/22 05:06:28.559, 1852943, GPU-833bd1d4-962a-a2a9-e8ee-3f18887d8a40, 4728 MiB
2026/09/22 05:06:28.561, 902823, GPU-5014660a-ded1-5f90-339b-0e5f9738f416, 774 MiB
2026/09/22 05:06:28.561, 917655, GPU-5014660a-ded1-5f90-339b-0e5f9738f416, 75012 MiB
2026/09/22 05:06:28.561, 1844382, GPU-d70c11ba-69d2-8984-e060-d1284dbbf2e3, 69848 MiB
2026/09/22 05:06:28.561, 1852943, GPU-d70c11ba-69d2-8984-e060-d1284dbbf2e3, 4728 MiB
2026/09/22 05:06:28.562, 137936, GPU-ae2bc357-9c9d-ff3d-c235-bf7e8de8e94c, 1278 MiB
2026/09/22 05:06:28.562, 137983, GPU-ae2bc357-9c9d-ff3d-c235-bf7e8de8e94c, 938 MiB
2026/09/22 05:06:28.562, 138213, GPU-ae2bc357-9c9d-ff3d-c235-bf7e8de8e94c, 938 MiB
2026/09/22 05:06:28.562, 138331, GPU-ae2bc357-9c9d-ff3d-c235-bf7e8de8e94c, 938 MiB
2026/09/22 05:06:28.562, 138526, GPU-ae2bc357-9c9d-ff3d-c235-bf7e8de8e94c, 938 MiB
2026/09/22 05:06:28.562, 138832, GPU-ae2bc357-9c9d-ff3d-c235-bf7e8de8e94c, 1306 MiB
2026/09/22 05:06:28.562, 1827563, GPU-ae2bc357-9c9d-ff3d-c235-bf7e8de8e94c, 1306 MiB
2026/09/22 05:06:28.562, 1827662, GPU-ae2bc357-9c9d-ff3d-c235-bf7e8de8e94c, 1306 MiB
2026/09/22 05:06:28.563, 907585, GPU-eeb7d960-135d-5f5e-859f-f7f5efb7136d, 774 MiB
2026/09/22 05:06:28.563, 987850, GPU-eeb7d960-135d-5f5e-859f-f7f5efb7136d, 73700 MiB
2026/09/22 05:06:28.563, 1209359, GPU-d6d9222c-9b57-3843-4d93-d2a40b30ad2b, 49386 MiB
2026/09/22 05:06:28.564, 1981187, GPU-c19b526a-dfb9-68a7-ae04-b68c870482af, 1306 MiB
2026/09/22 05:06:28.564, 1981575, GPU-c19b526a-dfb9-68a7-ae04-b68c870482af, 1278 MiB
2026/09/22 05:06:28.564, 1985001, GPU-c19b526a-dfb9-68a7-ae04-b68c870482af, 1278 MiB
2026/09/22 05:06:28.564, 1985175, GPU-c19b526a-dfb9-68a7-ae04-b68c870482af, 1278 MiB
2026/09/22 05:06:28.564, 1985388, GPU-c19b526a-dfb9-68a7-ae04-b68c870482af, 1278 MiB
2026/09/22 05:06:28.564, 1996354, GPU-c19b526a-dfb9-68a7-ae04-b68c870482af, 1278 MiB
2026/09/22 05:06:28.564, 1996517, GPU-c19b526a-dfb9-68a7-ae04-b68c870482af, 1278 MiB
2026/09/22 05:06:28.564, 1999242, GPU-c19b526a-dfb9-68a7-ae04-b68c870482af, 1278 MiB
2026/09/22 05:06:29.565, 1844380, GPU-833bd1d4-962a-a2a9-e8ee-3f18887d8a40, 69848 MiB
2026/09/22 05:06:29.565, 1852943, GPU-833bd1d4-962a-a2a9-e8ee-3f18887d8a40, 4728 MiB
2026/09/22 05:06:29.567, 902823, GPU-5014660a-ded1-5f90-339b-0e5f9738f416, 774 MiB
2026/09/22 05:06:29.567, 917655, GPU-5014660a-ded1-5f90-339b-0e5f9738f416, 75012 MiB
2026/09/22 05:06:29.567, 1844382, GPU-d70c11ba-69d2-8984-e060-d1284dbbf2e3, 69848 MiB
2026/09/22 05:06:29.567, 1852943, GPU-d70c11ba-69d2-8984-e060-d1284dbbf2e3, 4728 MiB
2026/09/22 05:06:29.568, 137936, GPU-ae2bc357-9c9d-ff3d-c235-bf7e8de8e94c, 1278 MiB
2026/09/22 05:06:29.568, 137983, GPU-ae2bc357-9c9d-ff3d-c235-bf7e8de8e94c, 938 MiB
2026/09/22 05:06:29.568, 138213, GPU-ae2bc357-9c9d-ff3d-c235-bf7e8de8e94c, 938 MiB
2026/09/22 05:06:29.568, 138331, GPU-ae2bc357-9c9d-ff3d-c235-bf7e8de8e94c, 938 MiB
2026/09/22 05:06:29.568, 138526, GPU-ae2bc357-9c9d-ff3d-c235-bf7e8de8e94c, 938 MiB
2026/09/22 05:06:29.568, 138832, GPU-ae2bc357-9c9d-ff3d-c235-bf7e8de8e94c, 1306 MiB
2026/09/22 05:06:29.568, 1827563, GPU-ae2bc357-9c9d-ff3d-c235-bf7e8de8e94c, 1306 MiB
2026/09/22 05:06:29.568, 1827662, GPU-ae2bc357-9c9d-ff3d-c235-bf7e8de8e94c, 1306 MiB
2026/09/22 05:06:29.569, 907585, GPU-eeb7d960-135d-5f5e-859f-f7f5efb7136d, 774 MiB
2026/09/22 05:06:29.569, 987850, GPU-eeb7d960-135d-5f5e-859f-f7f5efb7136d, 73700 MiB
2026/09/22 05:06:29.570, 1209359, GPU-d6d9222c-9b57-3843-4d93-d2a40b30ad2b, 49386 MiB
2026/09/22 05:06:29.570, 1981187, GPU-c19b526a-dfb9-68a7-ae04-b68c870482af, 1306 MiB
2026/09/22 05:06:29.570, 1981575, GPU-c19b526a-dfb9-68a7-ae04-b68c870482af, 1278 MiB
2026/09/22 05:06:29.570, 1985001, GPU-c19b526a-dfb9-68a7-ae04-b68c870482af, 1278 MiB
2026/09/22 05:06:29.570, 1985175, GPU-c19b526a-dfb9-68a7-ae04-b68c870482af, 1278 MiB
2026/09/22 05:06:29.570, 1985388, GPU-c19b526a-dfb9-68a7-ae04-b68c870482af, 1278 MiB
2026/09/22 05:06:29.570, 1996354, GPU-c19b526a-dfb9-68a7-ae04-b68c870482af, 1278 MiB
2026/09/22 05:06:29.570, 1996517, GPU-c19b526a-dfb9-68a7-ae04-b68c870482af, 1278 MiB
2026/09/22 05:06:29.570, 1999242, GPU-c19b526a-dfb9-68a7-ae04-b68c870482af, 1278 MiB
2026/09/22 05:06:30.571, 1844380, GPU-833bd1d4-962a-a2a9-e8ee-3f18887d8a40, 69848 MiB
2026/09/22 05:06:30.571, 1852943, GPU-833bd1d4-962a-a2a9-e8ee-3f18887d8a40, 4728 MiB
2026/09/22 05:06:30.573, 902823, GPU-5014660a-ded1-5f90-339b-0e5f9738f416, 774 MiB
2026/09/22 05:06:30.573, 917655, GPU-5014660a-ded1-5f90-339b-0e5f9738f416, 75012 MiB
2026/09/22 05:06:30.574, 1844382, GPU-d70c11ba-69d2-8984-e060-d1284dbbf2e3, 69848 MiB
2026/09/22 05:06:30.574, 1852943, GPU-d70c11ba-69d2-8984-e060-d1284dbbf2e3, 4728 MiB
2026/09/22 05:06:30.574, 137936, GPU-ae2bc357-9c9d-ff3d-c235-bf7e8de8e94c, 1278 MiB
2026/09/22 05:06:30.574, 137983, GPU-ae2bc357-9c9d-ff3d-c235-bf7e8de8e94c, 938 MiB
2026/09/22 05:06:30.574, 138213, GPU-ae2bc357-9c9d-ff3d-c235-bf7e8de8e94c, 938 MiB
2026/09/22 05:06:30.574, 138331, GPU-ae2bc357-9c9d-ff3d-c235-bf7e8de8e94c, 938 MiB
2026/09/22 05:06:30.574, 138526, GPU-ae2bc357-9c9d-ff3d-c235-bf7e8de8e94c, 938 MiB
2026/09/22 05:06:30.574, 138832, GPU-ae2bc357-9c9d-ff3d-c235-bf7e8de8e94c, 1306 MiB
2026/09/22 05:06:30.574, 1827563, GPU-ae2bc357-9c9d-ff3d-c235-bf7e8de8e94c, 1306 MiB
2026/09/22 05:06:30.574, 1827662, GPU-ae2bc357-9c9d-ff3d-c235-bf7e8de8e94c, 1306 MiB
2026/09/22 05:06:30.576, 907585, GPU-eeb7d960-135d-5f5e-859f-f7f5efb7136d, 774 MiB
2026/09/22 05:06:30.576, 987850, GPU-eeb7d960-135d-5f5e-859f-f7f5efb7136d, 73700 MiB
2026/09/22 05:06:30.576, 1209359, GPU-d6d9222c-9b57-3843-4d93-d2a40b30ad2b, 49386 MiB
2026/09/22 05:06:30.576, 1981187, GPU-c19b526a-dfb9-68a7-ae04-b68c870482af, 1306 MiB
2026/09/22 05:06:30.576, 1981575, GPU-c19b526a-dfb9-68a7-ae04-b68c870482af, 1278 MiB
2026/09/22 05:06:30.576, 1985001, GPU-c19b526a-dfb9-68a7-ae04-b68c870482af, 1278 MiB
2026/09/22 05:06:30.576, 1985175, GPU-c19b526a-dfb9-68a7-ae04-b68c870482af, 1278 MiB
2026/09/22 05:06:30.576, 1985388, GPU-c19b526a-dfb9-68a7-ae04-b68c870482af, 1278 MiB
2026/09/22 05:06:30.576, 1996354, GPU-c19b526a-dfb9-68a7-ae04-b68c870482af, 1278 MiB
2026/09/22 05:06:30.576, 1996517, GPU-c19b526a-dfb9-68a7-ae04-b68c870482af, 1278 MiB
2026/09/22 05:06:30.576, 1999242, GPU-c19b526a-dfb9-68a7-ae04-b68c870482af, 1278 MiB
2026/09/22 05:06:31.578, 1844380, GPU-833bd1d4-962a-a2a9-e8ee-3f18887d8a40, 69848 MiB
2026/09/22 05:06:31.578, 1852943, GPU-833bd1d4-962a-a2a9-e8ee-3f18887d8a40, 4728 MiB
2026/09/22 05:06:31.591, 902823, GPU-5014660a-ded1-5f90-339b-0e5f9738f416, 774 MiB
2026/09/22 05:06:31.591, 917655, GPU-5014660a-ded1-5f90-339b-0e5f9738f416, 75012 MiB
2026/09/22 05:06:31.596, 1844382, GPU-d70c11ba-69d2-8984-e060-d1284dbbf2e3, 69848 MiB
2026/09/22 05:06:31.596, 1852943, GPU-d70c11ba-69d2-8984-e060-d1284dbbf2e3, 4728 MiB
2026/09/22 05:06:31.603, 137936, GPU-ae2bc357-9c9d-ff3d-c235-bf7e8de8e94c, 1278 MiB
2026/09/22 05:06:31.603, 137983, GPU-ae2bc357-9c9d-ff3d-c235-bf7e8de8e94c, 938 MiB
2026/09/22 05:06:31.603, 138213, GPU-ae2bc357-9c9d-ff3d-c235-bf7e8de8e94c, 938 MiB
2026/09/22 05:06:31.603, 138331, GPU-ae2bc357-9c9d-ff3d-c235-bf7e8de8e94c, 938 MiB
2026/09/22 05:06:31.603, 138526, GPU-ae2bc357-9c9d-ff3d-c235-bf7e8de8e94c, 938 MiB
2026/09/22 05:06:31.603, 138832, GPU-ae2bc357-9c9d-ff3d-c235-bf7e8de8e94c, 1306 MiB
2026/09/22 05:06:31.603, 1827563, GPU-ae2bc357-9c9d-ff3d-c235-bf7e8de8e94c, 1306 MiB
2026/09/22 05:06:31.603, 1827662, GPU-ae2bc357-9c9d-ff3d-c235-bf7e8de8e94c, 1306 MiB
2026/09/22 05:06:31.607, 907585, GPU-eeb7d960-135d-5f5e-859f-f7f5efb7136d, 774 MiB
2026/09/22 05:06:31.607, 987850, GPU-eeb7d960-135d-5f5e-859f-f7f5efb7136d, 73700 MiB
2026/09/22 05:06:31.610, 1209359, GPU-d6d9222c-9b57-3843-4d93-d2a40b30ad2b, 49386 MiB
2026/09/22 05:06:31.614, 1981187, GPU-c19b526a-dfb9-68a7-ae04-b68c870482af, 1306 MiB
2026/09/22 05:06:31.614, 1981575, GPU-c19b526a-dfb9-68a7-ae04-b68c870482af, 1278 MiB
2026/09/22 05:06:31.614, 1985001, GPU-c19b526a-dfb9-68a7-ae04-b68c870482af, 1278 MiB
2026/09/22 05:06:31.614, 1985175, GPU-c19b526a-dfb9-68a7-ae04-b68c870482af, 1278 MiB
2026/09/22 05:06:31.614, 1985388, GPU-c19b526a-dfb9-68a7-ae04-b68c870482af, 1278 MiB
2026/09/22 05:06:31.614, 1996354, GPU-c19b526a-dfb9-68a7-ae04-b68c870482af, 1278 MiB
2026/09/22 05:06:31.614, 1996517, GPU-c19b526a-dfb9-68a7-ae04-b68c870482af, 1278 MiB
2026/09/22 05:06:31.614, 1999242, GPU-c19b526a-dfb9-68a7-ae04-b68c870482af, 1278 MiB
2026/09/22 05:06:32.618, 1844380, GPU-833bd1d4-962a-a2a9-e8ee-3f18887d8a40, 69848 MiB
2026/09/22 05:06:32.618, 1852943, GPU-833bd1d4-962a-a2a9-e8ee-3f18887d8a40, 4728 MiB
2026/09/22 05:06:32.620, 902823, GPU-5014660a-ded1-5f90-339b-0e5f9738f416, 774 MiB
2026/09/22 05:06:32.620, 917655, GPU-5014660a-ded1-5f90-339b-0e5f9738f416, 75012 MiB
2026/09/22 05:06:32.620, 1844382, GPU-d70c11ba-69d2-8984-e060-d1284dbbf2e3, 69848 MiB
2026/09/22 05:06:32.620, 1852943, GPU-d70c11ba-69d2-8984-e060-d1284dbbf2e3, 4728 MiB
2026/09/22 05:06:32.621, 137936, GPU-ae2bc357-9c9d-ff3d-c235-bf7e8de8e94c, 1278 MiB
2026/09/22 05:06:32.621, 137983, GPU-ae2bc357-9c9d-ff3d-c235-bf7e8de8e94c, 938 MiB
2026/09/22 05:06:32.621, 138213, GPU-ae2bc357-9c9d-ff3d-c235-bf7e8de8e94c, 938 MiB
2026/09/22 05:06:32.621, 138331, GPU-ae2bc357-9c9d-ff3d-c235-bf7e8de8e94c, 938 MiB
2026/09/22 05:06:32.621, 138526, GPU-ae2bc357-9c9d-ff3d-c235-bf7e8de8e94c, 938 MiB
2026/09/22 05:06:32.621, 138832, GPU-ae2bc357-9c9d-ff3d-c235-bf7e8de8e94c, 1306 MiB
2026/09/22 05:06:32.621, 1827563, GPU-ae2bc357-9c9d-ff3d-c235-bf7e8de8e94c, 1306 MiB
2026/09/22 05:06:32.621, 1827662, GPU-ae2bc357-9c9d-ff3d-c235-bf7e8de8e94c, 1306 MiB
2026/09/22 05:06:32.622, 907585, GPU-eeb7d960-135d-5f5e-859f-f7f5efb7136d, 774 MiB
2026/09/22 05:06:32.622, 987850, GPU-eeb7d960-135d-5f5e-859f-f7f5efb7136d, 73700 MiB
2026/09/22 05:06:32.623, 1209359, GPU-d6d9222c-9b57-3843-4d93-d2a40b30ad2b, 49386 MiB
2026/09/22 05:06:32.623, 1981187, GPU-c19b526a-dfb9-68a7-ae04-b68c870482af, 1306 MiB
2026/09/22 05:06:32.623, 1981575, GPU-c19b526a-dfb9-68a7-ae04-b68c870482af, 1278 MiB
2026/09/22 05:06:32.623, 1985001, GPU-c19b526a-dfb9-68a7-ae04-b68c870482af, 1278 MiB
2026/09/22 05:06:32.623, 1985175, GPU-c19b526a-dfb9-68a7-ae04-b68c870482af, 1278 MiB
2026/09/22 05:06:32.623, 1985388, GPU-c19b526a-dfb9-68a7-ae04-b68c870482af, 1278 MiB
2026/09/22 05:06:32.623, 1996354, GPU-c19b526a-dfb9-68a7-ae04-b68c870482af, 1278 MiB
2026/09/22 05:06:32.623, 1996517, GPU-c19b526a-dfb9-68a7-ae04-b68c870482af, 1278 MiB
2026/09/22 05:06:32.623, 1999242, GPU-c19b526a-dfb9-68a7-ae04-b68c870482af, 1278 MiB
2026/09/22 05:06:33.624, 1844380, GPU-833bd1d4-962a-a2a9-e8ee-3f18887d8a40, 69848 MiB
2026/09/22 05:06:33.624, 1852943, GPU-833bd1d4-962a-a2a9-e8ee-3f18887d8a40, 4728 MiB
2026/09/22 05:06:33.626, 902823, GPU-5014660a-ded1-5f90-339b-0e5f9738f416, 774 MiB
2026/09/22 05:06:33.626, 917655, GPU-5014660a-ded1-5f90-339b-0e5f9738f416, 75012 MiB
2026/09/22 05:06:33.627, 1844382, GPU-d70c11ba-69d2-8984-e060-d1284dbbf2e3, 69848 MiB
2026/09/22 05:06:33.627, 1852943, GPU-d70c11ba-69d2-8984-e060-d1284dbbf2e3, 4728 MiB
2026/09/22 05:06:33.628, 137936, GPU-ae2bc357-9c9d-ff3d-c235-bf7e8de8e94c, 1278 MiB
2026/09/22 05:06:33.628, 137983, GPU-ae2bc357-9c9d-ff3d-c235-bf7e8de8e94c, 938 MiB
2026/09/22 05:06:33.628, 138213, GPU-ae2bc357-9c9d-ff3d-c235-bf7e8de8e94c, 938 MiB
2026/09/22 05:06:33.628, 138331, GPU-ae2bc357-9c9d-ff3d-c235-bf7e8de8e94c, 938 MiB
2026/09/22 05:06:33.628, 138526, GPU-ae2bc357-9c9d-ff3d-c235-bf7e8de8e94c, 938 MiB
2026/09/22 05:06:33.628, 138832, GPU-ae2bc357-9c9d-ff3d-c235-bf7e8de8e94c, 1306 MiB
2026/09/22 05:06:33.628, 1827563, GPU-ae2bc357-9c9d-ff3d-c235-bf7e8de8e94c, 1306 MiB
2026/09/22 05:06:33.628, 1827662, GPU-ae2bc357-9c9d-ff3d-c235-bf7e8de8e94c, 1306 MiB
2026/09/22 05:06:33.629, 907585, GPU-eeb7d960-135d-5f5e-859f-f7f5efb7136d, 774 MiB
2026/09/22 05:06:33.629, 987850, GPU-eeb7d960-135d-5f5e-859f-f7f5efb7136d, 73700 MiB
2026/09/22 05:06:33.630, 1209359, GPU-d6d9222c-9b57-3843-4d93-d2a40b30ad2b, 49386 MiB
2026/09/22 05:06:33.630, 1981187, GPU-c19b526a-dfb9-68a7-ae04-b68c870482af, 1306 MiB
2026/09/22 05:06:33.630, 1981575, GPU-c19b526a-dfb9-68a7-ae04-b68c870482af, 1278 MiB
2026/09/22 05:06:33.630, 1985001, GPU-c19b526a-dfb9-68a7-ae04-b68c870482af, 1278 MiB
2026/09/22 05:06:33.630, 1985175, GPU-c19b526a-dfb9-68a7-ae04-b68c870482af, 1278 MiB
2026/09/22 05:06:33.630, 1985388, GPU-c19b526a-dfb9-68a7-ae04-b68c870482af, 1278 MiB
2026/09/22 05:06:33.630, 1996354, GPU-c19b526a-dfb9-68a7-ae04-b68c870482af, 1278 MiB
2026/09/22 05:06:33.630, 1996517, GPU-c19b526a-dfb9-68a7-ae04-b68c870482af, 1278 MiB
2026/09/22 05:06:33.630, 1999242, GPU-c19b526a-dfb9-68a7-ae04-b68c870482af, 1278 MiB
2026/09/22 05:06:34.631, 1844380, GPU-833bd1d4-962a-a2a9-e8ee-3f18887d8a40, 69848 MiB
2026/09/22 05:06:34.631, 1852943, GPU-833bd1d4-962a-a2a9-e8ee-3f18887d8a40, 4728 MiB
2026/09/22 05:06:34.633, 902823, GPU-5014660a-ded1-5f90-339b-0e5f9738f416, 774 MiB
2026/09/22 05:06:34.633, 917655, GPU-5014660a-ded1-5f90-339b-0e5f9738f416, 75012 MiB
2026/09/22 05:06:34.634, 1844382, GPU-d70c11ba-69d2-8984-e060-d1284dbbf2e3, 69848 MiB
2026/09/22 05:06:34.634, 1852943, GPU-d70c11ba-69d2-8984-e060-d1284dbbf2e3, 4728 MiB
2026/09/22 05:06:34.635, 137936, GPU-ae2bc357-9c9d-ff3d-c235-bf7e8de8e94c, 1278 MiB
2026/09/22 05:06:34.635, 137983, GPU-ae2bc357-9c9d-ff3d-c235-bf7e8de8e94c, 938 MiB
2026/09/22 05:06:34.635, 138213, GPU-ae2bc357-9c9d-ff3d-c235-bf7e8de8e94c, 938 MiB
2026/09/22 05:06:34.635, 138331, GPU-ae2bc357-9c9d-ff3d-c235-bf7e8de8e94c, 938 MiB
2026/09/22 05:06:34.635, 138526, GPU-ae2bc357-9c9d-ff3d-c235-bf7e8de8e94c, 938 MiB
2026/09/22 05:06:34.635, 138832, GPU-ae2bc357-9c9d-ff3d-c235-bf7e8de8e94c, 1306 MiB
2026/09/22 05:06:34.635, 1827563, GPU-ae2bc357-9c9d-ff3d-c235-bf7e8de8e94c, 1306 MiB
2026/09/22 05:06:34.635, 1827662, GPU-ae2bc357-9c9d-ff3d-c235-bf7e8de8e94c, 1306 MiB
2026/09/22 05:06:34.636, 907585, GPU-eeb7d960-135d-5f5e-859f-f7f5efb7136d, 774 MiB
2026/09/22 05:06:34.636, 987850, GPU-eeb7d960-135d-5f5e-859f-f7f5efb7136d, 73700 MiB
2026/09/22 05:06:34.637, 1209359, GPU-d6d9222c-9b57-3843-4d93-d2a40b30ad2b, 49386 MiB
2026/09/22 05:06:34.637, 1981187, GPU-c19b526a-dfb9-68a7-ae04-b68c870482af, 1306 MiB
2026/09/22 05:06:34.637, 1981575, GPU-c19b526a-dfb9-68a7-ae04-b68c870482af, 1278 MiB
2026/09/22 05:06:34.637, 1985001, GPU-c19b526a-dfb9-68a7-ae04-b68c870482af, 1278 MiB
2026/09/22 05:06:34.637, 1985175, GPU-c19b526a-dfb9-68a7-ae04-b68c870482af, 1278 MiB
2026/09/22 05:06:34.637, 1985388, GPU-c19b526a-dfb9-68a7-ae04-b68c870482af, 1278 MiB
2026/09/22 05:06:34.637, 1996354, GPU-c19b526a-dfb9-68a7-ae04-b68c870482af, 1278 MiB
2026/09/22 05:06:34.637, 1996517, GPU-c19b526a-dfb9-68a7-ae04-b68c870482af, 1278 MiB
2026/09/22 05:06:34.637, 1999242, GPU-c19b526a-dfb9-68a7-ae04-b68c870482af, 1278 MiB
2026/09/22 05:06:35.639, 1844380, GPU-833bd1d4-962a-a2a9-e8ee-3f18887d8a40, 69848 MiB
2026/09/22 05:06:35.639, 1852943, GPU-833bd1d4-962a-a2a9-e8ee-3f18887d8a40, 4728 MiB
2026/09/22 05:06:35.640, 902823, GPU-5014660a-ded1-5f90-339b-0e5f9738f416, 774 MiB
2026/09/22 05:06:35.640, 917655, GPU-5014660a-ded1-5f90-339b-0e5f9738f416, 75012 MiB
2026/09/22 05:06:35.640, 1844382, GPU-d70c11ba-69d2-8984-e060-d1284dbbf2e3, 69848 MiB
2026/09/22 05:06:35.640, 1852943, GPU-d70c11ba-69d2-8984-e060-d1284dbbf2e3, 4728 MiB
2026/09/22 05:06:35.641, 137936, GPU-ae2bc357-9c9d-ff3d-c235-bf7e8de8e94c, 1278 MiB
2026/09/22 05:06:35.641, 137983, GPU-ae2bc357-9c9d-ff3d-c235-bf7e8de8e94c, 938 MiB
2026/09/22 05:06:35.641, 138213, GPU-ae2bc357-9c9d-ff3d-c235-bf7e8de8e94c, 938 MiB
2026/09/22 05:06:35.641, 138331, GPU-ae2bc357-9c9d-ff3d-c235-bf7e8de8e94c, 938 MiB
2026/09/22 05:06:35.641, 138526, GPU-ae2bc357-9c9d-ff3d-c235-bf7e8de8e94c, 938 MiB
2026/09/22 05:06:35.641, 138832, GPU-ae2bc357-9c9d-ff3d-c235-bf7e8de8e94c, 1306 MiB
2026/09/22 05:06:35.641, 1827563, GPU-ae2bc357-9c9d-ff3d-c235-bf7e8de8e94c, 1306 MiB
2026/09/22 05:06:35.641, 1827662, GPU-ae2bc357-9c9d-ff3d-c235-bf7e8de8e94c, 1306 MiB
2026/09/22 05:06:35.642, 907585, GPU-eeb7d960-135d-5f5e-859f-f7f5efb7136d, 774 MiB
2026/09/22 05:06:35.642, 987850, GPU-eeb7d960-135d-5f5e-859f-f7f5efb7136d, 73700 MiB
2026/09/22 05:06:35.642, 1209359, GPU-d6d9222c-9b57-3843-4d93-d2a40b30ad2b, 49386 MiB
2026/09/22 05:06:35.643, 1981187, GPU-c19b526a-dfb9-68a7-ae04-b68c870482af, 1306 MiB
2026/09/22 05:06:35.643, 1981575, GPU-c19b526a-dfb9-68a7-ae04-b68c870482af, 1278 MiB
2026/09/22 05:06:35.643, 1985001, GPU-c19b526a-dfb9-68a7-ae04-b68c870482af, 1278 MiB
2026/09/22 05:06:35.643, 1985175, GPU-c19b526a-dfb9-68a7-ae04-b68c870482af, 1278 MiB
2026/09/22 05:06:35.643, 1985388, GPU-c19b526a-dfb9-68a7-ae04-b68c870482af, 1278 MiB
2026/09/22 05:06:35.643, 1996354, GPU-c19b526a-dfb9-68a7-ae04-b68c870482af, 1278 MiB
2026/09/22 05:06:35.643, 1996517, GPU-c19b526a-dfb9-68a7-ae04-b68c870482af, 1278 MiB
2026/09/22 05:06:35.643, 1999242, GPU-c19b526a-dfb9-68a7-ae04-b68c870482af, 1278 MiB
2026/09/22 05:06:36.643, 1844380, GPU-833bd1d4-962a-a2a9-e8ee-3f18887d8a40, 69848 MiB
2026/09/22 05:06:36.643, 1852943, GPU-833bd1d4-962a-a2a9-e8ee-3f18887d8a40, 4728 MiB
2026/09/22 05:06:36.646, 902823, GPU-5014660a-ded1-5f90-339b-0e5f9738f416, 774 MiB
2026/09/22 05:06:36.646, 917655, GPU-5014660a-ded1-5f90-339b-0e5f9738f416, 75012 MiB
2026/09/22 05:06:36.646, 1844382, GPU-d70c11ba-69d2-8984-e060-d1284dbbf2e3, 69848 MiB
2026/09/22 05:06:36.646, 1852943, GPU-d70c11ba-69d2-8984-e060-d1284dbbf2e3, 4728 MiB
2026/09/22 05:06:36.648, 137936, GPU-ae2bc357-9c9d-ff3d-c235-bf7e8de8e94c, 1278 MiB
2026/09/22 05:06:36.648, 137983, GPU-ae2bc357-9c9d-ff3d-c235-bf7e8de8e94c, 938 MiB
2026/09/22 05:06:36.648, 138213, GPU-ae2bc357-9c9d-ff3d-c235-bf7e8de8e94c, 938 MiB
2026/09/22 05:06:36.648, 138331, GPU-ae2bc357-9c9d-ff3d-c235-bf7e8de8e94c, 938 MiB
2026/09/22 05:06:36.648, 138526, GPU-ae2bc357-9c9d-ff3d-c235-bf7e8de8e94c, 938 MiB
2026/09/22 05:06:36.648, 138832, GPU-ae2bc357-9c9d-ff3d-c235-bf7e8de8e94c, 1306 MiB
2026/09/22 05:06:36.648, 1827563, GPU-ae2bc357-9c9d-ff3d-c235-bf7e8de8e94c, 1306 MiB
2026/09/22 05:06:36.648, 1827662, GPU-ae2bc357-9c9d-ff3d-c235-bf7e8de8e94c, 1306 MiB
2026/09/22 05:06:36.649, 907585, GPU-eeb7d960-135d-5f5e-859f-f7f5efb7136d, 774 MiB
2026/09/22 05:06:36.649, 987850, GPU-eeb7d960-135d-5f5e-859f-f7f5efb7136d, 73700 MiB
2026/09/22 05:06:36.650, 1209359, GPU-d6d9222c-9b57-3843-4d93-d2a40b30ad2b, 49386 MiB
2026/09/22 05:06:36.650, 1981187, GPU-c19b526a-dfb9-68a7-ae04-b68c870482af, 1306 MiB
2026/09/22 05:06:36.650, 1981575, GPU-c19b526a-dfb9-68a7-ae04-b68c870482af, 1278 MiB
2026/09/22 05:06:36.650, 1985001, GPU-c19b526a-dfb9-68a7-ae04-b68c870482af, 1278 MiB
2026/09/22 05:06:36.650, 1985175, GPU-c19b526a-dfb9-68a7-ae04-b68c870482af, 1278 MiB
2026/09/22 05:06:36.650, 1985388, GPU-c19b526a-dfb9-68a7-ae04-b68c870482af, 1278 MiB
2026/09/22 05:06:36.650, 1996354, GPU-c19b526a-dfb9-68a7-ae04-b68c870482af, 1278 MiB
2026/09/22 05:06:36.650, 1996517, GPU-c19b526a-dfb9-68a7-ae04-b68c870482af, 1278 MiB
2026/09/22 05:06:36.650, 1999242, GPU-c19b526a-dfb9-68a7-ae04-b68c870482af, 1278 MiB
2026/09/22 05:06:37.652, 1844380, GPU-833bd1d4-962a-a2a9-e8ee-3f18887d8a40, 69848 MiB
2026/09/22 05:06:37.652, 1852943, GPU-833bd1d4-962a-a2a9-e8ee-3f18887d8a40, 4728 MiB
2026/09/22 05:06:37.655, 902823, GPU-5014660a-ded1-5f90-339b-0e5f9738f416, 774 MiB
2026/09/22 05:06:37.655, 917655, GPU-5014660a-ded1-5f90-339b-0e5f9738f416, 75012 MiB
2026/09/22 05:06:37.658, 1844382, GPU-d70c11ba-69d2-8984-e060-d1284dbbf2e3, 69848 MiB
2026/09/22 05:06:37.658, 1852943, GPU-d70c11ba-69d2-8984-e060-d1284dbbf2e3, 4728 MiB
2026/09/22 05:06:37.662, 137936, GPU-ae2bc357-9c9d-ff3d-c235-bf7e8de8e94c, 1278 MiB
2026/09/22 05:06:37.662, 137983, GPU-ae2bc357-9c9d-ff3d-c235-bf7e8de8e94c, 938 MiB
2026/09/22 05:06:37.662, 138213, GPU-ae2bc357-9c9d-ff3d-c235-bf7e8de8e94c, 938 MiB
2026/09/22 05:06:37.662, 138331, GPU-ae2bc357-9c9d-ff3d-c235-bf7e8de8e94c, 938 MiB
2026/09/22 05:06:37.662, 138526, GPU-ae2bc357-9c9d-ff3d-c235-bf7e8de8e94c, 938 MiB
2026/09/22 05:06:37.662, 138832, GPU-ae2bc357-9c9d-ff3d-c235-bf7e8de8e94c, 1306 MiB
2026/09/22 05:06:37.662, 1827563, GPU-ae2bc357-9c9d-ff3d-c235-bf7e8de8e94c, 1306 MiB
2026/09/22 05:06:37.662, 1827662, GPU-ae2bc357-9c9d-ff3d-c235-bf7e8de8e94c, 1306 MiB
2026/09/22 05:06:37.663, 907585, GPU-eeb7d960-135d-5f5e-859f-f7f5efb7136d, 774 MiB
2026/09/22 05:06:37.663, 987850, GPU-eeb7d960-135d-5f5e-859f-f7f5efb7136d, 73700 MiB
2026/09/22 05:06:37.663, 1209359, GPU-d6d9222c-9b57-3843-4d93-d2a40b30ad2b, 49386 MiB
2026/09/22 05:06:37.663, 1981187, GPU-c19b526a-dfb9-68a7-ae04-b68c870482af, 1306 MiB
2026/09/22 05:06:37.663, 1981575, GPU-c19b526a-dfb9-68a7-ae04-b68c870482af, 1278 MiB
2026/09/22 05:06:37.663, 1985001, GPU-c19b526a-dfb9-68a7-ae04-b68c870482af, 1278 MiB
2026/09/22 05:06:37.663, 1985175, GPU-c19b526a-dfb9-68a7-ae04-b68c870482af, 1278 MiB
2026/09/22 05:06:37.663, 1985388, GPU-c19b526a-dfb9-68a7-ae04-b68c870482af, 1278 MiB
2026/09/22 05:06:37.663, 1996354, GPU-c19b526a-dfb9-68a7-ae04-b68c870482af, 1278 MiB
2026/09/22 05:06:37.663, 1996517, GPU-c19b526a-dfb9-68a7-ae04-b68c870482af, 1278 MiB
2026/09/22 05:06:37.663, 1999242, GPU-c19b526a-dfb9-68a7-ae04-b68c870482af, 1278 MiB
2026/09/22 05:06:38.664, 1844380, GPU-833bd1d4-962a-a2a9-e8ee-3f18887d8a40, 69848 MiB
2026/09/22 05:06:38.664, 1852943, GPU-833bd1d4-962a-a2a9-e8ee-3f18887d8a40, 4728 MiB
2026/09/22 05:06:38.666, 902823, GPU-5014660a-ded1-5f90-339b-0e5f9738f416, 774 MiB
2026/09/22 05:06:38.666, 917655, GPU-5014660a-ded1-5f90-339b-0e5f9738f416, 75012 MiB
2026/09/22 05:06:38.666, 1844382, GPU-d70c11ba-69d2-8984-e060-d1284dbbf2e3, 69848 MiB
2026/09/22 05:06:38.666, 1852943, GPU-d70c11ba-69d2-8984-e060-d1284dbbf2e3, 4728 MiB
2026/09/22 05:06:38.667, 137936, GPU-ae2bc357-9c9d-ff3d-c235-bf7e8de8e94c, 1278 MiB
2026/09/22 05:06:38.667, 137983, GPU-ae2bc357-9c9d-ff3d-c235-bf7e8de8e94c, 938 MiB
2026/09/22 05:06:38.667, 138213, GPU-ae2bc357-9c9d-ff3d-c235-bf7e8de8e94c, 938 MiB
2026/09/22 05:06:38.667, 138331, GPU-ae2bc357-9c9d-ff3d-c235-bf7e8de8e94c, 938 MiB
2026/09/22 05:06:38.667, 138526, GPU-ae2bc357-9c9d-ff3d-c235-bf7e8de8e94c, 938 MiB
2026/09/22 05:06:38.667, 138832, GPU-ae2bc357-9c9d-ff3d-c235-bf7e8de8e94c, 1306 MiB
2026/09/22 05:06:38.667, 1827563, GPU-ae2bc357-9c9d-ff3d-c235-bf7e8de8e94c, 1306 MiB
2026/09/22 05:06:38.667, 1827662, GPU-ae2bc357-9c9d-ff3d-c235-bf7e8de8e94c, 1306 MiB
2026/09/22 05:06:38.668, 907585, GPU-eeb7d960-135d-5f5e-859f-f7f5efb7136d, 774 MiB
2026/09/22 05:06:38.668, 987850, GPU-eeb7d960-135d-5f5e-859f-f7f5efb7136d, 73700 MiB
2026/09/22 05:06:38.669, 1209359, GPU-d6d9222c-9b57-3843-4d93-d2a40b30ad2b, 49386 MiB
2026/09/22 05:06:38.669, 1981187, GPU-c19b526a-dfb9-68a7-ae04-b68c870482af, 1306 MiB
2026/09/22 05:06:38.669, 1981575, GPU-c19b526a-dfb9-68a7-ae04-b68c870482af, 1278 MiB
2026/09/22 05:06:38.669, 1985001, GPU-c19b526a-dfb9-68a7-ae04-b68c870482af, 1278 MiB
2026/09/22 05:06:38.669, 1985175, GPU-c19b526a-dfb9-68a7-ae04-b68c870482af, 1278 MiB
2026/09/22 05:06:38.669, 1985388, GPU-c19b526a-dfb9-68a7-ae04-b68c870482af, 1278 MiB
2026/09/22 05:06:38.669, 1996354, GPU-c19b526a-dfb9-68a7-ae04-b68c870482af, 1278 MiB
2026/09/22 05:06:38.669, 1996517, GPU-c19b526a-dfb9-68a7-ae04-b68c870482af, 1278 MiB
2026/09/22 05:06:38.669, 1999242, GPU-c19b526a-dfb9-68a7-ae04-b68c870482af, 1278 MiB
2026/09/22 05:06:39.670, 1844380, GPU-833bd1d4-962a-a2a9-e8ee-3f18887d8a40, 69848 MiB
2026/09/22 05:06:39.670, 1852943, GPU-833bd1d4-962a-a2a9-e8ee-3f18887d8a40, 4728 MiB
2026/09/22 05:06:39.672, 902823, GPU-5014660a-ded1-5f90-339b-0e5f9738f416, 774 MiB
2026/09/22 05:06:39.672, 917655, GPU-5014660a-ded1-5f90-339b-0e5f9738f416, 75012 MiB
2026/09/22 05:06:39.673, 1844382, GPU-d70c11ba-69d2-8984-e060-d1284dbbf2e3, 69848 MiB
2026/09/22 05:06:39.673, 1852943, GPU-d70c11ba-69d2-8984-e060-d1284dbbf2e3, 4728 MiB
2026/09/22 05:06:39.674, 137936, GPU-ae2bc357-9c9d-ff3d-c235-bf7e8de8e94c, 1278 MiB
2026/09/22 05:06:39.674, 137983, GPU-ae2bc357-9c9d-ff3d-c235-bf7e8de8e94c, 938 MiB
2026/09/22 05:06:39.674, 138213, GPU-ae2bc357-9c9d-ff3d-c235-bf7e8de8e94c, 938 MiB
2026/09/22 05:06:39.674, 138331, GPU-ae2bc357-9c9d-ff3d-c235-bf7e8de8e94c, 938 MiB
2026/09/22 05:06:39.674, 138526, GPU-ae2bc357-9c9d-ff3d-c235-bf7e8de8e94c, 938 MiB
2026/09/22 05:06:39.674, 138832, GPU-ae2bc357-9c9d-ff3d-c235-bf7e8de8e94c, 1306 MiB
2026/09/22 05:06:39.674, 1827563, GPU-ae2bc357-9c9d-ff3d-c235-bf7e8de8e94c, 1306 MiB
2026/09/22 05:06:39.674, 1827662, GPU-ae2bc357-9c9d-ff3d-c235-bf7e8de8e94c, 1306 MiB
2026/09/22 05:06:39.675, 907585, GPU-eeb7d960-135d-5f5e-859f-f7f5efb7136d, 774 MiB
2026/09/22 05:06:39.675, 987850, GPU-eeb7d960-135d-5f5e-859f-f7f5efb7136d, 73700 MiB
2026/09/22 05:06:39.675, 1209359, GPU-d6d9222c-9b57-3843-4d93-d2a40b30ad2b, 49386 MiB
2026/09/22 05:06:39.676, 1981187, GPU-c19b526a-dfb9-68a7-ae04-b68c870482af, 1306 MiB
2026/09/22 05:06:39.676, 1981575, GPU-c19b526a-dfb9-68a7-ae04-b68c870482af, 1278 MiB
2026/09/22 05:06:39.676, 1985001, GPU-c19b526a-dfb9-68a7-ae04-b68c870482af, 1278 MiB
2026/09/22 05:06:39.676, 1985175, GPU-c19b526a-dfb9-68a7-ae04-b68c870482af, 1278 MiB
2026/09/22 05:06:39.676, 1985388, GPU-c19b526a-dfb9-68a7-ae04-b68c870482af, 1278 MiB
2026/09/22 05:06:39.676, 1996354, GPU-c19b526a-dfb9-68a7-ae04-b68c870482af, 1278 MiB
2026/09/22 05:06:39.676, 1996517, GPU-c19b526a-dfb9-68a7-ae04-b68c870482af, 1278 MiB
2026/09/22 05:06:39.676, 1999242, GPU-c19b526a-dfb9-68a7-ae04-b68c870482af, 1278 MiB
2026/09/22 05:06:40.677, 1844380, GPU-833bd1d4-962a-a2a9-e8ee-3f18887d8a40, 69848 MiB
2026/09/22 05:06:40.677, 1852943, GPU-833bd1d4-962a-a2a9-e8ee-3f18887d8a40, 4728 MiB
2026/09/22 05:06:40.678, 902823, GPU-5014660a-ded1-5f90-339b-0e5f9738f416, 774 MiB
2026/09/22 05:06:40.678, 917655, GPU-5014660a-ded1-5f90-339b-0e5f9738f416, 75012 MiB
2026/09/22 05:06:40.678, 1844382, GPU-d70c11ba-69d2-8984-e060-d1284dbbf2e3, 69848 MiB
2026/09/22 05:06:40.678, 1852943, GPU-d70c11ba-69d2-8984-e060-d1284dbbf2e3, 4728 MiB
2026/09/22 05:06:40.679, 137936, GPU-ae2bc357-9c9d-ff3d-c235-bf7e8de8e94c, 1278 MiB
2026/09/22 05:06:40.679, 137983, GPU-ae2bc357-9c9d-ff3d-c235-bf7e8de8e94c, 938 MiB
2026/09/22 05:06:40.679, 138213, GPU-ae2bc357-9c9d-ff3d-c235-bf7e8de8e94c, 938 MiB
2026/09/22 05:06:40.679, 138331, GPU-ae2bc357-9c9d-ff3d-c235-bf7e8de8e94c, 938 MiB
2026/09/22 05:06:40.679, 138526, GPU-ae2bc357-9c9d-ff3d-c235-bf7e8de8e94c, 938 MiB
2026/09/22 05:06:40.679, 138832, GPU-ae2bc357-9c9d-ff3d-c235-bf7e8de8e94c, 1306 MiB
2026/09/22 05:06:40.679, 1827563, GPU-ae2bc357-9c9d-ff3d-c235-bf7e8de8e94c, 1306 MiB
2026/09/22 05:06:40.679, 1827662, GPU-ae2bc357-9c9d-ff3d-c235-bf7e8de8e94c, 1306 MiB
2026/09/22 05:06:40.680, 907585, GPU-eeb7d960-135d-5f5e-859f-f7f5efb7136d, 774 MiB
2026/09/22 05:06:40.680, 987850, GPU-eeb7d960-135d-5f5e-859f-f7f5efb7136d, 73700 MiB
2026/09/22 05:06:40.680, 1209359, GPU-d6d9222c-9b57-3843-4d93-d2a40b30ad2b, 49386 MiB
2026/09/22 05:06:40.681, 1981187, GPU-c19b526a-dfb9-68a7-ae04-b68c870482af, 1306 MiB
2026/09/22 05:06:40.681, 1981575, GPU-c19b526a-dfb9-68a7-ae04-b68c870482af, 1278 MiB
2026/09/22 05:06:40.681, 1985001, GPU-c19b526a-dfb9-68a7-ae04-b68c870482af, 1278 MiB
2026/09/22 05:06:40.681, 1985175, GPU-c19b526a-dfb9-68a7-ae04-b68c870482af, 1278 MiB
2026/09/22 05:06:40.681, 1985388, GPU-c19b526a-dfb9-68a7-ae04-b68c870482af, 1278 MiB
2026/09/22 05:06:40.681, 1996354, GPU-c19b526a-dfb9-68a7-ae04-b68c870482af, 1278 MiB
2026/09/22 05:06:40.681, 1996517, GPU-c19b526a-dfb9-68a7-ae04-b68c870482af, 1278 MiB
2026/09/22 05:06:40.681, 1999242, GPU-c19b526a-dfb9-68a7-ae04-b68c870482af, 1278 MiB
2026/09/22 05:06:41.682, 1844380, GPU-833bd1d4-962a-a2a9-e8ee-3f18887d8a40, 69848 MiB
2026/09/22 05:06:41.682, 1852943, GPU-833bd1d4-962a-a2a9-e8ee-3f18887d8a40, 4728 MiB
2026/09/22 05:06:41.683, 902823, GPU-5014660a-ded1-5f90-339b-0e5f9738f416, 774 MiB
2026/09/22 05:06:41.683, 917655, GPU-5014660a-ded1-5f90-339b-0e5f9738f416, 75012 MiB
2026/09/22 05:06:41.684, 1844382, GPU-d70c11ba-69d2-8984-e060-d1284dbbf2e3, 69848 MiB
2026/09/22 05:06:41.684, 1852943, GPU-d70c11ba-69d2-8984-e060-d1284dbbf2e3, 4728 MiB
2026/09/22 05:06:41.684, 137936, GPU-ae2bc357-9c9d-ff3d-c235-bf7e8de8e94c, 1278 MiB
2026/09/22 05:06:41.684, 137983, GPU-ae2bc357-9c9d-ff3d-c235-bf7e8de8e94c, 938 MiB
2026/09/22 05:06:41.684, 138213, GPU-ae2bc357-9c9d-ff3d-c235-bf7e8de8e94c, 938 MiB
2026/09/22 05:06:41.684, 138331, GPU-ae2bc357-9c9d-ff3d-c235-bf7e8de8e94c, 938 MiB
2026/09/22 05:06:41.684, 138526, GPU-ae2bc357-9c9d-ff3d-c235-bf7e8de8e94c, 938 MiB
2026/09/22 05:06:41.684, 138832, GPU-ae2bc357-9c9d-ff3d-c235-bf7e8de8e94c, 1306 MiB
2026/09/22 05:06:41.684, 1827563, GPU-ae2bc357-9c9d-ff3d-c235-bf7e8de8e94c, 1306 MiB
2026/09/22 05:06:41.684, 1827662, GPU-ae2bc357-9c9d-ff3d-c235-bf7e8de8e94c, 1306 MiB
2026/09/22 05:06:41.685, 907585, GPU-eeb7d960-135d-5f5e-859f-f7f5efb7136d, 774 MiB
2026/09/22 05:06:41.685, 987850, GPU-eeb7d960-135d-5f5e-859f-f7f5efb7136d, 73700 MiB
2026/09/22 05:06:41.685, 1209359, GPU-d6d9222c-9b57-3843-4d93-d2a40b30ad2b, 49386 MiB
2026/09/22 05:06:41.686, 1981187, GPU-c19b526a-dfb9-68a7-ae04-b68c870482af, 1306 MiB
2026/09/22 05:06:41.686, 1981575, GPU-c19b526a-dfb9-68a7-ae04-b68c870482af, 1278 MiB
2026/09/22 05:06:41.686, 1985001, GPU-c19b526a-dfb9-68a7-ae04-b68c870482af, 1278 MiB
2026/09/22 05:06:41.686, 1985175, GPU-c19b526a-dfb9-68a7-ae04-b68c870482af, 1278 MiB
2026/09/22 05:06:41.686, 1985388, GPU-c19b526a-dfb9-68a7-ae04-b68c870482af, 1278 MiB
2026/09/22 05:06:41.686, 1996354, GPU-c19b526a-dfb9-68a7-ae04-b68c870482af, 1278 MiB
2026/09/22 05:06:41.686, 1996517, GPU-c19b526a-dfb9-68a7-ae04-b68c870482af, 1278 MiB
2026/09/22 05:06:41.686, 1999242, GPU-c19b526a-dfb9-68a7-ae04-b68c870482af, 1278 MiB
2026/09/22 05:06:42.687, 1844380, GPU-833bd1d4-962a-a2a9-e8ee-3f18887d8a40, 69848 MiB
2026/09/22 05:06:42.687, 1852943, GPU-833bd1d4-962a-a2a9-e8ee-3f18887d8a40, 4728 MiB
2026/09/22 05:06:42.690, 902823, GPU-5014660a-ded1-5f90-339b-0e5f9738f416, 774 MiB
2026/09/22 05:06:42.690, 917655, GPU-5014660a-ded1-5f90-339b-0e5f9738f416, 75012 MiB
2026/09/22 05:06:42.693, 1844382, GPU-d70c11ba-69d2-8984-e060-d1284dbbf2e3, 69848 MiB
2026/09/22 05:06:42.693, 1852943, GPU-d70c11ba-69d2-8984-e060-d1284dbbf2e3, 4728 MiB
2026/09/22 05:06:42.695, 137936, GPU-ae2bc357-9c9d-ff3d-c235-bf7e8de8e94c, 1278 MiB
2026/09/22 05:06:42.695, 137983, GPU-ae2bc357-9c9d-ff3d-c235-bf7e8de8e94c, 938 MiB
2026/09/22 05:06:42.695, 138213, GPU-ae2bc357-9c9d-ff3d-c235-bf7e8de8e94c, 938 MiB
2026/09/22 05:06:42.695, 138331, GPU-ae2bc357-9c9d-ff3d-c235-bf7e8de8e94c, 938 MiB
2026/09/22 05:06:42.695, 138526, GPU-ae2bc357-9c9d-ff3d-c235-bf7e8de8e94c, 938 MiB
2026/09/22 05:06:42.695, 138832, GPU-ae2bc357-9c9d-ff3d-c235-bf7e8de8e94c, 1306 MiB
2026/09/22 05:06:42.695, 1827563, GPU-ae2bc357-9c9d-ff3d-c235-bf7e8de8e94c, 1306 MiB
2026/09/22 05:06:42.695, 1827662, GPU-ae2bc357-9c9d-ff3d-c235-bf7e8de8e94c, 1306 MiB
2026/09/22 05:06:42.697, 907585, GPU-eeb7d960-135d-5f5e-859f-f7f5efb7136d, 774 MiB
2026/09/22 05:06:42.697, 987850, GPU-eeb7d960-135d-5f5e-859f-f7f5efb7136d, 73700 MiB
2026/09/22 05:06:42.698, 1209359, GPU-d6d9222c-9b57-3843-4d93-d2a40b30ad2b, 49386 MiB
2026/09/22 05:06:42.699, 1981187, GPU-c19b526a-dfb9-68a7-ae04-b68c870482af, 1306 MiB
2026/09/22 05:06:42.699, 1981575, GPU-c19b526a-dfb9-68a7-ae04-b68c870482af, 1278 MiB
2026/09/22 05:06:42.699, 1985001, GPU-c19b526a-dfb9-68a7-ae04-b68c870482af, 1278 MiB
2026/09/22 05:06:42.699, 1985175, GPU-c19b526a-dfb9-68a7-ae04-b68c870482af, 1278 MiB
2026/09/22 05:06:42.699, 1985388, GPU-c19b526a-dfb9-68a7-ae04-b68c870482af, 1278 MiB
2026/09/22 05:06:42.699, 1996354, GPU-c19b526a-dfb9-68a7-ae04-b68c870482af, 1278 MiB
2026/09/22 05:06:42.699, 1996517, GPU-c19b526a-dfb9-68a7-ae04-b68c870482af, 1278 MiB
2026/09/22 05:06:42.699, 1999242, GPU-c19b526a-dfb9-68a7-ae04-b68c870482af, 1278 MiB
2026/09/22 05:06:43.701, 1844380, GPU-833bd1d4-962a-a2a9-e8ee-3f18887d8a40, 69848 MiB
2026/09/22 05:06:43.701, 1852943, GPU-833bd1d4-962a-a2a9-e8ee-3f18887d8a40, 4728 MiB
2026/09/22 05:06:43.703, 902823, GPU-5014660a-ded1-5f90-339b-0e5f9738f416, 774 MiB
2026/09/22 05:06:43.703, 917655, GPU-5014660a-ded1-5f90-339b-0e5f9738f416, 75012 MiB
2026/09/22 05:06:43.703, 1844382, GPU-d70c11ba-69d2-8984-e060-d1284dbbf2e3, 69848 MiB
2026/09/22 05:06:43.703, 1852943, GPU-d70c11ba-69d2-8984-e060-d1284dbbf2e3, 4728 MiB
2026/09/22 05:06:43.704, 137936, GPU-ae2bc357-9c9d-ff3d-c235-bf7e8de8e94c, 1278 MiB
2026/09/22 05:06:43.704, 137983, GPU-ae2bc357-9c9d-ff3d-c235-bf7e8de8e94c, 938 MiB
2026/09/22 05:06:43.704, 138213, GPU-ae2bc357-9c9d-ff3d-c235-bf7e8de8e94c, 938 MiB
2026/09/22 05:06:43.704, 138331, GPU-ae2bc357-9c9d-ff3d-c235-bf7e8de8e94c, 938 MiB
2026/09/22 05:06:43.704, 138526, GPU-ae2bc357-9c9d-ff3d-c235-bf7e8de8e94c, 938 MiB
2026/09/22 05:06:43.704, 138832, GPU-ae2bc357-9c9d-ff3d-c235-bf7e8de8e94c, 1306 MiB
2026/09/22 05:06:43.704, 1827563, GPU-ae2bc357-9c9d-ff3d-c235-bf7e8de8e94c, 1306 MiB
2026/09/22 05:06:43.704, 1827662, GPU-ae2bc357-9c9d-ff3d-c235-bf7e8de8e94c, 1306 MiB
2026/09/22 05:06:43.706, 907585, GPU-eeb7d960-135d-5f5e-859f-f7f5efb7136d, 774 MiB
2026/09/22 05:06:43.706, 987850, GPU-eeb7d960-135d-5f5e-859f-f7f5efb7136d, 73700 MiB
2026/09/22 05:06:43.706, 1209359, GPU-d6d9222c-9b57-3843-4d93-d2a40b30ad2b, 49386 MiB
2026/09/22 05:06:43.707, 1981187, GPU-c19b526a-dfb9-68a7-ae04-b68c870482af, 1306 MiB
2026/09/22 05:06:43.707, 1981575, GPU-c19b526a-dfb9-68a7-ae04-b68c870482af, 1278 MiB
2026/09/22 05:06:43.707, 1985001, GPU-c19b526a-dfb9-68a7-ae04-b68c870482af, 1278 MiB
2026/09/22 05:06:43.707, 1985175, GPU-c19b526a-dfb9-68a7-ae04-b68c870482af, 1278 MiB
2026/09/22 05:06:43.707, 1985388, GPU-c19b526a-dfb9-68a7-ae04-b68c870482af, 1278 MiB
2026/09/22 05:06:43.707, 1996354, GPU-c19b526a-dfb9-68a7-ae04-b68c870482af, 1278 MiB
2026/09/22 05:06:43.707, 1996517, GPU-c19b526a-dfb9-68a7-ae04-b68c870482af, 1278 MiB
2026/09/22 05:06:43.707, 1999242, GPU-c19b526a-dfb9-68a7-ae04-b68c870482af, 1278 MiB
2026/09/22 05:06:44.708, 1844380, GPU-833bd1d4-962a-a2a9-e8ee-3f18887d8a40, 69848 MiB
2026/09/22 05:06:44.708, 1852943, GPU-833bd1d4-962a-a2a9-e8ee-3f18887d8a40, 4728 MiB
2026/09/22 05:06:44.712, 902823, GPU-5014660a-ded1-5f90-339b-0e5f9738f416, 774 MiB
2026/09/22 05:06:44.712, 917655, GPU-5014660a-ded1-5f90-339b-0e5f9738f416, 75012 MiB
2026/09/22 05:06:44.713, 1844382, GPU-d70c11ba-69d2-8984-e060-d1284dbbf2e3, 69848 MiB
2026/09/22 05:06:44.713, 1852943, GPU-d70c11ba-69d2-8984-e060-d1284dbbf2e3, 4728 MiB
2026/09/22 05:06:44.715, 137936, GPU-ae2bc357-9c9d-ff3d-c235-bf7e8de8e94c, 1278 MiB
2026/09/22 05:06:44.715, 137983, GPU-ae2bc357-9c9d-ff3d-c235-bf7e8de8e94c, 938 MiB
2026/09/22 05:06:44.715, 138213, GPU-ae2bc357-9c9d-ff3d-c235-bf7e8de8e94c, 938 MiB
2026/09/22 05:06:44.715, 138331, GPU-ae2bc357-9c9d-ff3d-c235-bf7e8de8e94c, 938 MiB
2026/09/22 05:06:44.715, 138526, GPU-ae2bc357-9c9d-ff3d-c235-bf7e8de8e94c, 938 MiB
2026/09/22 05:06:44.715, 138832, GPU-ae2bc357-9c9d-ff3d-c235-bf7e8de8e94c, 1306 MiB
2026/09/22 05:06:44.715, 1827563, GPU-ae2bc357-9c9d-ff3d-c235-bf7e8de8e94c, 1306 MiB
2026/09/22 05:06:44.715, 1827662, GPU-ae2bc357-9c9d-ff3d-c235-bf7e8de8e94c, 1306 MiB
2026/09/22 05:06:44.716, 907585, GPU-eeb7d960-135d-5f5e-859f-f7f5efb7136d, 774 MiB
2026/09/22 05:06:44.716, 987850, GPU-eeb7d960-135d-5f5e-859f-f7f5efb7136d, 73700 MiB
2026/09/22 05:06:44.716, 1209359, GPU-d6d9222c-9b57-3843-4d93-d2a40b30ad2b, 49386 MiB
2026/09/22 05:06:44.717, 1981187, GPU-c19b526a-dfb9-68a7-ae04-b68c870482af, 1306 MiB
2026/09/22 05:06:44.717, 1981575, GPU-c19b526a-dfb9-68a7-ae04-b68c870482af, 1278 MiB
2026/09/22 05:06:44.717, 1985001, GPU-c19b526a-dfb9-68a7-ae04-b68c870482af, 1278 MiB
2026/09/22 05:06:44.717, 1985175, GPU-c19b526a-dfb9-68a7-ae04-b68c870482af, 1278 MiB
2026/09/22 05:06:44.717, 1985388, GPU-c19b526a-dfb9-68a7-ae04-b68c870482af, 1278 MiB
2026/09/22 05:06:44.717, 1996354, GPU-c19b526a-dfb9-68a7-ae04-b68c870482af, 1278 MiB
2026/09/22 05:06:44.717, 1996517, GPU-c19b526a-dfb9-68a7-ae04-b68c870482af, 1278 MiB
2026/09/22 05:06:44.717, 1999242, GPU-c19b526a-dfb9-68a7-ae04-b68c870482af, 1278 MiB
2026/09/22 05:06:45.718, 1844380, GPU-833bd1d4-962a-a2a9-e8ee-3f18887d8a40, 69848 MiB
2026/09/22 05:06:45.718, 1852943, GPU-833bd1d4-962a-a2a9-e8ee-3f18887d8a40, 4728 MiB
2026/09/22 05:06:45.720, 902823, GPU-5014660a-ded1-5f90-339b-0e5f9738f416, 774 MiB
2026/09/22 05:06:45.720, 917655, GPU-5014660a-ded1-5f90-339b-0e5f9738f416, 75012 MiB
2026/09/22 05:06:45.721, 1844382, GPU-d70c11ba-69d2-8984-e060-d1284dbbf2e3, 69848 MiB
2026/09/22 05:06:45.721, 1852943, GPU-d70c11ba-69d2-8984-e060-d1284dbbf2e3, 4728 MiB
2026/09/22 05:06:45.722, 137936, GPU-ae2bc357-9c9d-ff3d-c235-bf7e8de8e94c, 1278 MiB
2026/09/22 05:06:45.722, 137983, GPU-ae2bc357-9c9d-ff3d-c235-bf7e8de8e94c, 938 MiB
2026/09/22 05:06:45.722, 138213, GPU-ae2bc357-9c9d-ff3d-c235-bf7e8de8e94c, 938 MiB
2026/09/22 05:06:45.722, 138331, GPU-ae2bc357-9c9d-ff3d-c235-bf7e8de8e94c, 938 MiB
2026/09/22 05:06:45.722, 138526, GPU-ae2bc357-9c9d-ff3d-c235-bf7e8de8e94c, 938 MiB
2026/09/22 05:06:45.722, 138832, GPU-ae2bc357-9c9d-ff3d-c235-bf7e8de8e94c, 1306 MiB
2026/09/22 05:06:45.722, 1827563, GPU-ae2bc357-9c9d-ff3d-c235-bf7e8de8e94c, 1306 MiB
2026/09/22 05:06:45.722, 1827662, GPU-ae2bc357-9c9d-ff3d-c235-bf7e8de8e94c, 1306 MiB
2026/09/22 05:06:45.723, 907585, GPU-eeb7d960-135d-5f5e-859f-f7f5efb7136d, 774 MiB
2026/09/22 05:06:45.723, 987850, GPU-eeb7d960-135d-5f5e-859f-f7f5efb7136d, 73700 MiB
2026/09/22 05:06:45.724, 1209359, GPU-d6d9222c-9b57-3843-4d93-d2a40b30ad2b, 49386 MiB
2026/09/22 05:06:45.724, 1981187, GPU-c19b526a-dfb9-68a7-ae04-b68c870482af, 1306 MiB
2026/09/22 05:06:45.724, 1981575, GPU-c19b526a-dfb9-68a7-ae04-b68c870482af, 1278 MiB
2026/09/22 05:06:45.724, 1985001, GPU-c19b526a-dfb9-68a7-ae04-b68c870482af, 1278 MiB
2026/09/22 05:06:45.724, 1985175, GPU-c19b526a-dfb9-68a7-ae04-b68c870482af, 1278 MiB
2026/09/22 05:06:45.724, 1985388, GPU-c19b526a-dfb9-68a7-ae04-b68c870482af, 1278 MiB
2026/09/22 05:06:45.724, 1996354, GPU-c19b526a-dfb9-68a7-ae04-b68c870482af, 1278 MiB
2026/09/22 05:06:45.724, 1996517, GPU-c19b526a-dfb9-68a7-ae04-b68c870482af, 1278 MiB
2026/09/22 05:06:45.724, 1999242, GPU-c19b526a-dfb9-68a7-ae04-b68c870482af, 1278 MiB
2026/09/22 05:06:46.725, 1844380, GPU-833bd1d4-962a-a2a9-e8ee-3f18887d8a40, 69848 MiB
2026/09/22 05:06:46.725, 1852943, GPU-833bd1d4-962a-a2a9-e8ee-3f18887d8a40, 4728 MiB
2026/09/22 05:06:46.727, 902823, GPU-5014660a-ded1-5f90-339b-0e5f9738f416, 774 MiB
2026/09/22 05:06:46.727, 917655, GPU-5014660a-ded1-5f90-339b-0e5f9738f416, 75012 MiB
2026/09/22 05:06:46.727, 1844382, GPU-d70c11ba-69d2-8984-e060-d1284dbbf2e3, 69848 MiB
2026/09/22 05:06:46.727, 1852943, GPU-d70c11ba-69d2-8984-e060-d1284dbbf2e3, 4728 MiB
2026/09/22 05:06:46.728, 137936, GPU-ae2bc357-9c9d-ff3d-c235-bf7e8de8e94c, 1278 MiB
2026/09/22 05:06:46.728, 137983, GPU-ae2bc357-9c9d-ff3d-c235-bf7e8de8e94c, 938 MiB
2026/09/22 05:06:46.728, 138213, GPU-ae2bc357-9c9d-ff3d-c235-bf7e8de8e94c, 938 MiB
2026/09/22 05:06:46.728, 138331, GPU-ae2bc357-9c9d-ff3d-c235-bf7e8de8e94c, 938 MiB
2026/09/22 05:06:46.728, 138526, GPU-ae2bc357-9c9d-ff3d-c235-bf7e8de8e94c, 938 MiB
2026/09/22 05:06:46.728, 138832, GPU-ae2bc357-9c9d-ff3d-c235-bf7e8de8e94c, 1306 MiB
2026/09/22 05:06:46.728, 1827563, GPU-ae2bc357-9c9d-ff3d-c235-bf7e8de8e94c, 1306 MiB
2026/09/22 05:06:46.728, 1827662, GPU-ae2bc357-9c9d-ff3d-c235-bf7e8de8e94c, 1306 MiB
2026/09/22 05:06:46.729, 907585, GPU-eeb7d960-135d-5f5e-859f-f7f5efb7136d, 774 MiB
2026/09/22 05:06:46.729, 987850, GPU-eeb7d960-135d-5f5e-859f-f7f5efb7136d, 73700 MiB
2026/09/22 05:06:46.729, 1209359, GPU-d6d9222c-9b57-3843-4d93-d2a40b30ad2b, 49386 MiB
2026/09/22 05:06:46.729, 1981187, GPU-c19b526a-dfb9-68a7-ae04-b68c870482af, 1306 MiB
2026/09/22 05:06:46.729, 1981575, GPU-c19b526a-dfb9-68a7-ae04-b68c870482af, 1278 MiB
2026/09/22 05:06:46.729, 1985001, GPU-c19b526a-dfb9-68a7-ae04-b68c870482af, 1278 MiB
2026/09/22 05:06:46.729, 1985175, GPU-c19b526a-dfb9-68a7-ae04-b68c870482af, 1278 MiB
2026/09/22 05:06:46.729, 1985388, GPU-c19b526a-dfb9-68a7-ae04-b68c870482af, 1278 MiB
2026/09/22 05:06:46.729, 1996354, GPU-c19b526a-dfb9-68a7-ae04-b68c870482af, 1278 MiB
2026/09/22 05:06:46.729, 1996517, GPU-c19b526a-dfb9-68a7-ae04-b68c870482af, 1278 MiB
2026/09/22 05:06:46.729, 1999242, GPU-c19b526a-dfb9-68a7-ae04-b68c870482af, 1278 MiB
2026/09/22 05:06:47.730, 1844380, GPU-833bd1d4-962a-a2a9-e8ee-3f18887d8a40, 69848 MiB
2026/09/22 05:06:47.730, 1852943, GPU-833bd1d4-962a-a2a9-e8ee-3f18887d8a40, 4728 MiB
2026/09/22 05:06:47.734, 902823, GPU-5014660a-ded1-5f90-339b-0e5f9738f416, 774 MiB
2026/09/22 05:06:47.734, 917655, GPU-5014660a-ded1-5f90-339b-0e5f9738f416, 75012 MiB
2026/09/22 05:06:47.735, 1844382, GPU-d70c11ba-69d2-8984-e060-d1284dbbf2e3, 69848 MiB
2026/09/22 05:06:47.735, 1852943, GPU-d70c11ba-69d2-8984-e060-d1284dbbf2e3, 4728 MiB
2026/09/22 05:06:47.738, 137936, GPU-ae2bc357-9c9d-ff3d-c235-bf7e8de8e94c, 1278 MiB
2026/09/22 05:06:47.738, 137983, GPU-ae2bc357-9c9d-ff3d-c235-bf7e8de8e94c, 938 MiB
2026/09/22 05:06:47.738, 138213, GPU-ae2bc357-9c9d-ff3d-c235-bf7e8de8e94c, 938 MiB
2026/09/22 05:06:47.738, 138331, GPU-ae2bc357-9c9d-ff3d-c235-bf7e8de8e94c, 938 MiB
2026/09/22 05:06:47.738, 138526, GPU-ae2bc357-9c9d-ff3d-c235-bf7e8de8e94c, 938 MiB
2026/09/22 05:06:47.738, 138832, GPU-ae2bc357-9c9d-ff3d-c235-bf7e8de8e94c, 1306 MiB
2026/09/22 05:06:47.738, 1827563, GPU-ae2bc357-9c9d-ff3d-c235-bf7e8de8e94c, 1306 MiB
2026/09/22 05:06:47.738, 1827662, GPU-ae2bc357-9c9d-ff3d-c235-bf7e8de8e94c, 1306 MiB
2026/09/22 05:06:47.740, 907585, GPU-eeb7d960-135d-5f5e-859f-f7f5efb7136d, 774 MiB
2026/09/22 05:06:47.740, 987850, GPU-eeb7d960-135d-5f5e-859f-f7f5efb7136d, 73700 MiB
2026/09/22 05:06:47.741, 1209359, GPU-d6d9222c-9b57-3843-4d93-d2a40b30ad2b, 49386 MiB
2026/09/22 05:06:47.742, 1981187, GPU-c19b526a-dfb9-68a7-ae04-b68c870482af, 1306 MiB
2026/09/22 05:06:47.742, 1981575, GPU-c19b526a-dfb9-68a7-ae04-b68c870482af, 1278 MiB
2026/09/22 05:06:47.742, 1985001, GPU-c19b526a-dfb9-68a7-ae04-b68c870482af, 1278 MiB
2026/09/22 05:06:47.742, 1985175, GPU-c19b526a-dfb9-68a7-ae04-b68c870482af, 1278 MiB
2026/09/22 05:06:47.742, 1985388, GPU-c19b526a-dfb9-68a7-ae04-b68c870482af, 1278 MiB
2026/09/22 05:06:47.742, 1996354, GPU-c19b526a-dfb9-68a7-ae04-b68c870482af, 1278 MiB
2026/09/22 05:06:47.742, 1996517, GPU-c19b526a-dfb9-68a7-ae04-b68c870482af, 1278 MiB
2026/09/22 05:06:47.742, 1999242, GPU-c19b526a-dfb9-68a7-ae04-b68c870482af, 1278 MiB
2026/09/22 05:06:48.746, 1844380, GPU-833bd1d4-962a-a2a9-e8ee-3f18887d8a40, 69848 MiB
2026/09/22 05:06:48.746, 1852943, GPU-833bd1d4-962a-a2a9-e8ee-3f18887d8a40, 4728 MiB
2026/09/22 05:06:48.748, 902823, GPU-5014660a-ded1-5f90-339b-0e5f9738f416, 774 MiB
2026/09/22 05:06:48.748, 917655, GPU-5014660a-ded1-5f90-339b-0e5f9738f416, 75012 MiB
2026/09/22 05:06:48.748, 1844382, GPU-d70c11ba-69d2-8984-e060-d1284dbbf2e3, 69848 MiB
2026/09/22 05:06:48.748, 1852943, GPU-d70c11ba-69d2-8984-e060-d1284dbbf2e3, 4728 MiB
2026/09/22 05:06:48.750, 137936, GPU-ae2bc357-9c9d-ff3d-c235-bf7e8de8e94c, 1278 MiB
2026/09/22 05:06:48.750, 137983, GPU-ae2bc357-9c9d-ff3d-c235-bf7e8de8e94c, 938 MiB
2026/09/22 05:06:48.750, 138213, GPU-ae2bc357-9c9d-ff3d-c235-bf7e8de8e94c, 938 MiB
2026/09/22 05:06:48.750, 138331, GPU-ae2bc357-9c9d-ff3d-c235-bf7e8de8e94c, 938 MiB
2026/09/22 05:06:48.750, 138526, GPU-ae2bc357-9c9d-ff3d-c235-bf7e8de8e94c, 938 MiB
2026/09/22 05:06:48.750, 138832, GPU-ae2bc357-9c9d-ff3d-c235-bf7e8de8e94c, 1306 MiB
2026/09/22 05:06:48.750, 1827563, GPU-ae2bc357-9c9d-ff3d-c235-bf7e8de8e94c, 1306 MiB
2026/09/22 05:06:48.750, 1827662, GPU-ae2bc357-9c9d-ff3d-c235-bf7e8de8e94c, 1306 MiB
2026/09/22 05:06:48.751, 907585, GPU-eeb7d960-135d-5f5e-859f-f7f5efb7136d, 774 MiB
2026/09/22 05:06:48.751, 987850, GPU-eeb7d960-135d-5f5e-859f-f7f5efb7136d, 73700 MiB
2026/09/22 05:06:48.751, 1209359, GPU-d6d9222c-9b57-3843-4d93-d2a40b30ad2b, 49386 MiB
2026/09/22 05:06:48.752, 1981187, GPU-c19b526a-dfb9-68a7-ae04-b68c870482af, 1306 MiB
2026/09/22 05:06:48.752, 1981575, GPU-c19b526a-dfb9-68a7-ae04-b68c870482af, 1278 MiB
2026/09/22 05:06:48.752, 1985001, GPU-c19b526a-dfb9-68a7-ae04-b68c870482af, 1278 MiB
2026/09/22 05:06:48.752, 1985175, GPU-c19b526a-dfb9-68a7-ae04-b68c870482af, 1278 MiB
2026/09/22 05:06:48.752, 1985388, GPU-c19b526a-dfb9-68a7-ae04-b68c870482af, 1278 MiB
2026/09/22 05:06:48.752, 1996354, GPU-c19b526a-dfb9-68a7-ae04-b68c870482af, 1278 MiB
2026/09/22 05:06:48.752, 1996517, GPU-c19b526a-dfb9-68a7-ae04-b68c870482af, 1278 MiB
2026/09/22 05:06:48.752, 1999242, GPU-c19b526a-dfb9-68a7-ae04-b68c870482af, 1278 MiB
2026/09/22 05:06:49.753, 1844380, GPU-833bd1d4-962a-a2a9-e8ee-3f18887d8a40, 69848 MiB
2026/09/22 05:06:49.753, 1852943, GPU-833bd1d4-962a-a2a9-e8ee-3f18887d8a40, 4728 MiB
2026/09/22 05:06:49.755, 902823, GPU-5014660a-ded1-5f90-339b-0e5f9738f416, 774 MiB
2026/09/22 05:06:49.755, 917655, GPU-5014660a-ded1-5f90-339b-0e5f9738f416, 75012 MiB
2026/09/22 05:06:49.755, 1844382, GPU-d70c11ba-69d2-8984-e060-d1284dbbf2e3, 69848 MiB
2026/09/22 05:06:49.755, 1852943, GPU-d70c11ba-69d2-8984-e060-d1284dbbf2e3, 4728 MiB
2026/09/22 05:06:49.756, 137936, GPU-ae2bc357-9c9d-ff3d-c235-bf7e8de8e94c, 1278 MiB
2026/09/22 05:06:49.756, 137983, GPU-ae2bc357-9c9d-ff3d-c235-bf7e8de8e94c, 938 MiB
2026/09/22 05:06:49.756, 138213, GPU-ae2bc357-9c9d-ff3d-c235-bf7e8de8e94c, 938 MiB
2026/09/22 05:06:49.756, 138331, GPU-ae2bc357-9c9d-ff3d-c235-bf7e8de8e94c, 938 MiB
2026/09/22 05:06:49.756, 138526, GPU-ae2bc357-9c9d-ff3d-c235-bf7e8de8e94c, 938 MiB
2026/09/22 05:06:49.756, 138832, GPU-ae2bc357-9c9d-ff3d-c235-bf7e8de8e94c, 1306 MiB
2026/09/22 05:06:49.756, 1827563, GPU-ae2bc357-9c9d-ff3d-c235-bf7e8de8e94c, 1306 MiB
2026/09/22 05:06:49.756, 1827662, GPU-ae2bc357-9c9d-ff3d-c235-bf7e8de8e94c, 1306 MiB
2026/09/22 05:06:49.758, 907585, GPU-eeb7d960-135d-5f5e-859f-f7f5efb7136d, 774 MiB
2026/09/22 05:06:49.758, 987850, GPU-eeb7d960-135d-5f5e-859f-f7f5efb7136d, 73700 MiB
2026/09/22 05:06:49.758, 1209359, GPU-d6d9222c-9b57-3843-4d93-d2a40b30ad2b, 49386 MiB
2026/09/22 05:06:49.759, 1981187, GPU-c19b526a-dfb9-68a7-ae04-b68c870482af, 1306 MiB
2026/09/22 05:06:49.759, 1981575, GPU-c19b526a-dfb9-68a7-ae04-b68c870482af, 1278 MiB
2026/09/22 05:06:49.759, 1985001, GPU-c19b526a-dfb9-68a7-ae04-b68c870482af, 1278 MiB
2026/09/22 05:06:49.759, 1985175, GPU-c19b526a-dfb9-68a7-ae04-b68c870482af, 1278 MiB
2026/09/22 05:06:49.759, 1985388, GPU-c19b526a-dfb9-68a7-ae04-b68c870482af, 1278 MiB
2026/09/22 05:06:49.759, 1996354, GPU-c19b526a-dfb9-68a7-ae04-b68c870482af, 1278 MiB
2026/09/22 05:06:49.759, 1996517, GPU-c19b526a-dfb9-68a7-ae04-b68c870482af, 1278 MiB
2026/09/22 05:06:49.759, 1999242, GPU-c19b526a-dfb9-68a7-ae04-b68c870482af, 1278 MiB
2026/09/22 05:06:50.760, 1844380, GPU-833bd1d4-962a-a2a9-e8ee-3f18887d8a40, 69848 MiB
2026/09/22 05:06:50.760, 1852943, GPU-833bd1d4-962a-a2a9-e8ee-3f18887d8a40, 4728 MiB
2026/09/22 05:06:50.762, 902823, GPU-5014660a-ded1-5f90-339b-0e5f9738f416, 774 MiB
2026/09/22 05:06:50.762, 917655, GPU-5014660a-ded1-5f90-339b-0e5f9738f416, 75012 MiB
2026/09/22 05:06:50.762, 1844382, GPU-d70c11ba-69d2-8984-e060-d1284dbbf2e3, 69848 MiB
2026/09/22 05:06:50.762, 1852943, GPU-d70c11ba-69d2-8984-e060-d1284dbbf2e3, 4728 MiB
2026/09/22 05:06:50.763, 137936, GPU-ae2bc357-9c9d-ff3d-c235-bf7e8de8e94c, 1278 MiB
2026/09/22 05:06:50.763, 137983, GPU-ae2bc357-9c9d-ff3d-c235-bf7e8de8e94c, 938 MiB
2026/09/22 05:06:50.763, 138213, GPU-ae2bc357-9c9d-ff3d-c235-bf7e8de8e94c, 938 MiB
2026/09/22 05:06:50.763, 138331, GPU-ae2bc357-9c9d-ff3d-c235-bf7e8de8e94c, 938 MiB
2026/09/22 05:06:50.763, 138526, GPU-ae2bc357-9c9d-ff3d-c235-bf7e8de8e94c, 938 MiB
2026/09/22 05:06:50.763, 138832, GPU-ae2bc357-9c9d-ff3d-c235-bf7e8de8e94c, 1306 MiB
2026/09/22 05:06:50.763, 1827563, GPU-ae2bc357-9c9d-ff3d-c235-bf7e8de8e94c, 1306 MiB
2026/09/22 05:06:50.763, 1827662, GPU-ae2bc357-9c9d-ff3d-c235-bf7e8de8e94c, 1306 MiB
2026/09/22 05:06:50.764, 907585, GPU-eeb7d960-135d-5f5e-859f-f7f5efb7136d, 774 MiB
2026/09/22 05:06:50.764, 987850, GPU-eeb7d960-135d-5f5e-859f-f7f5efb7136d, 73700 MiB
2026/09/22 05:06:50.764, 1209359, GPU-d6d9222c-9b57-3843-4d93-d2a40b30ad2b, 49386 MiB
2026/09/22 05:06:50.765, 1981187, GPU-c19b526a-dfb9-68a7-ae04-b68c870482af, 1306 MiB
2026/09/22 05:06:50.765, 1981575, GPU-c19b526a-dfb9-68a7-ae04-b68c870482af, 1278 MiB
2026/09/22 05:06:50.765, 1985001, GPU-c19b526a-dfb9-68a7-ae04-b68c870482af, 1278 MiB
2026/09/22 05:06:50.765, 1985175, GPU-c19b526a-dfb9-68a7-ae04-b68c870482af, 1278 MiB
2026/09/22 05:06:50.765, 1985388, GPU-c19b526a-dfb9-68a7-ae04-b68c870482af, 1278 MiB
2026/09/22 05:06:50.765, 1996354, GPU-c19b526a-dfb9-68a7-ae04-b68c870482af, 1278 MiB
2026/09/22 05:06:50.765, 1996517, GPU-c19b526a-dfb9-68a7-ae04-b68c870482af, 1278 MiB
2026/09/22 05:06:50.765, 1999242, GPU-c19b526a-dfb9-68a7-ae04-b68c870482af, 1278 MiB
2026/09/22 05:06:51.766, 1844380, GPU-833bd1d4-962a-a2a9-e8ee-3f18887d8a40, 69848 MiB
2026/09/22 05:06:51.766, 1852943, GPU-833bd1d4-962a-a2a9-e8ee-3f18887d8a40, 4728 MiB
2026/09/22 05:06:51.768, 902823, GPU-5014660a-ded1-5f90-339b-0e5f9738f416, 774 MiB
2026/09/22 05:06:51.768, 917655, GPU-5014660a-ded1-5f90-339b-0e5f9738f416, 75012 MiB
2026/09/22 05:06:51.769, 1844382, GPU-d70c11ba-69d2-8984-e060-d1284dbbf2e3, 69848 MiB
2026/09/22 05:06:51.769, 1852943, GPU-d70c11ba-69d2-8984-e060-d1284dbbf2e3, 4728 MiB
2026/09/22 05:06:51.770, 137936, GPU-ae2bc357-9c9d-ff3d-c235-bf7e8de8e94c, 1278 MiB
2026/09/22 05:06:51.770, 137983, GPU-ae2bc357-9c9d-ff3d-c235-bf7e8de8e94c, 938 MiB
2026/09/22 05:06:51.770, 138213, GPU-ae2bc357-9c9d-ff3d-c235-bf7e8de8e94c, 938 MiB
2026/09/22 05:06:51.770, 138331, GPU-ae2bc357-9c9d-ff3d-c235-bf7e8de8e94c, 938 MiB
2026/09/22 05:06:51.770, 138526, GPU-ae2bc357-9c9d-ff3d-c235-bf7e8de8e94c, 938 MiB
2026/09/22 05:06:51.770, 138832, GPU-ae2bc357-9c9d-ff3d-c235-bf7e8de8e94c, 1306 MiB
2026/09/22 05:06:51.770, 1827563, GPU-ae2bc357-9c9d-ff3d-c235-bf7e8de8e94c, 1306 MiB
2026/09/22 05:06:51.770, 1827662, GPU-ae2bc357-9c9d-ff3d-c235-bf7e8de8e94c, 1306 MiB
2026/09/22 05:06:51.771, 907585, GPU-eeb7d960-135d-5f5e-859f-f7f5efb7136d, 774 MiB
2026/09/22 05:06:51.771, 987850, GPU-eeb7d960-135d-5f5e-859f-f7f5efb7136d, 73700 MiB
2026/09/22 05:06:51.772, 1209359, GPU-d6d9222c-9b57-3843-4d93-d2a40b30ad2b, 49386 MiB
2026/09/22 05:06:51.772, 1981187, GPU-c19b526a-dfb9-68a7-ae04-b68c870482af, 1306 MiB
2026/09/22 05:06:51.772, 1981575, GPU-c19b526a-dfb9-68a7-ae04-b68c870482af, 1278 MiB
2026/09/22 05:06:51.772, 1985001, GPU-c19b526a-dfb9-68a7-ae04-b68c870482af, 1278 MiB
2026/09/22 05:06:51.772, 1985175, GPU-c19b526a-dfb9-68a7-ae04-b68c870482af, 1278 MiB
2026/09/22 05:06:51.772, 1985388, GPU-c19b526a-dfb9-68a7-ae04-b68c870482af, 1278 MiB
2026/09/22 05:06:51.772, 1996354, GPU-c19b526a-dfb9-68a7-ae04-b68c870482af, 1278 MiB
2026/09/22 05:06:51.772, 1996517, GPU-c19b526a-dfb9-68a7-ae04-b68c870482af, 1278 MiB
2026/09/22 05:06:51.772, 1999242, GPU-c19b526a-dfb9-68a7-ae04-b68c870482af, 1278 MiB
2026/09/22 05:06:52.773, 1844380, GPU-833bd1d4-962a-a2a9-e8ee-3f18887d8a40, 69848 MiB
2026/09/22 05:06:52.773, 1852943, GPU-833bd1d4-962a-a2a9-e8ee-3f18887d8a40, 4728 MiB
2026/09/22 05:06:52.787, 902823, GPU-5014660a-ded1-5f90-339b-0e5f9738f416, 774 MiB
2026/09/22 05:06:52.787, 917655, GPU-5014660a-ded1-5f90-339b-0e5f9738f416, 75012 MiB
2026/09/22 05:06:52.797, 1844382, GPU-d70c11ba-69d2-8984-e060-d1284dbbf2e3, 69848 MiB
2026/09/22 05:06:52.797, 1852943, GPU-d70c11ba-69d2-8984-e060-d1284dbbf2e3, 4728 MiB
2026/09/22 05:06:52.811, 137936, GPU-ae2bc357-9c9d-ff3d-c235-bf7e8de8e94c, 1278 MiB
2026/09/22 05:06:52.811, 137983, GPU-ae2bc357-9c9d-ff3d-c235-bf7e8de8e94c, 938 MiB
2026/09/22 05:06:52.811, 138213, GPU-ae2bc357-9c9d-ff3d-c235-bf7e8de8e94c, 938 MiB
2026/09/22 05:06:52.811, 138331, GPU-ae2bc357-9c9d-ff3d-c235-bf7e8de8e94c, 938 MiB
2026/09/22 05:06:52.811, 138526, GPU-ae2bc357-9c9d-ff3d-c235-bf7e8de8e94c, 938 MiB
2026/09/22 05:06:52.811, 138832, GPU-ae2bc357-9c9d-ff3d-c235-bf7e8de8e94c, 1306 MiB
2026/09/22 05:06:52.811, 1827563, GPU-ae2bc357-9c9d-ff3d-c235-bf7e8de8e94c, 1306 MiB
2026/09/22 05:06:52.811, 1827662, GPU-ae2bc357-9c9d-ff3d-c235-bf7e8de8e94c, 1306 MiB
2026/09/22 05:06:52.815, 907585, GPU-eeb7d960-135d-5f5e-859f-f7f5efb7136d, 774 MiB
2026/09/22 05:06:52.815, 987850, GPU-eeb7d960-135d-5f5e-859f-f7f5efb7136d, 73700 MiB
2026/09/22 05:06:52.819, 1209359, GPU-d6d9222c-9b57-3843-4d93-d2a40b30ad2b, 49386 MiB
2026/09/22 05:06:52.822, 1981187, GPU-c19b526a-dfb9-68a7-ae04-b68c870482af, 1306 MiB
2026/09/22 05:06:52.822, 1981575, GPU-c19b526a-dfb9-68a7-ae04-b68c870482af, 1278 MiB
2026/09/22 05:06:52.822, 1985001, GPU-c19b526a-dfb9-68a7-ae04-b68c870482af, 1278 MiB
2026/09/22 05:06:52.822, 1985175, GPU-c19b526a-dfb9-68a7-ae04-b68c870482af, 1278 MiB
2026/09/22 05:06:52.822, 1985388, GPU-c19b526a-dfb9-68a7-ae04-b68c870482af, 1278 MiB
2026/09/22 05:06:52.822, 1996354, GPU-c19b526a-dfb9-68a7-ae04-b68c870482af, 1278 MiB
2026/09/22 05:06:52.822, 1996517, GPU-c19b526a-dfb9-68a7-ae04-b68c870482af, 1278 MiB
2026/09/22 05:06:52.822, 1999242, GPU-c19b526a-dfb9-68a7-ae04-b68c870482af, 1278 MiB
2026/09/22 05:06:53.824, 1844380, GPU-833bd1d4-962a-a2a9-e8ee-3f18887d8a40, 69848 MiB
2026/09/22 05:06:53.824, 1852943, GPU-833bd1d4-962a-a2a9-e8ee-3f18887d8a40, 4728 MiB
2026/09/22 05:06:53.826, 902823, GPU-5014660a-ded1-5f90-339b-0e5f9738f416, 774 MiB
2026/09/22 05:06:53.826, 917655, GPU-5014660a-ded1-5f90-339b-0e5f9738f416, 75012 MiB
2026/09/22 05:06:53.827, 1844382, GPU-d70c11ba-69d2-8984-e060-d1284dbbf2e3, 69848 MiB
2026/09/22 05:06:53.827, 1852943, GPU-d70c11ba-69d2-8984-e060-d1284dbbf2e3, 4728 MiB
2026/09/22 05:06:53.828, 137936, GPU-ae2bc357-9c9d-ff3d-c235-bf7e8de8e94c, 1278 MiB
2026/09/22 05:06:53.828, 137983, GPU-ae2bc357-9c9d-ff3d-c235-bf7e8de8e94c, 938 MiB
2026/09/22 05:06:53.828, 138213, GPU-ae2bc357-9c9d-ff3d-c235-bf7e8de8e94c, 938 MiB
2026/09/22 05:06:53.828, 138331, GPU-ae2bc357-9c9d-ff3d-c235-bf7e8de8e94c, 938 MiB
2026/09/22 05:06:53.828, 138526, GPU-ae2bc357-9c9d-ff3d-c235-bf7e8de8e94c, 938 MiB
2026/09/22 05:06:53.828, 138832, GPU-ae2bc357-9c9d-ff3d-c235-bf7e8de8e94c, 1306 MiB
2026/09/22 05:06:53.828, 1827563, GPU-ae2bc357-9c9d-ff3d-c235-bf7e8de8e94c, 1306 MiB
2026/09/22 05:06:53.828, 1827662, GPU-ae2bc357-9c9d-ff3d-c235-bf7e8de8e94c, 1306 MiB
2026/09/22 05:06:53.829, 907585, GPU-eeb7d960-135d-5f5e-859f-f7f5efb7136d, 774 MiB
2026/09/22 05:06:53.829, 987850, GPU-eeb7d960-135d-5f5e-859f-f7f5efb7136d, 73700 MiB
2026/09/22 05:06:53.830, 1209359, GPU-d6d9222c-9b57-3843-4d93-d2a40b30ad2b, 49386 MiB
2026/09/22 05:06:53.830, 1981187, GPU-c19b526a-dfb9-68a7-ae04-b68c870482af, 1306 MiB
2026/09/22 05:06:53.830, 1981575, GPU-c19b526a-dfb9-68a7-ae04-b68c870482af, 1278 MiB
2026/09/22 05:06:53.830, 1985001, GPU-c19b526a-dfb9-68a7-ae04-b68c870482af, 1278 MiB
2026/09/22 05:06:53.830, 1985175, GPU-c19b526a-dfb9-68a7-ae04-b68c870482af, 1278 MiB
2026/09/22 05:06:53.830, 1985388, GPU-c19b526a-dfb9-68a7-ae04-b68c870482af, 1278 MiB
2026/09/22 05:06:53.830, 1996354, GPU-c19b526a-dfb9-68a7-ae04-b68c870482af, 1278 MiB
2026/09/22 05:06:53.830, 1996517, GPU-c19b526a-dfb9-68a7-ae04-b68c870482af, 1278 MiB
2026/09/22 05:06:53.830, 1999242, GPU-c19b526a-dfb9-68a7-ae04-b68c870482af, 1278 MiB
2026/09/22 05:06:54.832, 1844380, GPU-833bd1d4-962a-a2a9-e8ee-3f18887d8a40, 69848 MiB
2026/09/22 05:06:54.832, 1852943, GPU-833bd1d4-962a-a2a9-e8ee-3f18887d8a40, 4728 MiB
2026/09/22 05:06:54.833, 902823, GPU-5014660a-ded1-5f90-339b-0e5f9738f416, 774 MiB
2026/09/22 05:06:54.833, 917655, GPU-5014660a-ded1-5f90-339b-0e5f9738f416, 75012 MiB
2026/09/22 05:06:54.834, 1844382, GPU-d70c11ba-69d2-8984-e060-d1284dbbf2e3, 69848 MiB
2026/09/22 05:06:54.834, 1852943, GPU-d70c11ba-69d2-8984-e060-d1284dbbf2e3, 4728 MiB
2026/09/22 05:06:54.835, 137936, GPU-ae2bc357-9c9d-ff3d-c235-bf7e8de8e94c, 1278 MiB
2026/09/22 05:06:54.835, 137983, GPU-ae2bc357-9c9d-ff3d-c235-bf7e8de8e94c, 938 MiB
2026/09/22 05:06:54.835, 138213, GPU-ae2bc357-9c9d-ff3d-c235-bf7e8de8e94c, 938 MiB
2026/09/22 05:06:54.835, 138331, GPU-ae2bc357-9c9d-ff3d-c235-bf7e8de8e94c, 938 MiB
2026/09/22 05:06:54.835, 138526, GPU-ae2bc357-9c9d-ff3d-c235-bf7e8de8e94c, 938 MiB
2026/09/22 05:06:54.835, 138832, GPU-ae2bc357-9c9d-ff3d-c235-bf7e8de8e94c, 1306 MiB
2026/09/22 05:06:54.835, 1827563, GPU-ae2bc357-9c9d-ff3d-c235-bf7e8de8e94c, 1306 MiB
2026/09/22 05:06:54.835, 1827662, GPU-ae2bc357-9c9d-ff3d-c235-bf7e8de8e94c, 1306 MiB
2026/09/22 05:06:54.836, 907585, GPU-eeb7d960-135d-5f5e-859f-f7f5efb7136d, 774 MiB
2026/09/22 05:06:54.836, 987850, GPU-eeb7d960-135d-5f5e-859f-f7f5efb7136d, 73700 MiB
2026/09/22 05:06:54.836, 1209359, GPU-d6d9222c-9b57-3843-4d93-d2a40b30ad2b, 49386 MiB
2026/09/22 05:06:54.838, 1981187, GPU-c19b526a-dfb9-68a7-ae04-b68c870482af, 1306 MiB
2026/09/22 05:06:54.838, 1981575, GPU-c19b526a-dfb9-68a7-ae04-b68c870482af, 1278 MiB
2026/09/22 05:06:54.838, 1985001, GPU-c19b526a-dfb9-68a7-ae04-b68c870482af, 1278 MiB
2026/09/22 05:06:54.838, 1985175, GPU-c19b526a-dfb9-68a7-ae04-b68c870482af, 1278 MiB
2026/09/22 05:06:54.838, 1985388, GPU-c19b526a-dfb9-68a7-ae04-b68c870482af, 1278 MiB
2026/09/22 05:06:54.838, 1996354, GPU-c19b526a-dfb9-68a7-ae04-b68c870482af, 1278 MiB
2026/09/22 05:06:54.838, 1996517, GPU-c19b526a-dfb9-68a7-ae04-b68c870482af, 1278 MiB
2026/09/22 05:06:54.838, 1999242, GPU-c19b526a-dfb9-68a7-ae04-b68c870482af, 1278 MiB
2026/09/22 05:06:55.839, 1844380, GPU-833bd1d4-962a-a2a9-e8ee-3f18887d8a40, 69848 MiB
2026/09/22 05:06:55.839, 1852943, GPU-833bd1d4-962a-a2a9-e8ee-3f18887d8a40, 4728 MiB
2026/09/22 05:06:55.841, 902823, GPU-5014660a-ded1-5f90-339b-0e5f9738f416, 774 MiB
2026/09/22 05:06:55.841, 917655, GPU-5014660a-ded1-5f90-339b-0e5f9738f416, 75012 MiB
2026/09/22 05:06:55.841, 1844382, GPU-d70c11ba-69d2-8984-e060-d1284dbbf2e3, 69848 MiB
2026/09/22 05:06:55.841, 1852943, GPU-d70c11ba-69d2-8984-e060-d1284dbbf2e3, 4728 MiB
2026/09/22 05:06:55.842, 137936, GPU-ae2bc357-9c9d-ff3d-c235-bf7e8de8e94c, 1278 MiB
2026/09/22 05:06:55.842, 137983, GPU-ae2bc357-9c9d-ff3d-c235-bf7e8de8e94c, 938 MiB
2026/09/22 05:06:55.842, 138213, GPU-ae2bc357-9c9d-ff3d-c235-bf7e8de8e94c, 938 MiB
2026/09/22 05:06:55.842, 138331, GPU-ae2bc357-9c9d-ff3d-c235-bf7e8de8e94c, 938 MiB
2026/09/22 05:06:55.842, 138526, GPU-ae2bc357-9c9d-ff3d-c235-bf7e8de8e94c, 938 MiB
2026/09/22 05:06:55.842, 138832, GPU-ae2bc357-9c9d-ff3d-c235-bf7e8de8e94c, 1306 MiB
2026/09/22 05:06:55.842, 1827563, GPU-ae2bc357-9c9d-ff3d-c235-bf7e8de8e94c, 1306 MiB
2026/09/22 05:06:55.842, 1827662, GPU-ae2bc357-9c9d-ff3d-c235-bf7e8de8e94c, 1306 MiB
2026/09/22 05:06:55.843, 907585, GPU-eeb7d960-135d-5f5e-859f-f7f5efb7136d, 774 MiB
2026/09/22 05:06:55.843, 987850, GPU-eeb7d960-135d-5f5e-859f-f7f5efb7136d, 73700 MiB
2026/09/22 05:06:55.843, 1209359, GPU-d6d9222c-9b57-3843-4d93-d2a40b30ad2b, 49386 MiB
2026/09/22 05:06:55.843, 1981187, GPU-c19b526a-dfb9-68a7-ae04-b68c870482af, 1306 MiB
2026/09/22 05:06:55.843, 1981575, GPU-c19b526a-dfb9-68a7-ae04-b68c870482af, 1278 MiB
2026/09/22 05:06:55.843, 1985001, GPU-c19b526a-dfb9-68a7-ae04-b68c870482af, 1278 MiB
2026/09/22 05:06:55.843, 1985175, GPU-c19b526a-dfb9-68a7-ae04-b68c870482af, 1278 MiB
2026/09/22 05:06:55.843, 1985388, GPU-c19b526a-dfb9-68a7-ae04-b68c870482af, 1278 MiB
2026/09/22 05:06:55.843, 1996354, GPU-c19b526a-dfb9-68a7-ae04-b68c870482af, 1278 MiB
2026/09/22 05:06:55.843, 1996517, GPU-c19b526a-dfb9-68a7-ae04-b68c870482af, 1278 MiB
2026/09/22 05:06:55.843, 1999242, GPU-c19b526a-dfb9-68a7-ae04-b68c870482af, 1278 MiB
2026/09/22 05:06:56.844, 1844380, GPU-833bd1d4-962a-a2a9-e8ee-3f18887d8a40, 69848 MiB
2026/09/22 05:06:56.844, 1852943, GPU-833bd1d4-962a-a2a9-e8ee-3f18887d8a40, 4728 MiB
2026/09/22 05:06:56.846, 902823, GPU-5014660a-ded1-5f90-339b-0e5f9738f416, 774 MiB
2026/09/22 05:06:56.846, 917655, GPU-5014660a-ded1-5f90-339b-0e5f9738f416, 75012 MiB
2026/09/22 05:06:56.847, 1844382, GPU-d70c11ba-69d2-8984-e060-d1284dbbf2e3, 69848 MiB
2026/09/22 05:06:56.847, 1852943, GPU-d70c11ba-69d2-8984-e060-d1284dbbf2e3, 4728 MiB
2026/09/22 05:06:56.848, 137936, GPU-ae2bc357-9c9d-ff3d-c235-bf7e8de8e94c, 1278 MiB
2026/09/22 05:06:56.848, 137983, GPU-ae2bc357-9c9d-ff3d-c235-bf7e8de8e94c, 938 MiB
2026/09/22 05:06:56.848, 138213, GPU-ae2bc357-9c9d-ff3d-c235-bf7e8de8e94c, 938 MiB
2026/09/22 05:06:56.848, 138331, GPU-ae2bc357-9c9d-ff3d-c235-bf7e8de8e94c, 938 MiB
2026/09/22 05:06:56.848, 138526, GPU-ae2bc357-9c9d-ff3d-c235-bf7e8de8e94c, 938 MiB
2026/09/22 05:06:56.848, 138832, GPU-ae2bc357-9c9d-ff3d-c235-bf7e8de8e94c, 1306 MiB
2026/09/22 05:06:56.848, 1827563, GPU-ae2bc357-9c9d-ff3d-c235-bf7e8de8e94c, 1306 MiB
2026/09/22 05:06:56.848, 1827662, GPU-ae2bc357-9c9d-ff3d-c235-bf7e8de8e94c, 1306 MiB
2026/09/22 05:06:56.849, 907585, GPU-eeb7d960-135d-5f5e-859f-f7f5efb7136d, 774 MiB
2026/09/22 05:06:56.849, 987850, GPU-eeb7d960-135d-5f5e-859f-f7f5efb7136d, 73700 MiB
2026/09/22 05:06:56.850, 1209359, GPU-d6d9222c-9b57-3843-4d93-d2a40b30ad2b, 49386 MiB
2026/09/22 05:06:56.850, 1981187, GPU-c19b526a-dfb9-68a7-ae04-b68c870482af, 1306 MiB
2026/09/22 05:06:56.850, 1981575, GPU-c19b526a-dfb9-68a7-ae04-b68c870482af, 1278 MiB
2026/09/22 05:06:56.850, 1985001, GPU-c19b526a-dfb9-68a7-ae04-b68c870482af, 1278 MiB
2026/09/22 05:06:56.850, 1985175, GPU-c19b526a-dfb9-68a7-ae04-b68c870482af, 1278 MiB
2026/09/22 05:06:56.850, 1985388, GPU-c19b526a-dfb9-68a7-ae04-b68c870482af, 1278 MiB
2026/09/22 05:06:56.850, 1996354, GPU-c19b526a-dfb9-68a7-ae04-b68c870482af, 1278 MiB
2026/09/22 05:06:56.850, 1996517, GPU-c19b526a-dfb9-68a7-ae04-b68c870482af, 1278 MiB
2026/09/22 05:06:56.850, 1999242, GPU-c19b526a-dfb9-68a7-ae04-b68c870482af, 1278 MiB
2026/09/22 05:06:57.851, 1844380, GPU-833bd1d4-962a-a2a9-e8ee-3f18887d8a40, 69848 MiB
2026/09/22 05:06:57.851, 1852943, GPU-833bd1d4-962a-a2a9-e8ee-3f18887d8a40, 4728 MiB
2026/09/22 05:06:57.858, 902823, GPU-5014660a-ded1-5f90-339b-0e5f9738f416, 774 MiB
2026/09/22 05:06:57.858, 917655, GPU-5014660a-ded1-5f90-339b-0e5f9738f416, 75012 MiB
2026/09/22 05:06:57.860, 1844382, GPU-d70c11ba-69d2-8984-e060-d1284dbbf2e3, 69848 MiB
2026/09/22 05:06:57.860, 1852943, GPU-d70c11ba-69d2-8984-e060-d1284dbbf2e3, 4728 MiB
2026/09/22 05:06:57.865, 137936, GPU-ae2bc357-9c9d-ff3d-c235-bf7e8de8e94c, 1278 MiB
2026/09/22 05:06:57.865, 137983, GPU-ae2bc357-9c9d-ff3d-c235-bf7e8de8e94c, 938 MiB
2026/09/22 05:06:57.865, 138213, GPU-ae2bc357-9c9d-ff3d-c235-bf7e8de8e94c, 938 MiB
2026/09/22 05:06:57.865, 138331, GPU-ae2bc357-9c9d-ff3d-c235-bf7e8de8e94c, 938 MiB
2026/09/22 05:06:57.865, 138526, GPU-ae2bc357-9c9d-ff3d-c235-bf7e8de8e94c, 938 MiB
2026/09/22 05:06:57.865, 138832, GPU-ae2bc357-9c9d-ff3d-c235-bf7e8de8e94c, 1306 MiB
2026/09/22 05:06:57.865, 1827563, GPU-ae2bc357-9c9d-ff3d-c235-bf7e8de8e94c, 1306 MiB
2026/09/22 05:06:57.865, 1827662, GPU-ae2bc357-9c9d-ff3d-c235-bf7e8de8e94c, 1306 MiB
2026/09/22 05:06:57.870, 907585, GPU-eeb7d960-135d-5f5e-859f-f7f5efb7136d, 774 MiB
2026/09/22 05:06:57.870, 987850, GPU-eeb7d960-135d-5f5e-859f-f7f5efb7136d, 73700 MiB
2026/09/22 05:06:57.873, 1209359, GPU-d6d9222c-9b57-3843-4d93-d2a40b30ad2b, 49386 MiB
2026/09/22 05:06:57.873, 1981187, GPU-c19b526a-dfb9-68a7-ae04-b68c870482af, 1306 MiB
2026/09/22 05:06:57.873, 1981575, GPU-c19b526a-dfb9-68a7-ae04-b68c870482af, 1278 MiB
2026/09/22 05:06:57.873, 1985001, GPU-c19b526a-dfb9-68a7-ae04-b68c870482af, 1278 MiB
2026/09/22 05:06:57.873, 1985175, GPU-c19b526a-dfb9-68a7-ae04-b68c870482af, 1278 MiB
2026/09/22 05:06:57.873, 1985388, GPU-c19b526a-dfb9-68a7-ae04-b68c870482af, 1278 MiB
2026/09/22 05:06:57.873, 1996354, GPU-c19b526a-dfb9-68a7-ae04-b68c870482af, 1278 MiB
2026/09/22 05:06:57.873, 1996517, GPU-c19b526a-dfb9-68a7-ae04-b68c870482af, 1278 MiB
2026/09/22 05:06:57.873, 1999242, GPU-c19b526a-dfb9-68a7-ae04-b68c870482af, 1278 MiB
2026/09/22 05:06:58.875, 1844380, GPU-833bd1d4-962a-a2a9-e8ee-3f18887d8a40, 69848 MiB
2026/09/22 05:06:58.875, 1852943, GPU-833bd1d4-962a-a2a9-e8ee-3f18887d8a40, 4728 MiB
2026/09/22 05:06:58.880, 902823, GPU-5014660a-ded1-5f90-339b-0e5f9738f416, 774 MiB
2026/09/22 05:06:58.880, 917655, GPU-5014660a-ded1-5f90-339b-0e5f9738f416, 75012 MiB
2026/09/22 05:06:58.881, 1844382, GPU-d70c11ba-69d2-8984-e060-d1284dbbf2e3, 69848 MiB
2026/09/22 05:06:58.881, 1852943, GPU-d70c11ba-69d2-8984-e060-d1284dbbf2e3, 4728 MiB
2026/09/22 05:06:58.882, 137936, GPU-ae2bc357-9c9d-ff3d-c235-bf7e8de8e94c, 1278 MiB
2026/09/22 05:06:58.882, 137983, GPU-ae2bc357-9c9d-ff3d-c235-bf7e8de8e94c, 938 MiB
2026/09/22 05:06:58.882, 138213, GPU-ae2bc357-9c9d-ff3d-c235-bf7e8de8e94c, 938 MiB
2026/09/22 05:06:58.882, 138331, GPU-ae2bc357-9c9d-ff3d-c235-bf7e8de8e94c, 938 MiB
2026/09/22 05:06:58.882, 138526, GPU-ae2bc357-9c9d-ff3d-c235-bf7e8de8e94c, 938 MiB
2026/09/22 05:06:58.882, 138832, GPU-ae2bc357-9c9d-ff3d-c235-bf7e8de8e94c, 1306 MiB
2026/09/22 05:06:58.882, 1827563, GPU-ae2bc357-9c9d-ff3d-c235-bf7e8de8e94c, 1306 MiB
2026/09/22 05:06:58.882, 1827662, GPU-ae2bc357-9c9d-ff3d-c235-bf7e8de8e94c, 1306 MiB
2026/09/22 05:06:58.883, 907585, GPU-eeb7d960-135d-5f5e-859f-f7f5efb7136d, 774 MiB
2026/09/22 05:06:58.883, 987850, GPU-eeb7d960-135d-5f5e-859f-f7f5efb7136d, 73700 MiB
2026/09/22 05:06:58.884, 1209359, GPU-d6d9222c-9b57-3843-4d93-d2a40b30ad2b, 49386 MiB
2026/09/22 05:06:58.884, 1981187, GPU-c19b526a-dfb9-68a7-ae04-b68c870482af, 1306 MiB
2026/09/22 05:06:58.884, 1981575, GPU-c19b526a-dfb9-68a7-ae04-b68c870482af, 1278 MiB
2026/09/22 05:06:58.884, 1985001, GPU-c19b526a-dfb9-68a7-ae04-b68c870482af, 1278 MiB
2026/09/22 05:06:58.884, 1985175, GPU-c19b526a-dfb9-68a7-ae04-b68c870482af, 1278 MiB
2026/09/22 05:06:58.884, 1985388, GPU-c19b526a-dfb9-68a7-ae04-b68c870482af, 1278 MiB
2026/09/22 05:06:58.884, 1996354, GPU-c19b526a-dfb9-68a7-ae04-b68c870482af, 1278 MiB
2026/09/22 05:06:58.884, 1996517, GPU-c19b526a-dfb9-68a7-ae04-b68c870482af, 1278 MiB
2026/09/22 05:06:58.884, 1999242, GPU-c19b526a-dfb9-68a7-ae04-b68c870482af, 1278 MiB
2026/09/22 05:06:59.885, 1844380, GPU-833bd1d4-962a-a2a9-e8ee-3f18887d8a40, 69848 MiB
2026/09/22 05:06:59.885, 1852943, GPU-833bd1d4-962a-a2a9-e8ee-3f18887d8a40, 4728 MiB
2026/09/22 05:06:59.887, 902823, GPU-5014660a-ded1-5f90-339b-0e5f9738f416, 774 MiB
2026/09/22 05:06:59.887, 917655, GPU-5014660a-ded1-5f90-339b-0e5f9738f416, 75012 MiB
2026/09/22 05:06:59.888, 1844382, GPU-d70c11ba-69d2-8984-e060-d1284dbbf2e3, 69848 MiB
2026/09/22 05:06:59.888, 1852943, GPU-d70c11ba-69d2-8984-e060-d1284dbbf2e3, 4728 MiB
2026/09/22 05:06:59.889, 137936, GPU-ae2bc357-9c9d-ff3d-c235-bf7e8de8e94c, 1278 MiB
2026/09/22 05:06:59.889, 137983, GPU-ae2bc357-9c9d-ff3d-c235-bf7e8de8e94c, 938 MiB
2026/09/22 05:06:59.889, 138213, GPU-ae2bc357-9c9d-ff3d-c235-bf7e8de8e94c, 938 MiB
2026/09/22 05:06:59.889, 138331, GPU-ae2bc357-9c9d-ff3d-c235-bf7e8de8e94c, 938 MiB
2026/09/22 05:06:59.889, 138526, GPU-ae2bc357-9c9d-ff3d-c235-bf7e8de8e94c, 938 MiB
2026/09/22 05:06:59.889, 138832, GPU-ae2bc357-9c9d-ff3d-c235-bf7e8de8e94c, 1306 MiB
2026/09/22 05:06:59.889, 1827563, GPU-ae2bc357-9c9d-ff3d-c235-bf7e8de8e94c, 1306 MiB
2026/09/22 05:06:59.889, 1827662, GPU-ae2bc357-9c9d-ff3d-c235-bf7e8de8e94c, 1306 MiB
2026/09/22 05:06:59.890, 907585, GPU-eeb7d960-135d-5f5e-859f-f7f5efb7136d, 774 MiB
2026/09/22 05:06:59.890, 987850, GPU-eeb7d960-135d-5f5e-859f-f7f5efb7136d, 73700 MiB
2026/09/22 05:06:59.891, 1209359, GPU-d6d9222c-9b57-3843-4d93-d2a40b30ad2b, 49386 MiB
2026/09/22 05:06:59.891, 1981187, GPU-c19b526a-dfb9-68a7-ae04-b68c870482af, 1306 MiB
2026/09/22 05:06:59.891, 1981575, GPU-c19b526a-dfb9-68a7-ae04-b68c870482af, 1278 MiB
2026/09/22 05:06:59.891, 1985001, GPU-c19b526a-dfb9-68a7-ae04-b68c870482af, 1278 MiB
2026/09/22 05:06:59.891, 1985175, GPU-c19b526a-dfb9-68a7-ae04-b68c870482af, 1278 MiB
2026/09/22 05:06:59.891, 1985388, GPU-c19b526a-dfb9-68a7-ae04-b68c870482af, 1278 MiB
2026/09/22 05:06:59.891, 1996354, GPU-c19b526a-dfb9-68a7-ae04-b68c870482af, 1278 MiB
2026/09/22 05:06:59.891, 1996517, GPU-c19b526a-dfb9-68a7-ae04-b68c870482af, 1278 MiB
2026/09/22 05:06:59.891, 1999242, GPU-c19b526a-dfb9-68a7-ae04-b68c870482af, 1278 MiB
2026/09/22 05:07:00.892, 1844380, GPU-833bd1d4-962a-a2a9-e8ee-3f18887d8a40, 69848 MiB
2026/09/22 05:07:00.892, 1852943, GPU-833bd1d4-962a-a2a9-e8ee-3f18887d8a40, 4728 MiB
2026/09/22 05:07:00.894, 902823, GPU-5014660a-ded1-5f90-339b-0e5f9738f416, 774 MiB
2026/09/22 05:07:00.894, 917655, GPU-5014660a-ded1-5f90-339b-0e5f9738f416, 75012 MiB
2026/09/22 05:07:00.895, 1844382, GPU-d70c11ba-69d2-8984-e060-d1284dbbf2e3, 69848 MiB
2026/09/22 05:07:00.895, 1852943, GPU-d70c11ba-69d2-8984-e060-d1284dbbf2e3, 4728 MiB
2026/09/22 05:07:00.896, 137936, GPU-ae2bc357-9c9d-ff3d-c235-bf7e8de8e94c, 1278 MiB
2026/09/22 05:07:00.896, 137983, GPU-ae2bc357-9c9d-ff3d-c235-bf7e8de8e94c, 938 MiB
2026/09/22 05:07:00.896, 138213, GPU-ae2bc357-9c9d-ff3d-c235-bf7e8de8e94c, 938 MiB
2026/09/22 05:07:00.896, 138331, GPU-ae2bc357-9c9d-ff3d-c235-bf7e8de8e94c, 938 MiB
2026/09/22 05:07:00.896, 138526, GPU-ae2bc357-9c9d-ff3d-c235-bf7e8de8e94c, 938 MiB
2026/09/22 05:07:00.896, 138832, GPU-ae2bc357-9c9d-ff3d-c235-bf7e8de8e94c, 1306 MiB
2026/09/22 05:07:00.896, 1827563, GPU-ae2bc357-9c9d-ff3d-c235-bf7e8de8e94c, 1306 MiB
2026/09/22 05:07:00.896, 1827662, GPU-ae2bc357-9c9d-ff3d-c235-bf7e8de8e94c, 1306 MiB
2026/09/22 05:07:00.897, 907585, GPU-eeb7d960-135d-5f5e-859f-f7f5efb7136d, 774 MiB
2026/09/22 05:07:00.897, 987850, GPU-eeb7d960-135d-5f5e-859f-f7f5efb7136d, 73700 MiB
2026/09/22 05:07:00.897, 1209359, GPU-d6d9222c-9b57-3843-4d93-d2a40b30ad2b, 49386 MiB
2026/09/22 05:07:00.898, 1981187, GPU-c19b526a-dfb9-68a7-ae04-b68c870482af, 1306 MiB
2026/09/22 05:07:00.898, 1981575, GPU-c19b526a-dfb9-68a7-ae04-b68c870482af, 1278 MiB
2026/09/22 05:07:00.898, 1985001, GPU-c19b526a-dfb9-68a7-ae04-b68c870482af, 1278 MiB
2026/09/22 05:07:00.898, 1985175, GPU-c19b526a-dfb9-68a7-ae04-b68c870482af, 1278 MiB
2026/09/22 05:07:00.898, 1985388, GPU-c19b526a-dfb9-68a7-ae04-b68c870482af, 1278 MiB
2026/09/22 05:07:00.898, 1996354, GPU-c19b526a-dfb9-68a7-ae04-b68c870482af, 1278 MiB
2026/09/22 05:07:00.898, 1996517, GPU-c19b526a-dfb9-68a7-ae04-b68c870482af, 1278 MiB
2026/09/22 05:07:00.898, 1999242, GPU-c19b526a-dfb9-68a7-ae04-b68c870482af, 1278 MiB
2026/09/22 05:07:01.899, 1844380, GPU-833bd1d4-962a-a2a9-e8ee-3f18887d8a40, 69848 MiB
2026/09/22 05:07:01.899, 1852943, GPU-833bd1d4-962a-a2a9-e8ee-3f18887d8a40, 4728 MiB
2026/09/22 05:07:01.902, 902823, GPU-5014660a-ded1-5f90-339b-0e5f9738f416, 774 MiB
2026/09/22 05:07:01.902, 917655, GPU-5014660a-ded1-5f90-339b-0e5f9738f416, 75012 MiB
2026/09/22 05:07:01.903, 1844382, GPU-d70c11ba-69d2-8984-e060-d1284dbbf2e3, 69848 MiB
2026/09/22 05:07:01.903, 1852943, GPU-d70c11ba-69d2-8984-e060-d1284dbbf2e3, 4728 MiB
2026/09/22 05:07:01.904, 137936, GPU-ae2bc357-9c9d-ff3d-c235-bf7e8de8e94c, 1278 MiB
2026/09/22 05:07:01.904, 137983, GPU-ae2bc357-9c9d-ff3d-c235-bf7e8de8e94c, 938 MiB
2026/09/22 05:07:01.904, 138213, GPU-ae2bc357-9c9d-ff3d-c235-bf7e8de8e94c, 938 MiB
2026/09/22 05:07:01.904, 138331, GPU-ae2bc357-9c9d-ff3d-c235-bf7e8de8e94c, 938 MiB
2026/09/22 05:07:01.904, 138526, GPU-ae2bc357-9c9d-ff3d-c235-bf7e8de8e94c, 938 MiB
2026/09/22 05:07:01.904, 138832, GPU-ae2bc357-9c9d-ff3d-c235-bf7e8de8e94c, 1306 MiB
2026/09/22 05:07:01.904, 1827563, GPU-ae2bc357-9c9d-ff3d-c235-bf7e8de8e94c, 1306 MiB
2026/09/22 05:07:01.904, 1827662, GPU-ae2bc357-9c9d-ff3d-c235-bf7e8de8e94c, 1306 MiB
2026/09/22 05:07:01.905, 907585, GPU-eeb7d960-135d-5f5e-859f-f7f5efb7136d, 774 MiB
2026/09/22 05:07:01.905, 987850, GPU-eeb7d960-135d-5f5e-859f-f7f5efb7136d, 73700 MiB
2026/09/22 05:07:01.906, 1209359, GPU-d6d9222c-9b57-3843-4d93-d2a40b30ad2b, 49386 MiB
2026/09/22 05:07:01.906, 1981187, GPU-c19b526a-dfb9-68a7-ae04-b68c870482af, 1306 MiB
2026/09/22 05:07:01.906, 1981575, GPU-c19b526a-dfb9-68a7-ae04-b68c870482af, 1278 MiB
2026/09/22 05:07:01.906, 1985001, GPU-c19b526a-dfb9-68a7-ae04-b68c870482af, 1278 MiB
2026/09/22 05:07:01.906, 1985175, GPU-c19b526a-dfb9-68a7-ae04-b68c870482af, 1278 MiB
2026/09/22 05:07:01.906, 1985388, GPU-c19b526a-dfb9-68a7-ae04-b68c870482af, 1278 MiB
2026/09/22 05:07:01.906, 1996354, GPU-c19b526a-dfb9-68a7-ae04-b68c870482af, 1278 MiB
2026/09/22 05:07:01.906, 1996517, GPU-c19b526a-dfb9-68a7-ae04-b68c870482af, 1278 MiB
2026/09/22 05:07:01.906, 1999242, GPU-c19b526a-dfb9-68a7-ae04-b68c870482af, 1278 MiB
2026/09/22 05:07:02.907, 1844380, GPU-833bd1d4-962a-a2a9-e8ee-3f18887d8a40, 69848 MiB
2026/09/22 05:07:02.907, 1852943, GPU-833bd1d4-962a-a2a9-e8ee-3f18887d8a40, 4728 MiB
2026/09/22 05:07:02.909, 902823, GPU-5014660a-ded1-5f90-339b-0e5f9738f416, 774 MiB
2026/09/22 05:07:02.909, 917655, GPU-5014660a-ded1-5f90-339b-0e5f9738f416, 75012 MiB
2026/09/22 05:07:02.909, 1844382, GPU-d70c11ba-69d2-8984-e060-d1284dbbf2e3, 69848 MiB
2026/09/22 05:07:02.909, 1852943, GPU-d70c11ba-69d2-8984-e060-d1284dbbf2e3, 4728 MiB
2026/09/22 05:07:02.910, 137936, GPU-ae2bc357-9c9d-ff3d-c235-bf7e8de8e94c, 1278 MiB
2026/09/22 05:07:02.910, 137983, GPU-ae2bc357-9c9d-ff3d-c235-bf7e8de8e94c, 938 MiB
2026/09/22 05:07:02.910, 138213, GPU-ae2bc357-9c9d-ff3d-c235-bf7e8de8e94c, 938 MiB
2026/09/22 05:07:02.910, 138331, GPU-ae2bc357-9c9d-ff3d-c235-bf7e8de8e94c, 938 MiB
2026/09/22 05:07:02.910, 138526, GPU-ae2bc357-9c9d-ff3d-c235-bf7e8de8e94c, 938 MiB
2026/09/22 05:07:02.910, 138832, GPU-ae2bc357-9c9d-ff3d-c235-bf7e8de8e94c, 1306 MiB
2026/09/22 05:07:02.910, 1827563, GPU-ae2bc357-9c9d-ff3d-c235-bf7e8de8e94c, 1306 MiB
2026/09/22 05:07:02.910, 1827662, GPU-ae2bc357-9c9d-ff3d-c235-bf7e8de8e94c, 1306 MiB
2026/09/22 05:07:02.911, 907585, GPU-eeb7d960-135d-5f5e-859f-f7f5efb7136d, 774 MiB
2026/09/22 05:07:02.911, 987850, GPU-eeb7d960-135d-5f5e-859f-f7f5efb7136d, 73700 MiB
2026/09/22 05:07:02.911, 1209359, GPU-d6d9222c-9b57-3843-4d93-d2a40b30ad2b, 49386 MiB
2026/09/22 05:07:02.911, 1981187, GPU-c19b526a-dfb9-68a7-ae04-b68c870482af, 1306 MiB
2026/09/22 05:07:02.911, 1981575, GPU-c19b526a-dfb9-68a7-ae04-b68c870482af, 1278 MiB
2026/09/22 05:07:02.911, 1985001, GPU-c19b526a-dfb9-68a7-ae04-b68c870482af, 1278 MiB
2026/09/22 05:07:02.911, 1985175, GPU-c19b526a-dfb9-68a7-ae04-b68c870482af, 1278 MiB
2026/09/22 05:07:02.911, 1985388, GPU-c19b526a-dfb9-68a7-ae04-b68c870482af, 1278 MiB
2026/09/22 05:07:02.911, 1996354, GPU-c19b526a-dfb9-68a7-ae04-b68c870482af, 1278 MiB
2026/09/22 05:07:02.911, 1996517, GPU-c19b526a-dfb9-68a7-ae04-b68c870482af, 1278 MiB
2026/09/22 05:07:02.911, 1999242, GPU-c19b526a-dfb9-68a7-ae04-b68c870482af, 1278 MiB
2026/09/22 05:07:03.912, 1844380, GPU-833bd1d4-962a-a2a9-e8ee-3f18887d8a40, 69848 MiB
2026/09/22 05:07:03.912, 1852943, GPU-833bd1d4-962a-a2a9-e8ee-3f18887d8a40, 4728 MiB
2026/09/22 05:07:03.914, 902823, GPU-5014660a-ded1-5f90-339b-0e5f9738f416, 774 MiB
2026/09/22 05:07:03.914, 917655, GPU-5014660a-ded1-5f90-339b-0e5f9738f416, 75012 MiB
2026/09/22 05:07:03.915, 1844382, GPU-d70c11ba-69d2-8984-e060-d1284dbbf2e3, 69848 MiB
2026/09/22 05:07:03.915, 1852943, GPU-d70c11ba-69d2-8984-e060-d1284dbbf2e3, 4728 MiB
2026/09/22 05:07:03.917, 137936, GPU-ae2bc357-9c9d-ff3d-c235-bf7e8de8e94c, 1278 MiB
2026/09/22 05:07:03.917, 137983, GPU-ae2bc357-9c9d-ff3d-c235-bf7e8de8e94c, 938 MiB
2026/09/22 05:07:03.917, 138213, GPU-ae2bc357-9c9d-ff3d-c235-bf7e8de8e94c, 938 MiB
2026/09/22 05:07:03.917, 138331, GPU-ae2bc357-9c9d-ff3d-c235-bf7e8de8e94c, 938 MiB
2026/09/22 05:07:03.917, 138526, GPU-ae2bc357-9c9d-ff3d-c235-bf7e8de8e94c, 938 MiB
2026/09/22 05:07:03.917, 138832, GPU-ae2bc357-9c9d-ff3d-c235-bf7e8de8e94c, 1306 MiB
2026/09/22 05:07:03.917, 1827563, GPU-ae2bc357-9c9d-ff3d-c235-bf7e8de8e94c, 1306 MiB
2026/09/22 05:07:03.917, 1827662, GPU-ae2bc357-9c9d-ff3d-c235-bf7e8de8e94c, 1306 MiB
2026/09/22 05:07:03.919, 907585, GPU-eeb7d960-135d-5f5e-859f-f7f5efb7136d, 774 MiB
2026/09/22 05:07:03.919, 987850, GPU-eeb7d960-135d-5f5e-859f-f7f5efb7136d, 73700 MiB
2026/09/22 05:07:03.919, 1209359, GPU-d6d9222c-9b57-3843-4d93-d2a40b30ad2b, 49386 MiB
2026/09/22 05:07:03.920, 1981187, GPU-c19b526a-dfb9-68a7-ae04-b68c870482af, 1306 MiB
2026/09/22 05:07:03.920, 1981575, GPU-c19b526a-dfb9-68a7-ae04-b68c870482af, 1278 MiB
2026/09/22 05:07:03.920, 1985001, GPU-c19b526a-dfb9-68a7-ae04-b68c870482af, 1278 MiB
2026/09/22 05:07:03.920, 1985175, GPU-c19b526a-dfb9-68a7-ae04-b68c870482af, 1278 MiB
2026/09/22 05:07:03.920, 1985388, GPU-c19b526a-dfb9-68a7-ae04-b68c870482af, 1278 MiB
2026/09/22 05:07:03.920, 1996354, GPU-c19b526a-dfb9-68a7-ae04-b68c870482af, 1278 MiB
2026/09/22 05:07:03.920, 1996517, GPU-c19b526a-dfb9-68a7-ae04-b68c870482af, 1278 MiB
2026/09/22 05:07:03.920, 1999242, GPU-c19b526a-dfb9-68a7-ae04-b68c870482af, 1278 MiB
2026/09/22 05:07:04.921, 1844380, GPU-833bd1d4-962a-a2a9-e8ee-3f18887d8a40, 69848 MiB
2026/09/22 05:07:04.921, 1852943, GPU-833bd1d4-962a-a2a9-e8ee-3f18887d8a40, 4728 MiB
2026/09/22 05:07:04.923, 902823, GPU-5014660a-ded1-5f90-339b-0e5f9738f416, 774 MiB
2026/09/22 05:07:04.923, 917655, GPU-5014660a-ded1-5f90-339b-0e5f9738f416, 75012 MiB
2026/09/22 05:07:04.924, 1844382, GPU-d70c11ba-69d2-8984-e060-d1284dbbf2e3, 69848 MiB
2026/09/22 05:07:04.924, 1852943, GPU-d70c11ba-69d2-8984-e060-d1284dbbf2e3, 4728 MiB
2026/09/22 05:07:04.924, 137936, GPU-ae2bc357-9c9d-ff3d-c235-bf7e8de8e94c, 1278 MiB
2026/09/22 05:07:04.924, 137983, GPU-ae2bc357-9c9d-ff3d-c235-bf7e8de8e94c, 938 MiB
2026/09/22 05:07:04.924, 138213, GPU-ae2bc357-9c9d-ff3d-c235-bf7e8de8e94c, 938 MiB
2026/09/22 05:07:04.924, 138331, GPU-ae2bc357-9c9d-ff3d-c235-bf7e8de8e94c, 938 MiB
2026/09/22 05:07:04.924, 138526, GPU-ae2bc357-9c9d-ff3d-c235-bf7e8de8e94c, 938 MiB
2026/09/22 05:07:04.924, 138832, GPU-ae2bc357-9c9d-ff3d-c235-bf7e8de8e94c, 1306 MiB
2026/09/22 05:07:04.924, 1827563, GPU-ae2bc357-9c9d-ff3d-c235-bf7e8de8e94c, 1306 MiB
2026/09/22 05:07:04.924, 1827662, GPU-ae2bc357-9c9d-ff3d-c235-bf7e8de8e94c, 1306 MiB
2026/09/22 05:07:04.926, 907585, GPU-eeb7d960-135d-5f5e-859f-f7f5efb7136d, 774 MiB
2026/09/22 05:07:04.926, 987850, GPU-eeb7d960-135d-5f5e-859f-f7f5efb7136d, 73700 MiB
2026/09/22 05:07:04.926, 1209359, GPU-d6d9222c-9b57-3843-4d93-d2a40b30ad2b, 49386 MiB
2026/09/22 05:07:04.927, 1981187, GPU-c19b526a-dfb9-68a7-ae04-b68c870482af, 1306 MiB
2026/09/22 05:07:04.927, 1981575, GPU-c19b526a-dfb9-68a7-ae04-b68c870482af, 1278 MiB
2026/09/22 05:07:04.927, 1985001, GPU-c19b526a-dfb9-68a7-ae04-b68c870482af, 1278 MiB
2026/09/22 05:07:04.927, 1985175, GPU-c19b526a-dfb9-68a7-ae04-b68c870482af, 1278 MiB
2026/09/22 05:07:04.927, 1985388, GPU-c19b526a-dfb9-68a7-ae04-b68c870482af, 1278 MiB
2026/09/22 05:07:04.927, 1996354, GPU-c19b526a-dfb9-68a7-ae04-b68c870482af, 1278 MiB
2026/09/22 05:07:04.927, 1996517, GPU-c19b526a-dfb9-68a7-ae04-b68c870482af, 1278 MiB
2026/09/22 05:07:04.927, 1999242, GPU-c19b526a-dfb9-68a7-ae04-b68c870482af, 1278 MiB
2026/09/22 05:07:05.928, 1844380, GPU-833bd1d4-962a-a2a9-e8ee-3f18887d8a40, 69848 MiB
2026/09/22 05:07:05.928, 1852943, GPU-833bd1d4-962a-a2a9-e8ee-3f18887d8a40, 4728 MiB
2026/09/22 05:07:05.930, 902823, GPU-5014660a-ded1-5f90-339b-0e5f9738f416, 774 MiB
2026/09/22 05:07:05.930, 917655, GPU-5014660a-ded1-5f90-339b-0e5f9738f416, 75012 MiB
2026/09/22 05:07:05.931, 1844382, GPU-d70c11ba-69d2-8984-e060-d1284dbbf2e3, 69848 MiB
2026/09/22 05:07:05.931, 1852943, GPU-d70c11ba-69d2-8984-e060-d1284dbbf2e3, 4728 MiB
2026/09/22 05:07:05.932, 137936, GPU-ae2bc357-9c9d-ff3d-c235-bf7e8de8e94c, 1278 MiB
2026/09/22 05:07:05.932, 137983, GPU-ae2bc357-9c9d-ff3d-c235-bf7e8de8e94c, 938 MiB
2026/09/22 05:07:05.932, 138213, GPU-ae2bc357-9c9d-ff3d-c235-bf7e8de8e94c, 938 MiB
2026/09/22 05:07:05.932, 138331, GPU-ae2bc357-9c9d-ff3d-c235-bf7e8de8e94c, 938 MiB
2026/09/22 05:07:05.932, 138526, GPU-ae2bc357-9c9d-ff3d-c235-bf7e8de8e94c, 938 MiB
2026/09/22 05:07:05.932, 138832, GPU-ae2bc357-9c9d-ff3d-c235-bf7e8de8e94c, 1306 MiB
2026/09/22 05:07:05.932, 1827563, GPU-ae2bc357-9c9d-ff3d-c235-bf7e8de8e94c, 1306 MiB
2026/09/22 05:07:05.932, 1827662, GPU-ae2bc357-9c9d-ff3d-c235-bf7e8de8e94c, 1306 MiB
2026/09/22 05:07:05.933, 907585, GPU-eeb7d960-135d-5f5e-859f-f7f5efb7136d, 774 MiB
2026/09/22 05:07:05.933, 987850, GPU-eeb7d960-135d-5f5e-859f-f7f5efb7136d, 73700 MiB
2026/09/22 05:07:05.934, 1209359, GPU-d6d9222c-9b57-3843-4d93-d2a40b30ad2b, 49386 MiB
2026/09/22 05:07:05.934, 1981187, GPU-c19b526a-dfb9-68a7-ae04-b68c870482af, 1306 MiB
2026/09/22 05:07:05.934, 1981575, GPU-c19b526a-dfb9-68a7-ae04-b68c870482af, 1278 MiB
2026/09/22 05:07:05.934, 1985001, GPU-c19b526a-dfb9-68a7-ae04-b68c870482af, 1278 MiB
2026/09/22 05:07:05.934, 1985175, GPU-c19b526a-dfb9-68a7-ae04-b68c870482af, 1278 MiB
2026/09/22 05:07:05.934, 1985388, GPU-c19b526a-dfb9-68a7-ae04-b68c870482af, 1278 MiB
2026/09/22 05:07:05.934, 1996354, GPU-c19b526a-dfb9-68a7-ae04-b68c870482af, 1278 MiB
2026/09/22 05:07:05.934, 1996517, GPU-c19b526a-dfb9-68a7-ae04-b68c870482af, 1278 MiB
2026/09/22 05:07:05.934, 1999242, GPU-c19b526a-dfb9-68a7-ae04-b68c870482af, 1278 MiB
